pollen,location,from,to,value
Pinus,DEBIED,2018-05-01 00:00:00,2018-05-01 01:00:00,0.0
Poaceae,DEBIED,2018-05-01 00:00:00,2018-05-01 01:00:00,0.0
Pinus,DEBIED,2018-05-01 03:00:00,2018-05-01 04:00:00,0.0
Poaceae,DEBIED,2018-05-01 03:00:00,2018-05-01 04:00:00,0.0
Pinus,DEBIED,2018-05-01 06:00:00,2018-05-01 07:00:00,0.0
Poaceae,DEBIED,2018-05-01 06:00:00,2018-05-01 07:00:00,4.77775475
Pinus,DEBIED,2018-05-01 09:00:00,2018-05-01 10:00:00,0.0
Poaceae,DEBIED,2018-05-01 09:00:00,2018-05-01 10:00:00,4.688450923
Pinus,DEBIED,2018-05-01 12:00:00,2018-05-01 13:00:00,0.0
Poaceae,DEBIED,2018-05-01 12:00:00,2018-05-01 13:00:00,28.6665285
Pinus,DEBIED,2018-05-01 15:00:00,2018-05-01 16:00:00,0.0
Poaceae,DEBIED,2018-05-01 15:00:00,2018-05-01 16:00:00,4.77775475
Pinus,DEBIED,2018-05-01 18:00:00,2018-05-01 19:00:00,0.0
Poaceae,DEBIED,2018-05-01 18:00:00,2018-05-01 19:00:00,0.0
Pinus,DEBIED,2018-05-01 21:00:00,2018-05-01 22:00:00,0.0
Poaceae,DEBIED,2018-05-01 21:00:00,2018-05-01 22:00:00,19.12663258
Pinus,DEBIED,2018-05-02 00:00:00,2018-05-02 01:00:00,0.0
Poaceae,DEBIED,2018-05-02 00:00:00,2018-05-02 01:00:00,4.736548162
Pinus,DEBIED,2018-05-02 03:00:00,2018-05-02 04:00:00,0.0
Poaceae,DEBIED,2018-05-02 03:00:00,2018-05-02 04:00:00,0.0
Pinus,DEBIED,2018-05-02 06:00:00,2018-05-02 07:00:00,0.0
Poaceae,DEBIED,2018-05-02 06:00:00,2018-05-02 07:00:00,4.878491571
Pinus,DEBIED,2018-05-02 09:00:00,2018-05-02 10:00:00,0.0
Poaceae,DEBIED,2018-05-02 09:00:00,2018-05-02 10:00:00,33.12877115
Pinus,DEBIED,2018-05-02 12:00:00,2018-05-02 13:00:00,0.0
Poaceae,DEBIED,2018-05-02 12:00:00,2018-05-02 13:00:00,23.84983525
Pinus,DEBIED,2018-05-02 15:00:00,2018-05-02 16:00:00,0.0
Poaceae,DEBIED,2018-05-02 15:00:00,2018-05-02 16:00:00,33.44428325
Pinus,DEBIED,2018-05-02 18:00:00,2018-05-02 19:00:00,0.0
Poaceae,DEBIED,2018-05-02 18:00:00,2018-05-02 19:00:00,4.77775475
Pinus,DEBIED,2018-05-02 21:00:00,2018-05-02 22:00:00,0.0
Poaceae,DEBIED,2018-05-02 21:00:00,2018-05-02 22:00:00,0.0
Pinus,DEBIED,2018-05-03 00:00:00,2018-05-03 01:00:00,0.0
Poaceae,DEBIED,2018-05-03 00:00:00,2018-05-03 01:00:00,0.0
Pinus,DEBIED,2018-05-03 03:00:00,2018-05-03 04:00:00,0.0
Poaceae,DEBIED,2018-05-03 03:00:00,2018-05-03 04:00:00,14.33326425
Pinus,DEBIED,2018-05-03 06:00:00,2018-05-03 07:00:00,0.0
Poaceae,DEBIED,2018-05-03 06:00:00,2018-05-03 07:00:00,4.827635627
Pinus,DEBIED,2018-05-03 09:00:00,2018-05-03 10:00:00,0.0
Poaceae,DEBIED,2018-05-03 09:00:00,2018-05-03 10:00:00,18.76912543
Pinus,DEBIED,2018-05-03 12:00:00,2018-05-03 13:00:00,0.0
Poaceae,DEBIED,2018-05-03 12:00:00,2018-05-03 13:00:00,4.77775475
Pinus,DEBIED,2018-05-03 15:00:00,2018-05-03 16:00:00,0.0
Poaceae,DEBIED,2018-05-03 15:00:00,2018-05-03 16:00:00,14.34497443
Pinus,DEBIED,2018-05-03 18:00:00,2018-05-03 19:00:00,0.0
Poaceae,DEBIED,2018-05-03 18:00:00,2018-05-03 19:00:00,0.0
Pinus,DEBIED,2018-05-03 21:00:00,2018-05-03 22:00:00,0.0
Poaceae,DEBIED,2018-05-03 21:00:00,2018-05-03 22:00:00,0.0
Pinus,DEBIED,2018-05-04 00:00:00,2018-05-04 01:00:00,0.0
Poaceae,DEBIED,2018-05-04 00:00:00,2018-05-04 01:00:00,19.111019
Pinus,DEBIED,2018-05-04 03:00:00,2018-05-04 04:00:00,0.0
Poaceae,DEBIED,2018-05-04 03:00:00,2018-05-04 04:00:00,0.0
Pinus,DEBIED,2018-05-04 06:00:00,2018-05-04 07:00:00,0.0
Poaceae,DEBIED,2018-05-04 06:00:00,2018-05-04 07:00:00,9.655271254
Pinus,DEBIED,2018-05-04 09:00:00,2018-05-04 10:00:00,0.0
Poaceae,DEBIED,2018-05-04 09:00:00,2018-05-04 10:00:00,37.44647029
Pinus,DEBIED,2018-05-04 12:00:00,2018-05-04 13:00:00,0.0
Poaceae,DEBIED,2018-05-04 12:00:00,2018-05-04 13:00:00,37.83057064
Pinus,DEBIED,2018-05-04 15:00:00,2018-05-04 16:00:00,0.0
Poaceae,DEBIED,2018-05-04 15:00:00,2018-05-04 16:00:00,52.01703463
Pinus,DEBIED,2018-05-04 18:00:00,2018-05-04 19:00:00,0.0
Poaceae,DEBIED,2018-05-04 18:00:00,2018-05-04 19:00:00,28.68994887
Pinus,DEBIED,2018-05-04 21:00:00,2018-05-04 22:00:00,0.0
Poaceae,DEBIED,2018-05-04 21:00:00,2018-05-04 22:00:00,0.0
Pinus,DEBIED,2018-05-05 00:00:00,2018-05-05 01:00:00,0.0
Poaceae,DEBIED,2018-05-05 00:00:00,2018-05-05 01:00:00,9.571135845
Pinus,DEBIED,2018-05-05 03:00:00,2018-05-05 04:00:00,0.0
Poaceae,DEBIED,2018-05-05 03:00:00,2018-05-05 04:00:00,28.6665285
Pinus,DEBIED,2018-05-05 06:00:00,2018-05-05 07:00:00,0.0
Poaceae,DEBIED,2018-05-05 06:00:00,2018-05-05 07:00:00,14.45928061
Pinus,DEBIED,2018-05-05 09:00:00,2018-05-05 10:00:00,0.0
Poaceae,DEBIED,2018-05-05 09:00:00,2018-05-05 10:00:00,85.18826866
Pinus,DEBIED,2018-05-05 12:00:00,2018-05-05 13:00:00,0.0
Poaceae,DEBIED,2018-05-05 12:00:00,2018-05-05 13:00:00,23.90829072
Pinus,DEBIED,2018-05-05 15:00:00,2018-05-05 16:00:00,0.0
Poaceae,DEBIED,2018-05-05 15:00:00,2018-05-05 16:00:00,14.48290688
Pinus,DEBIED,2018-05-05 18:00:00,2018-05-05 19:00:00,0.0
Poaceae,DEBIED,2018-05-05 18:00:00,2018-05-05 19:00:00,28.68994887
Pinus,DEBIED,2018-05-05 21:00:00,2018-05-05 22:00:00,0.0
Poaceae,DEBIED,2018-05-05 21:00:00,2018-05-05 22:00:00,0.0
Pinus,DEBIED,2018-05-06 00:00:00,2018-05-06 01:00:00,0.0
Poaceae,DEBIED,2018-05-06 00:00:00,2018-05-06 01:00:00,0.0
Pinus,DEBIED,2018-05-06 03:00:00,2018-05-06 04:00:00,0.0
Poaceae,DEBIED,2018-05-06 03:00:00,2018-05-06 04:00:00,19.09543089
Pinus,DEBIED,2018-05-06 06:00:00,2018-05-06 07:00:00,0.0
Poaceae,DEBIED,2018-05-06 06:00:00,2018-05-06 07:00:00,14.4710841
Pinus,DEBIED,2018-05-06 09:00:00,2018-05-06 10:00:00,0.0
Poaceae,DEBIED,2018-05-06 09:00:00,2018-05-06 10:00:00,56.26141108
Pinus,DEBIED,2018-05-06 12:00:00,2018-05-06 13:00:00,0.0
Poaceae,DEBIED,2018-05-06 12:00:00,2018-05-06 13:00:00,38.222038
Pinus,DEBIED,2018-05-06 15:00:00,2018-05-06 16:00:00,0.0
Poaceae,DEBIED,2018-05-06 15:00:00,2018-05-06 16:00:00,23.88877375
Pinus,DEBIED,2018-05-06 18:00:00,2018-05-06 19:00:00,0.0
Poaceae,DEBIED,2018-05-06 18:00:00,2018-05-06 19:00:00,14.19804478
Pinus,DEBIED,2018-05-07 09:00:00,2018-05-07 10:00:00,0.0
Poaceae,DEBIED,2018-05-07 09:00:00,2018-05-07 10:00:00,65.53448437
Pinus,DEBIED,2018-05-07 12:00:00,2018-05-07 13:00:00,0.0
Poaceae,DEBIED,2018-05-07 12:00:00,2018-05-07 13:00:00,33.41700407
Pinus,DEBIED,2018-05-07 15:00:00,2018-05-07 16:00:00,0.0
Poaceae,DEBIED,2018-05-07 15:00:00,2018-05-07 16:00:00,33.82108099
Pinus,DEBIED,2018-05-07 18:00:00,2018-05-07 19:00:00,0.0
Poaceae,DEBIED,2018-05-07 18:00:00,2018-05-07 19:00:00,33.12877115
Pinus,DEBIED,2018-05-07 21:00:00,2018-05-07 22:00:00,0.0
Poaceae,DEBIED,2018-05-07 21:00:00,2018-05-07 22:00:00,18.93072637
Pinus,DEBIED,2018-05-08 00:00:00,2018-05-08 01:00:00,0.0
Pinus,DEVIEC,2018-05-08 00:00:00,2018-05-08 01:00:00,0.0
Poaceae,DEBIED,2018-05-08 00:00:00,2018-05-08 01:00:00,18.93072637
Poaceae,DEVIEC,2018-05-08 00:00:00,2018-05-08 01:00:00,4.083856358
Pinus,DEBIED,2018-05-08 03:00:00,2018-05-08 04:00:00,0.0
Poaceae,DEBIED,2018-05-08 03:00:00,2018-05-08 04:00:00,28.37292798
Pinus,DEBIED,2018-05-08 06:00:00,2018-05-08 07:00:00,0.0
Poaceae,DEBIED,2018-05-08 06:00:00,2018-05-08 07:00:00,28.64314634
Pinus,DEBIED,2018-05-08 09:00:00,2018-05-08 10:00:00,0.0
Poaceae,DEBIED,2018-05-08 09:00:00,2018-05-08 10:00:00,56.74585596
Pinus,DEBIED,2018-05-08 12:00:00,2018-05-08 13:00:00,0.0
Poaceae,DEBIED,2018-05-08 12:00:00,2018-05-08 13:00:00,28.39608955
Pinus,DEBIED,2018-05-08 15:00:00,2018-05-08 16:00:00,0.0
Poaceae,DEBIED,2018-05-08 15:00:00,2018-05-08 16:00:00,28.68994887
Pinus,DEBIED,2018-05-08 18:00:00,2018-05-08 19:00:00,0.0
Pinus,DEVIEC,2018-05-08 18:00:00,2018-05-08 19:00:00,456.9061002
Poaceae,DEBIED,2018-05-08 18:00:00,2018-05-08 19:00:00,4.773857724
Poaceae,DEVIEC,2018-05-08 18:00:00,2018-05-08 19:00:00,0.0
Pinus,DEBIED,2018-05-08 21:00:00,2018-05-08 22:00:00,0.0
Pinus,DEVIEC,2018-05-08 21:00:00,2018-05-08 22:00:00,643.1219003
Poaceae,DEBIED,2018-05-08 21:00:00,2018-05-08 22:00:00,19.111019
Poaceae,DEVIEC,2018-05-08 21:00:00,2018-05-08 22:00:00,4.763865928
Pinus,DEBIED,2018-05-09 00:00:00,2018-05-09 01:00:00,0.0
Pinus,DEVIEC,2018-05-09 00:00:00,2018-05-09 01:00:00,424.3788386
Poaceae,DEBIED,2018-05-09 00:00:00,2018-05-09 01:00:00,23.68274081
Poaceae,DEVIEC,2018-05-09 00:00:00,2018-05-09 01:00:00,4.768301558
Pinus,DEBIED,2018-05-09 03:00:00,2018-05-09 04:00:00,0.0
Pinus,DEVIEC,2018-05-09 03:00:00,2018-05-09 04:00:00,276.5614903
Poaceae,DEBIED,2018-05-09 03:00:00,2018-05-09 04:00:00,18.93072637
Poaceae,DEVIEC,2018-05-09 03:00:00,2018-05-09 04:00:00,9.536603115
Pinus,DEBIED,2018-05-09 06:00:00,2018-05-09 07:00:00,0.0
Pinus,DEVIEC,2018-05-09 06:00:00,2018-05-09 07:00:00,106.680645
Poaceae,DEBIED,2018-05-09 06:00:00,2018-05-09 07:00:00,4.77775475
Poaceae,DEVIEC,2018-05-09 06:00:00,2018-05-09 07:00:00,4.849120228
Pinus,DEVIEC,2018-05-09 09:00:00,2018-05-09 10:00:00,190.5546371
Poaceae,DEVIEC,2018-05-09 09:00:00,2018-05-09 10:00:00,33.3470615
Pinus,DEBIED,2018-05-09 12:00:00,2018-05-09 13:00:00,0.0
Pinus,DEVIEC,2018-05-09 12:00:00,2018-05-09 13:00:00,185.9637608
Poaceae,DEBIED,2018-05-09 12:00:00,2018-05-09 13:00:00,33.73832141
Poaceae,DEVIEC,2018-05-09 12:00:00,2018-05-09 13:00:00,9.536603115
Pinus,DEBIED,2018-05-09 15:00:00,2018-05-09 16:00:00,0.0
Pinus,DEVIEC,2018-05-09 15:00:00,2018-05-09 16:00:00,228.6655646
Poaceae,DEBIED,2018-05-09 15:00:00,2018-05-09 16:00:00,19.09543089
Poaceae,DEVIEC,2018-05-09 15:00:00,2018-05-09 16:00:00,4.763865928
Pinus,DEBIED,2018-05-09 18:00:00,2018-05-09 19:00:00,0.0
Pinus,DEVIEC,2018-05-09 18:00:00,2018-05-09 19:00:00,524.0252521
Poaceae,DEBIED,2018-05-09 18:00:00,2018-05-09 19:00:00,9.547715447
Poaceae,DEVIEC,2018-05-09 18:00:00,2018-05-09 19:00:00,0.0
Pinus,DEBIED,2018-05-09 21:00:00,2018-05-09 22:00:00,0.0
Pinus,DEVIEC,2018-05-09 21:00:00,2018-05-09 22:00:00,267.0248872
Poaceae,DEBIED,2018-05-09 21:00:00,2018-05-09 22:00:00,0.0
Poaceae,DEVIEC,2018-05-09 21:00:00,2018-05-09 22:00:00,0.0
Pinus,DEBIED,2018-05-10 00:00:00,2018-05-10 01:00:00,0.0
Pinus,DEVIEC,2018-05-10 00:00:00,2018-05-10 01:00:00,28.58319557
Poaceae,DEBIED,2018-05-10 00:00:00,2018-05-10 01:00:00,4.77775475
Poaceae,DEVIEC,2018-05-10 00:00:00,2018-05-10 01:00:00,0.0
Pinus,DEBIED,2018-05-10 03:00:00,2018-05-10 04:00:00,0.0
Pinus,DEVIEC,2018-05-10 03:00:00,2018-05-10 04:00:00,99.94820942
Poaceae,DEBIED,2018-05-10 03:00:00,2018-05-10 04:00:00,9.563316289
Poaceae,DEVIEC,2018-05-10 03:00:00,2018-05-10 04:00:00,0.0
Pinus,DEBIED,2018-05-10 06:00:00,2018-05-10 07:00:00,0.0
Pinus,DEVIEC,2018-05-10 06:00:00,2018-05-10 07:00:00,138.0237178
Poaceae,DEBIED,2018-05-10 06:00:00,2018-05-10 07:00:00,9.563316289
Poaceae,DEVIEC,2018-05-10 06:00:00,2018-05-10 07:00:00,0.0
Pinus,DEBIED,2018-05-10 09:00:00,2018-05-10 10:00:00,0.0
Pinus,DEVIEC,2018-05-10 09:00:00,2018-05-10 10:00:00,200.082369
Poaceae,DEBIED,2018-05-10 09:00:00,2018-05-10 10:00:00,0.0
Poaceae,DEVIEC,2018-05-10 09:00:00,2018-05-10 10:00:00,47.63865928
Pinus,DEBIED,2018-05-10 12:00:00,2018-05-10 13:00:00,0.0
Pinus,DEVIEC,2018-05-10 12:00:00,2018-05-10 13:00:00,200.4553091
Poaceae,DEBIED,2018-05-10 12:00:00,2018-05-10 13:00:00,42.59413433
Poaceae,DEVIEC,2018-05-10 12:00:00,2018-05-10 13:00:00,9.54549091
Pinus,DEBIED,2018-05-10 15:00:00,2018-05-10 16:00:00,0.0
Pinus,DEVIEC,2018-05-10 15:00:00,2018-05-10 16:00:00,333.781109
Poaceae,DEBIED,2018-05-10 15:00:00,2018-05-10 16:00:00,18.93072637
Poaceae,DEVIEC,2018-05-10 15:00:00,2018-05-10 16:00:00,4.768301558
Pinus,DEBIED,2018-05-10 18:00:00,2018-05-10 19:00:00,0.0
Pinus,DEVIEC,2018-05-10 18:00:00,2018-05-10 19:00:00,658.025615
Poaceae,DEBIED,2018-05-10 18:00:00,2018-05-10 19:00:00,0.0
Poaceae,DEVIEC,2018-05-10 18:00:00,2018-05-10 19:00:00,4.768301558
Pinus,DEBIED,2018-05-10 21:00:00,2018-05-10 22:00:00,0.0
Pinus,DEVIEC,2018-05-10 21:00:00,2018-05-10 22:00:00,391.3651273
Poaceae,DEBIED,2018-05-10 21:00:00,2018-05-10 22:00:00,14.33326425
Poaceae,DEVIEC,2018-05-10 21:00:00,2018-05-10 22:00:00,4.772745455
Pinus,DEBIED,2018-05-11 00:00:00,2018-05-11 01:00:00,0.0
Pinus,DEVIEC,2018-05-11 00:00:00,2018-05-11 01:00:00,143.0490467
Poaceae,DEBIED,2018-05-11 00:00:00,2018-05-11 01:00:00,4.732681592
Poaceae,DEVIEC,2018-05-11 00:00:00,2018-05-11 01:00:00,9.536603115
Pinus,DEBIED,2018-05-11 03:00:00,2018-05-11 04:00:00,0.0
Pinus,DEVIEC,2018-05-11 03:00:00,2018-05-11 04:00:00,52.45131713
Poaceae,DEBIED,2018-05-11 03:00:00,2018-05-11 04:00:00,0.0
Poaceae,DEVIEC,2018-05-11 03:00:00,2018-05-11 04:00:00,52.45131713
Pinus,DEBIED,2018-05-11 06:00:00,2018-05-11 07:00:00,0.0
Pinus,DEVIEC,2018-05-11 06:00:00,2018-05-11 07:00:00,42.87479336
Poaceae,DEBIED,2018-05-11 06:00:00,2018-05-11 07:00:00,14.33326425
Poaceae,DEVIEC,2018-05-11 06:00:00,2018-05-11 07:00:00,4.763865928
Pinus,DEBIED,2018-05-11 09:00:00,2018-05-11 10:00:00,0.0
Pinus,DEVIEC,2018-05-11 09:00:00,2018-05-11 10:00:00,23.84150779
Poaceae,DEBIED,2018-05-11 09:00:00,2018-05-11 10:00:00,23.24417154
Poaceae,DEVIEC,2018-05-11 09:00:00,2018-05-11 10:00:00,23.84150779
Pinus,DEVIEC,2018-05-11 12:00:00,2018-05-11 13:00:00,104.8050504
Poaceae,DEVIEC,2018-05-11 12:00:00,2018-05-11 13:00:00,38.11092743
Pinus,DEVIEC,2018-05-11 15:00:00,2018-05-11 16:00:00,219.1378327
Poaceae,DEVIEC,2018-05-11 15:00:00,2018-05-11 16:00:00,0.0
Pinus,DEVIEC,2018-05-11 18:00:00,2018-05-11 19:00:00,428.3494689
Poaceae,DEVIEC,2018-05-11 18:00:00,2018-05-11 19:00:00,14.27831563
Pinus,DEVIEC,2018-05-11 21:00:00,2018-05-11 22:00:00,457.3311291
Poaceae,DEVIEC,2018-05-11 21:00:00,2018-05-11 22:00:00,0.0
Pinus,DEVIEC,2018-05-12 00:00:00,2018-05-12 01:00:00,367.1592199
Poaceae,DEVIEC,2018-05-12 00:00:00,2018-05-12 01:00:00,4.768301558
Pinus,DEVIEC,2018-05-12 03:00:00,2018-05-12 04:00:00,195.3185031
Poaceae,DEVIEC,2018-05-12 03:00:00,2018-05-12 04:00:00,4.763865928
Pinus,DEVIEC,2018-05-12 06:00:00,2018-05-12 07:00:00,219.3418717
Poaceae,DEVIEC,2018-05-12 06:00:00,2018-05-12 07:00:00,4.768301558
Pinus,DEVIEC,2018-05-12 09:00:00,2018-05-12 10:00:00,135.7753664
Poaceae,DEVIEC,2018-05-12 09:00:00,2018-05-12 10:00:00,48.49120228
Pinus,DEVIEC,2018-05-12 12:00:00,2018-05-12 13:00:00,352.8543153
Poaceae,DEVIEC,2018-05-12 12:00:00,2018-05-12 13:00:00,9.536603115
Pinus,DEVIEC,2018-05-12 15:00:00,2018-05-12 16:00:00,314.4151513
Poaceae,DEVIEC,2018-05-12 15:00:00,2018-05-12 16:00:00,9.527731857
Pinus,DEVIEC,2018-05-12 18:00:00,2018-05-12 19:00:00,262.2565857
Poaceae,DEVIEC,2018-05-12 18:00:00,2018-05-12 19:00:00,4.768301558
Pinus,DEVIEC,2018-05-12 21:00:00,2018-05-12 22:00:00,281.3297919
Poaceae,DEVIEC,2018-05-12 21:00:00,2018-05-12 22:00:00,4.768301558
Pinus,DEVIEC,2018-05-13 00:00:00,2018-05-13 01:00:00,133.2642792
Poaceae,DEVIEC,2018-05-13 00:00:00,2018-05-13 01:00:00,4.759438544
Pinus,DEVIEC,2018-05-13 03:00:00,2018-05-13 04:00:00,24.01949208
Poaceae,DEVIEC,2018-05-13 03:00:00,2018-05-13 04:00:00,0.0
Pinus,DEVIEC,2018-05-13 06:00:00,2018-05-13 07:00:00,47.63865928
Poaceae,DEVIEC,2018-05-13 06:00:00,2018-05-13 07:00:00,19.05546371
Pinus,DEVIEC,2018-05-13 09:00:00,2018-05-13 10:00:00,123.7454021
Poaceae,DEVIEC,2018-05-13 09:00:00,2018-05-13 10:00:00,66.63213961
Pinus,DEVIEC,2018-05-13 12:00:00,2018-05-13 13:00:00,205.036967
Poaceae,DEVIEC,2018-05-13 12:00:00,2018-05-13 13:00:00,23.84150779
Pinus,DEVIEC,2018-05-13 15:00:00,2018-05-13 16:00:00,376.6958231
Poaceae,DEVIEC,2018-05-13 15:00:00,2018-05-13 16:00:00,4.768301558
Pinus,DEVIEC,2018-05-13 18:00:00,2018-05-13 19:00:00,333.470615
Poaceae,DEVIEC,2018-05-13 18:00:00,2018-05-13 19:00:00,4.763865928
Pinus,DEVIEC,2018-05-13 21:00:00,2018-05-13 22:00:00,395.7690293
Poaceae,DEVIEC,2018-05-13 21:00:00,2018-05-13 22:00:00,4.768301558
Pinus,DEVIEC,2018-05-14 00:00:00,2018-05-14 01:00:00,261.5260659
Poaceae,DEVIEC,2018-05-14 00:00:00,2018-05-14 01:00:00,14.26505814
Pinus,DEVIEC,2018-05-14 03:00:00,2018-05-14 04:00:00,85.82942804
Poaceae,DEVIEC,2018-05-14 03:00:00,2018-05-14 04:00:00,9.536603115
Pinus,DEVIEC,2018-05-14 06:00:00,2018-05-14 07:00:00,61.93025707
Poaceae,DEVIEC,2018-05-14 06:00:00,2018-05-14 07:00:00,9.527731857
Pinus,DEVIEC,2018-05-14 09:00:00,2018-05-14 10:00:00,80.98572078
Poaceae,DEVIEC,2018-05-14 09:00:00,2018-05-14 10:00:00,71.45798893
Pinus,DEBIED,2018-05-14 12:00:00,2018-05-14 13:00:00,0.0
Pinus,DEVIEC,2018-05-14 12:00:00,2018-05-14 13:00:00,310.2284546
Poaceae,DEBIED,2018-05-14 12:00:00,2018-05-14 13:00:00,26.97119617
Poaceae,DEVIEC,2018-05-14 12:00:00,2018-05-14 13:00:00,4.772745455
Pinus,DEBIED,2018-05-14 15:00:00,2018-05-14 16:00:00,0.0
Pinus,DEVIEC,2018-05-14 15:00:00,2018-05-14 16:00:00,337.9201366
Poaceae,DEBIED,2018-05-14 15:00:00,2018-05-14 16:00:00,90.77734026
Poaceae,DEVIEC,2018-05-14 15:00:00,2018-05-14 16:00:00,9.518877087
Pinus,DEBIED,2018-05-14 18:00:00,2018-05-14 19:00:00,0.0
Pinus,DEVIEC,2018-05-14 18:00:00,2018-05-14 19:00:00,358.501097
Poaceae,DEBIED,2018-05-14 18:00:00,2018-05-14 19:00:00,71.66632125
Poaceae,DEVIEC,2018-05-14 18:00:00,2018-05-14 19:00:00,4.844609419
Pinus,DEBIED,2018-05-14 21:00:00,2018-05-14 22:00:00,0.0
Pinus,DEVIEC,2018-05-14 21:00:00,2018-05-14 22:00:00,162.122253
Poaceae,DEBIED,2018-05-14 21:00:00,2018-05-14 22:00:00,47.36548162
Poaceae,DEVIEC,2018-05-14 21:00:00,2018-05-14 22:00:00,4.768301558
Pinus,DEBIED,2018-05-15 00:00:00,2018-05-15 01:00:00,0.0
Pinus,DEVIEC,2018-05-15 00:00:00,2018-05-15 01:00:00,57.21961869
Poaceae,DEBIED,2018-05-15 00:00:00,2018-05-15 01:00:00,14.32157317
Poaceae,DEVIEC,2018-05-15 00:00:00,2018-05-15 01:00:00,14.30490467
Pinus,DEBIED,2018-05-15 03:00:00,2018-05-15 04:00:00,0.0
Pinus,DEVIEC,2018-05-15 03:00:00,2018-05-15 04:00:00,104.707648
Poaceae,DEBIED,2018-05-15 03:00:00,2018-05-15 04:00:00,19.09543089
Poaceae,DEVIEC,2018-05-15 03:00:00,2018-05-15 04:00:00,14.27831563
Pinus,DEBIED,2018-05-15 06:00:00,2018-05-15 07:00:00,0.0
Pinus,DEVIEC,2018-05-15 06:00:00,2018-05-15 07:00:00,100.1343327
Poaceae,DEBIED,2018-05-15 06:00:00,2018-05-15 07:00:00,62.11081175
Poaceae,DEVIEC,2018-05-15 06:00:00,2018-05-15 07:00:00,14.30490467
Pinus,DEBIED,2018-05-15 09:00:00,2018-05-15 10:00:00,0.0
Pinus,DEVIEC,2018-05-15 09:00:00,2018-05-15 10:00:00,90.5977296
Poaceae,DEBIED,2018-05-15 09:00:00,2018-05-15 10:00:00,62.06015041
Poaceae,DEVIEC,2018-05-15 09:00:00,2018-05-15 10:00:00,71.52452337
Pinus,DEBIED,2018-05-15 12:00:00,2018-05-15 13:00:00,0.0
Pinus,DEVIEC,2018-05-15 12:00:00,2018-05-15 13:00:00,66.694123
Poaceae,DEBIED,2018-05-15 12:00:00,2018-05-15 13:00:00,14.34497443
Poaceae,DEVIEC,2018-05-15 12:00:00,2018-05-15 13:00:00,14.29159779
Pinus,DEBIED,2018-05-15 15:00:00,2018-05-15 16:00:00,0.0
Pinus,DEVIEC,2018-05-15 15:00:00,2018-05-15 16:00:00,76.29282492
Poaceae,DEBIED,2018-05-15 15:00:00,2018-05-15 16:00:00,14.34497443
Poaceae,DEVIEC,2018-05-15 15:00:00,2018-05-15 16:00:00,14.30490467
Pinus,DEBIED,2018-05-15 18:00:00,2018-05-15 19:00:00,0.0
Pinus,DEVIEC,2018-05-15 18:00:00,2018-05-15 19:00:00,95.36603115
Poaceae,DEBIED,2018-05-15 18:00:00,2018-05-15 19:00:00,14.32157317
Poaceae,DEVIEC,2018-05-15 18:00:00,2018-05-15 19:00:00,0.0
Pinus,DEBIED,2018-05-15 21:00:00,2018-05-15 22:00:00,0.0
Pinus,DEVIEC,2018-05-15 21:00:00,2018-05-15 22:00:00,23.81932964
Poaceae,DEBIED,2018-05-15 21:00:00,2018-05-15 22:00:00,0.0
Poaceae,DEVIEC,2018-05-15 21:00:00,2018-05-15 22:00:00,0.0
Pinus,DEBIED,2018-05-16 00:00:00,2018-05-16 01:00:00,0.0
Pinus,DEVIEC,2018-05-16 00:00:00,2018-05-16 01:00:00,23.84150779
Poaceae,DEBIED,2018-05-16 00:00:00,2018-05-16 01:00:00,0.0
Poaceae,DEVIEC,2018-05-16 00:00:00,2018-05-16 01:00:00,0.0
Pinus,DEBIED,2018-05-16 03:00:00,2018-05-16 04:00:00,0.0
Pinus,DEVIEC,2018-05-16 03:00:00,2018-05-16 04:00:00,33.3470615
Poaceae,DEBIED,2018-05-16 03:00:00,2018-05-16 04:00:00,9.547715447
Poaceae,DEVIEC,2018-05-16 03:00:00,2018-05-16 04:00:00,0.0
Pinus,DEBIED,2018-05-16 06:00:00,2018-05-16 07:00:00,0.0
Pinus,DEVIEC,2018-05-16 06:00:00,2018-05-16 07:00:00,14.29159779
Poaceae,DEBIED,2018-05-16 06:00:00,2018-05-16 07:00:00,0.0
Poaceae,DEVIEC,2018-05-16 06:00:00,2018-05-16 07:00:00,0.0
Pinus,DEBIED,2018-05-16 09:00:00,2018-05-16 10:00:00,0.0
Pinus,DEVIEC,2018-05-16 09:00:00,2018-05-16 10:00:00,38.07550835
Poaceae,DEBIED,2018-05-16 09:00:00,2018-05-16 10:00:00,0.0
Poaceae,DEVIEC,2018-05-16 09:00:00,2018-05-16 10:00:00,0.0
Pinus,DEBIED,2018-05-16 12:00:00,2018-05-16 13:00:00,0.0
Pinus,DEVIEC,2018-05-16 12:00:00,2018-05-16 13:00:00,23.81932964
Poaceae,DEBIED,2018-05-16 12:00:00,2018-05-16 13:00:00,0.0
Poaceae,DEVIEC,2018-05-16 12:00:00,2018-05-16 13:00:00,9.527731857
Pinus,DEBIED,2018-05-16 15:00:00,2018-05-16 16:00:00,0.0
Pinus,DEVIEC,2018-05-16 15:00:00,2018-05-16 16:00:00,23.81932964
Poaceae,DEBIED,2018-05-16 15:00:00,2018-05-16 16:00:00,0.0
Poaceae,DEVIEC,2018-05-16 15:00:00,2018-05-16 16:00:00,0.0
Pinus,DEBIED,2018-05-16 18:00:00,2018-05-16 19:00:00,0.0
Pinus,DEVIEC,2018-05-16 18:00:00,2018-05-16 19:00:00,4.759438544
Poaceae,DEBIED,2018-05-16 18:00:00,2018-05-16 19:00:00,0.0
Poaceae,DEVIEC,2018-05-16 18:00:00,2018-05-16 19:00:00,0.0
Pinus,DEBIED,2018-05-16 21:00:00,2018-05-16 22:00:00,0.0
Pinus,DEVIEC,2018-05-16 21:00:00,2018-05-16 22:00:00,0.0
Poaceae,DEBIED,2018-05-16 21:00:00,2018-05-16 22:00:00,0.0
Poaceae,DEVIEC,2018-05-16 21:00:00,2018-05-16 22:00:00,0.0
Pinus,DEBIED,2018-05-17 00:00:00,2018-05-17 01:00:00,0.0
Pinus,DEVIEC,2018-05-17 00:00:00,2018-05-17 01:00:00,4.768301558
Poaceae,DEBIED,2018-05-17 00:00:00,2018-05-17 01:00:00,0.0
Poaceae,DEVIEC,2018-05-17 00:00:00,2018-05-17 01:00:00,0.0
Pinus,DEBIED,2018-05-17 03:00:00,2018-05-17 04:00:00,0.0
Pinus,DEVIEC,2018-05-17 03:00:00,2018-05-17 04:00:00,19.05546371
Poaceae,DEBIED,2018-05-17 03:00:00,2018-05-17 04:00:00,0.0
Poaceae,DEVIEC,2018-05-17 03:00:00,2018-05-17 04:00:00,0.0
Pinus,DEBIED,2018-05-17 06:00:00,2018-05-17 07:00:00,0.0
Pinus,DEVIEC,2018-05-17 06:00:00,2018-05-17 07:00:00,9.527731857
Poaceae,DEBIED,2018-05-17 06:00:00,2018-05-17 07:00:00,0.0
Poaceae,DEVIEC,2018-05-17 06:00:00,2018-05-17 07:00:00,0.0
Pinus,DEBIED,2018-05-17 09:00:00,2018-05-17 10:00:00,0.0
Pinus,DEVIEC,2018-05-17 09:00:00,2018-05-17 10:00:00,4.763865928
Poaceae,DEBIED,2018-05-17 09:00:00,2018-05-17 10:00:00,4.692281357
Poaceae,DEVIEC,2018-05-17 09:00:00,2018-05-17 10:00:00,4.763865928
Pinus,DEBIED,2018-05-17 12:00:00,2018-05-17 13:00:00,0.0
Pinus,DEVIEC,2018-05-17 12:00:00,2018-05-17 13:00:00,14.30490467
Poaceae,DEBIED,2018-05-17 12:00:00,2018-05-17 13:00:00,4.773857724
Poaceae,DEVIEC,2018-05-17 12:00:00,2018-05-17 13:00:00,0.0
Pinus,DEBIED,2018-05-17 15:00:00,2018-05-17 16:00:00,0.0
Pinus,DEVIEC,2018-05-17 15:00:00,2018-05-17 16:00:00,42.87479336
Poaceae,DEBIED,2018-05-17 15:00:00,2018-05-17 16:00:00,4.72882133
Poaceae,DEVIEC,2018-05-17 15:00:00,2018-05-17 16:00:00,0.0
Pinus,DEBIED,2018-05-17 18:00:00,2018-05-17 19:00:00,0.0
Pinus,DEVIEC,2018-05-17 18:00:00,2018-05-17 19:00:00,76.22185485
Poaceae,DEBIED,2018-05-17 18:00:00,2018-05-17 19:00:00,0.0
Poaceae,DEVIEC,2018-05-17 18:00:00,2018-05-17 19:00:00,19.05546371
Pinus,DEBIED,2018-05-17 21:00:00,2018-05-17 22:00:00,0.0
Pinus,DEVIEC,2018-05-17 21:00:00,2018-05-17 22:00:00,47.63865928
Poaceae,DEBIED,2018-05-17 21:00:00,2018-05-17 22:00:00,9.473096324
Poaceae,DEVIEC,2018-05-17 21:00:00,2018-05-17 22:00:00,0.0
Pinus,DEBIED,2018-05-18 00:00:00,2018-05-18 01:00:00,0.0
Pinus,DEVIEC,2018-05-18 00:00:00,2018-05-18 01:00:00,100.0411845
Poaceae,DEBIED,2018-05-18 00:00:00,2018-05-18 01:00:00,4.736548162
Poaceae,DEVIEC,2018-05-18 00:00:00,2018-05-18 01:00:00,4.763865928
Pinus,DEBIED,2018-05-18 03:00:00,2018-05-18 04:00:00,0.0
Pinus,DEVIEC,2018-05-18 03:00:00,2018-05-18 04:00:00,57.16639114
Poaceae,DEBIED,2018-05-18 03:00:00,2018-05-18 04:00:00,18.93072637
Poaceae,DEVIEC,2018-05-18 03:00:00,2018-05-18 04:00:00,4.763865928
Pinus,DEBIED,2018-05-18 06:00:00,2018-05-18 07:00:00,0.0
Pinus,DEVIEC,2018-05-18 06:00:00,2018-05-18 07:00:00,38.18196364
Poaceae,DEBIED,2018-05-18 06:00:00,2018-05-18 07:00:00,4.785567922
Poaceae,DEVIEC,2018-05-18 06:00:00,2018-05-18 07:00:00,23.86372727
Pinus,DEBIED,2018-05-18 09:00:00,2018-05-18 10:00:00,0.0
Pinus,DEVIEC,2018-05-18 09:00:00,2018-05-18 10:00:00,52.45131713
Poaceae,DEBIED,2018-05-18 09:00:00,2018-05-18 10:00:00,28.15368814
Poaceae,DEVIEC,2018-05-18 09:00:00,2018-05-18 10:00:00,104.9026343
Pinus,DEBIED,2018-05-18 12:00:00,2018-05-18 13:00:00,0.0
Pinus,DEVIEC,2018-05-18 12:00:00,2018-05-18 13:00:00,176.4271576
Poaceae,DEBIED,2018-05-18 12:00:00,2018-05-18 13:00:00,66.31167427
Poaceae,DEVIEC,2018-05-18 12:00:00,2018-05-18 13:00:00,19.07320623
Pinus,DEBIED,2018-05-18 15:00:00,2018-05-18 16:00:00,0.0
Pinus,DEVIEC,2018-05-18 15:00:00,2018-05-18 16:00:00,176.4271576
Poaceae,DEBIED,2018-05-18 15:00:00,2018-05-18 16:00:00,61.57512611
Poaceae,DEVIEC,2018-05-18 15:00:00,2018-05-18 16:00:00,61.98792025
Pinus,DEBIED,2018-05-18 18:00:00,2018-05-18 19:00:00,0.0
Pinus,DEVIEC,2018-05-18 18:00:00,2018-05-18 19:00:00,133.5124436
Poaceae,DEBIED,2018-05-18 18:00:00,2018-05-18 19:00:00,175.252282
Poaceae,DEVIEC,2018-05-18 18:00:00,2018-05-18 19:00:00,57.21961869
Pinus,DEBIED,2018-05-18 21:00:00,2018-05-18 22:00:00,0.0
Pinus,DEVIEC,2018-05-18 21:00:00,2018-05-18 22:00:00,52.40252521
Poaceae,DEBIED,2018-05-18 21:00:00,2018-05-18 22:00:00,99.38631344
Poaceae,DEVIEC,2018-05-18 21:00:00,2018-05-18 22:00:00,9.527731857
Pinus,DEBIED,2018-05-19 00:00:00,2018-05-19 01:00:00,0.0
Pinus,DEVIEC,2018-05-19 00:00:00,2018-05-19 01:00:00,66.63213961
Poaceae,DEBIED,2018-05-19 00:00:00,2018-05-19 01:00:00,42.62893346
Poaceae,DEVIEC,2018-05-19 00:00:00,2018-05-19 01:00:00,9.518877087
Pinus,DEBIED,2018-05-19 03:00:00,2018-05-19 04:00:00,0.0
Pinus,DEVIEC,2018-05-19 03:00:00,2018-05-19 04:00:00,23.81932964
Poaceae,DEBIED,2018-05-19 03:00:00,2018-05-19 04:00:00,18.93072637
Poaceae,DEVIEC,2018-05-19 03:00:00,2018-05-19 04:00:00,4.763865928
Pinus,DEBIED,2018-05-19 06:00:00,2018-05-19 07:00:00,0.0
Pinus,DEVIEC,2018-05-19 06:00:00,2018-05-19 07:00:00,28.60980935
Poaceae,DEBIED,2018-05-19 06:00:00,2018-05-19 07:00:00,85.92943902
Poaceae,DEVIEC,2018-05-19 06:00:00,2018-05-19 07:00:00,66.75622181
Pinus,DEBIED,2018-05-19 09:00:00,2018-05-19 10:00:00,0.0
Pinus,DEVIEC,2018-05-19 09:00:00,2018-05-19 10:00:00,76.36392728
Poaceae,DEBIED,2018-05-19 09:00:00,2018-05-19 10:00:00,139.4650292
Poaceae,DEVIEC,2018-05-19 09:00:00,2018-05-19 10:00:00,95.4549091
Pinus,DEBIED,2018-05-19 12:00:00,2018-05-19 13:00:00,0.0
Pinus,DEVIEC,2018-05-19 12:00:00,2018-05-19 13:00:00,61.87270107
Poaceae,DEBIED,2018-05-19 12:00:00,2018-05-19 13:00:00,231.901398
Poaceae,DEVIEC,2018-05-19 12:00:00,2018-05-19 13:00:00,23.79719272
Pinus,DEBIED,2018-05-19 15:00:00,2018-05-19 16:00:00,0.0
Pinus,DEVIEC,2018-05-19 15:00:00,2018-05-19 16:00:00,57.21961869
Poaceae,DEBIED,2018-05-19 15:00:00,2018-05-19 16:00:00,94.5764266
Poaceae,DEVIEC,2018-05-19 15:00:00,2018-05-19 16:00:00,9.536603115
Pinus,DEBIED,2018-05-19 18:00:00,2018-05-19 19:00:00,0.0
Pinus,DEVIEC,2018-05-19 18:00:00,2018-05-19 19:00:00,38.11092743
Poaceae,DEBIED,2018-05-19 18:00:00,2018-05-19 19:00:00,56.74585596
Poaceae,DEVIEC,2018-05-19 18:00:00,2018-05-19 19:00:00,0.0
Pinus,DEBIED,2018-05-19 21:00:00,2018-05-19 22:00:00,0.0
Pinus,DEVIEC,2018-05-19 21:00:00,2018-05-19 22:00:00,71.45798893
Poaceae,DEBIED,2018-05-19 21:00:00,2018-05-19 22:00:00,0.0
Poaceae,DEVIEC,2018-05-19 21:00:00,2018-05-19 22:00:00,19.05546371
Pinus,DEBIED,2018-05-20 00:00:00,2018-05-20 01:00:00,0.0
Pinus,DEVIEC,2018-05-20 00:00:00,2018-05-20 01:00:00,47.68301558
Poaceae,DEBIED,2018-05-20 00:00:00,2018-05-20 01:00:00,0.0
Poaceae,DEVIEC,2018-05-20 00:00:00,2018-05-20 01:00:00,9.536603115
Pinus,DEBIED,2018-05-20 03:00:00,2018-05-20 04:00:00,0.0
Pinus,DEVIEC,2018-05-20 03:00:00,2018-05-20 04:00:00,9.527731857
Poaceae,DEBIED,2018-05-20 03:00:00,2018-05-20 04:00:00,0.0
Poaceae,DEVIEC,2018-05-20 03:00:00,2018-05-20 04:00:00,4.763865928
Pinus,DEBIED,2018-05-20 06:00:00,2018-05-20 07:00:00,0.0
Pinus,DEVIEC,2018-05-20 06:00:00,2018-05-20 07:00:00,4.763865928
Poaceae,DEBIED,2018-05-20 06:00:00,2018-05-20 07:00:00,9.555509501
Poaceae,DEVIEC,2018-05-20 06:00:00,2018-05-20 07:00:00,9.527731857
Pinus,DEBIED,2018-05-20 09:00:00,2018-05-20 10:00:00,0.0
Pinus,DEVIEC,2018-05-20 09:00:00,2018-05-20 10:00:00,100.0411845
Poaceae,DEBIED,2018-05-20 09:00:00,2018-05-20 10:00:00,55.74047209
Poaceae,DEVIEC,2018-05-20 09:00:00,2018-05-20 10:00:00,61.93025707
Pinus,DEBIED,2018-05-20 12:00:00,2018-05-20 13:00:00,0.0
Pinus,DEVIEC,2018-05-20 12:00:00,2018-05-20 13:00:00,267.0248872
Poaceae,DEBIED,2018-05-20 12:00:00,2018-05-20 13:00:00,81.28818846
Poaceae,DEVIEC,2018-05-20 12:00:00,2018-05-20 13:00:00,9.536603115
Pinus,DEBIED,2018-05-20 15:00:00,2018-05-20 16:00:00,0.0
Pinus,DEVIEC,2018-05-20 15:00:00,2018-05-20 16:00:00,185.9637608
Poaceae,DEBIED,2018-05-20 15:00:00,2018-05-20 16:00:00,104.118995
Poaceae,DEVIEC,2018-05-20 15:00:00,2018-05-20 16:00:00,66.75622181
Pinus,DEBIED,2018-05-20 18:00:00,2018-05-20 19:00:00,0.0
Pinus,DEVIEC,2018-05-20 18:00:00,2018-05-20 19:00:00,205.2280546
Poaceae,DEBIED,2018-05-20 18:00:00,2018-05-20 19:00:00,141.9804478
Poaceae,DEVIEC,2018-05-20 18:00:00,2018-05-20 19:00:00,19.09098182
Pinus,DEBIED,2018-05-20 21:00:00,2018-05-20 22:00:00,0.0
Pinus,DEVIEC,2018-05-20 21:00:00,2018-05-20 22:00:00,66.694123
Poaceae,DEBIED,2018-05-20 21:00:00,2018-05-20 22:00:00,33.10174931
Poaceae,DEVIEC,2018-05-20 21:00:00,2018-05-20 22:00:00,28.58319557
Pinus,DEBIED,2018-05-21 00:00:00,2018-05-21 01:00:00,0.0
Pinus,DEVIEC,2018-05-21 00:00:00,2018-05-21 01:00:00,76.22185485
Poaceae,DEBIED,2018-05-21 00:00:00,2018-05-21 01:00:00,47.36548162
Poaceae,DEVIEC,2018-05-21 00:00:00,2018-05-21 01:00:00,57.16639114
Pinus,DEBIED,2018-05-21 03:00:00,2018-05-21 04:00:00,0.0
Pinus,DEVIEC,2018-05-21 03:00:00,2018-05-21 04:00:00,57.21961869
Poaceae,DEBIED,2018-05-21 03:00:00,2018-05-21 04:00:00,56.74585596
Poaceae,DEVIEC,2018-05-21 03:00:00,2018-05-21 04:00:00,52.45131713
Pinus,DEBIED,2018-05-21 06:00:00,2018-05-21 07:00:00,0.0
Pinus,DEVIEC,2018-05-21 06:00:00,2018-05-21 07:00:00,23.79719272
Poaceae,DEBIED,2018-05-21 06:00:00,2018-05-21 07:00:00,99.46751141
Poaceae,DEVIEC,2018-05-21 06:00:00,2018-05-21 07:00:00,152.3020334
Pinus,DEBIED,2018-05-21 09:00:00,2018-05-21 10:00:00,0.0
Pinus,DEVIEC,2018-05-21 09:00:00,2018-05-21 10:00:00,57.16639114
Poaceae,DEBIED,2018-05-21 09:00:00,2018-05-21 10:00:00,89.08056754
Poaceae,DEVIEC,2018-05-21 09:00:00,2018-05-21 10:00:00,176.2630393
Pinus,DEBIED,2018-05-21 12:00:00,2018-05-21 13:00:00,0.0
Pinus,DEVIEC,2018-05-21 12:00:00,2018-05-21 13:00:00,61.98792025
Poaceae,DEBIED,2018-05-21 12:00:00,2018-05-21 13:00:00,57.333057
Poaceae,DEVIEC,2018-05-21 12:00:00,2018-05-21 13:00:00,66.75622181
Pinus,DEBIED,2018-05-21 15:00:00,2018-05-21 16:00:00,0.0
Pinus,DEVIEC,2018-05-21 15:00:00,2018-05-21 16:00:00,104.9026343
Poaceae,DEBIED,2018-05-21 15:00:00,2018-05-21 16:00:00,104.0340693
Poaceae,DEVIEC,2018-05-21 15:00:00,2018-05-21 16:00:00,66.75622181
Pinus,DEBIED,2018-05-21 18:00:00,2018-05-21 19:00:00,0.0
Pinus,DEVIEC,2018-05-21 18:00:00,2018-05-21 19:00:00,109.5689164
Poaceae,DEBIED,2018-05-21 18:00:00,2018-05-21 19:00:00,23.66340796
Poaceae,DEVIEC,2018-05-21 18:00:00,2018-05-21 19:00:00,9.527731857
Pinus,DEBIED,2018-05-21 21:00:00,2018-05-21 22:00:00,0.0
Pinus,DEVIEC,2018-05-21 21:00:00,2018-05-21 22:00:00,38.11092743
Poaceae,DEBIED,2018-05-21 21:00:00,2018-05-21 22:00:00,18.94619265
Poaceae,DEVIEC,2018-05-21 21:00:00,2018-05-21 22:00:00,14.29159779
Pinus,DEBIED,2018-05-22 00:00:00,2018-05-22 01:00:00,0.0
Pinus,DEVIEC,2018-05-22 00:00:00,2018-05-22 01:00:00,19.07320623
Poaceae,DEBIED,2018-05-22 00:00:00,2018-05-22 01:00:00,47.32681592
Poaceae,DEVIEC,2018-05-22 00:00:00,2018-05-22 01:00:00,9.536603115
Pinus,DEBIED,2018-05-22 03:00:00,2018-05-22 04:00:00,0.0
Pinus,DEVIEC,2018-05-22 03:00:00,2018-05-22 04:00:00,4.763865928
Poaceae,DEBIED,2018-05-22 03:00:00,2018-05-22 04:00:00,18.94619265
Poaceae,DEVIEC,2018-05-22 03:00:00,2018-05-22 04:00:00,0.0
Pinus,DEBIED,2018-05-22 06:00:00,2018-05-22 07:00:00,0.0
Pinus,DEVIEC,2018-05-22 06:00:00,2018-05-22 07:00:00,28.60980935
Poaceae,DEBIED,2018-05-22 06:00:00,2018-05-22 07:00:00,81.22183076
Poaceae,DEVIEC,2018-05-22 06:00:00,2018-05-22 07:00:00,28.60980935
Pinus,DEBIED,2018-05-22 09:00:00,2018-05-22 10:00:00,0.0
Pinus,DEVIEC,2018-05-22 09:00:00,2018-05-22 10:00:00,62.04569091
Poaceae,DEBIED,2018-05-22 09:00:00,2018-05-22 10:00:00,334.4428325
Poaceae,DEVIEC,2018-05-22 09:00:00,2018-05-22 10:00:00,76.36392728
Pinus,DEVIEC,2018-05-22 12:00:00,2018-05-22 13:00:00,114.3327823
Poaceae,DEVIEC,2018-05-22 12:00:00,2018-05-22 13:00:00,52.40252521
Pinus,DEBIED,2018-05-22 15:00:00,2018-05-22 16:00:00,0.0
Pinus,DEVIEC,2018-05-22 15:00:00,2018-05-22 16:00:00,95.18877087
Poaceae,DEBIED,2018-05-22 15:00:00,2018-05-22 16:00:00,124.174319
Poaceae,DEVIEC,2018-05-22 15:00:00,2018-05-22 16:00:00,66.63213961
Pinus,DEBIED,2018-05-22 18:00:00,2018-05-22 19:00:00,0.0
Pinus,DEVIEC,2018-05-22 18:00:00,2018-05-22 19:00:00,61.98792025
Poaceae,DEBIED,2018-05-22 18:00:00,2018-05-22 19:00:00,108.0257243
Poaceae,DEVIEC,2018-05-22 18:00:00,2018-05-22 19:00:00,33.3781109
Pinus,DEBIED,2018-05-22 21:00:00,2018-05-22 22:00:00,0.0
Pinus,DEVIEC,2018-05-22 21:00:00,2018-05-22 22:00:00,52.40252521
Poaceae,DEBIED,2018-05-22 21:00:00,2018-05-22 22:00:00,19.0798682
Poaceae,DEVIEC,2018-05-22 21:00:00,2018-05-22 22:00:00,14.29159779
Pinus,DEBIED,2018-05-23 00:00:00,2018-05-23 01:00:00,0.0
Pinus,DEVIEC,2018-05-23 00:00:00,2018-05-23 01:00:00,9.510038761
Poaceae,DEBIED,2018-05-23 00:00:00,2018-05-23 01:00:00,19.111019
Poaceae,DEVIEC,2018-05-23 00:00:00,2018-05-23 01:00:00,33.28513566
Pinus,DEBIED,2018-05-23 03:00:00,2018-05-23 04:00:00,0.0
Pinus,DEVIEC,2018-05-23 03:00:00,2018-05-23 04:00:00,19.03775417
Poaceae,DEBIED,2018-05-23 03:00:00,2018-05-23 04:00:00,14.33326425
Poaceae,DEVIEC,2018-05-23 03:00:00,2018-05-23 04:00:00,28.55663126
Pinus,DEBIED,2018-05-23 06:00:00,2018-05-23 07:00:00,0.0
Pinus,DEVIEC,2018-05-23 06:00:00,2018-05-23 07:00:00,28.58319557
Poaceae,DEBIED,2018-05-23 06:00:00,2018-05-23 07:00:00,9.671073662
Poaceae,DEVIEC,2018-05-23 06:00:00,2018-05-23 07:00:00,95.27731857
Pinus,DEBIED,2018-05-23 09:00:00,2018-05-23 10:00:00,0.0
Pinus,DEVIEC,2018-05-23 09:00:00,2018-05-23 10:00:00,43.23508574
Poaceae,DEBIED,2018-05-23 09:00:00,2018-05-23 10:00:00,56.21552086
Poaceae,DEVIEC,2018-05-23 09:00:00,2018-05-23 10:00:00,153.7247493
Pinus,DEBIED,2018-05-23 12:00:00,2018-05-23 13:00:00,0.0
Pinus,DEVIEC,2018-05-23 12:00:00,2018-05-23 13:00:00,109.4670865
Poaceae,DEBIED,2018-05-23 12:00:00,2018-05-23 13:00:00,81.22183076
Poaceae,DEVIEC,2018-05-23 12:00:00,2018-05-23 13:00:00,80.91045524
Pinus,DEBIED,2018-05-23 15:00:00,2018-05-23 16:00:00,0.0
Pinus,DEVIEC,2018-05-23 15:00:00,2018-05-23 16:00:00,42.87479336
Poaceae,DEBIED,2018-05-23 15:00:00,2018-05-23 16:00:00,95.55509501
Poaceae,DEVIEC,2018-05-23 15:00:00,2018-05-23 16:00:00,123.8605141
Pinus,DEBIED,2018-05-23 18:00:00,2018-05-23 19:00:00,0.0
Pinus,DEVIEC,2018-05-23 18:00:00,2018-05-23 19:00:00,19.07320623
Poaceae,DEBIED,2018-05-23 18:00:00,2018-05-23 19:00:00,95.47715447
Poaceae,DEVIEC,2018-05-23 18:00:00,2018-05-23 19:00:00,14.30490467
Pinus,DEBIED,2018-05-23 21:00:00,2018-05-23 22:00:00,0.0
Pinus,DEVIEC,2018-05-23 21:00:00,2018-05-23 22:00:00,23.86372727
Poaceae,DEBIED,2018-05-23 21:00:00,2018-05-23 22:00:00,0.0
Poaceae,DEVIEC,2018-05-23 21:00:00,2018-05-23 22:00:00,4.772745455
Pinus,DEBIED,2018-05-24 00:00:00,2018-05-24 01:00:00,0.0
Pinus,DEVIEC,2018-05-24 00:00:00,2018-05-24 01:00:00,9.536603115
Poaceae,DEBIED,2018-05-24 00:00:00,2018-05-24 01:00:00,4.732681592
Poaceae,DEVIEC,2018-05-24 00:00:00,2018-05-24 01:00:00,9.536603115
Pinus,DEBIED,2018-05-24 03:00:00,2018-05-24 04:00:00,0.0
Pinus,DEVIEC,2018-05-24 03:00:00,2018-05-24 04:00:00,47.72745455
Poaceae,DEBIED,2018-05-24 03:00:00,2018-05-24 04:00:00,0.0
Poaceae,DEVIEC,2018-05-24 03:00:00,2018-05-24 04:00:00,9.54549091
Pinus,DEBIED,2018-05-24 06:00:00,2018-05-24 07:00:00,0.0
Pinus,DEVIEC,2018-05-24 06:00:00,2018-05-24 07:00:00,19.09098182
Poaceae,DEBIED,2018-05-24 06:00:00,2018-05-24 07:00:00,4.77775475
Poaceae,DEVIEC,2018-05-24 06:00:00,2018-05-24 07:00:00,33.40921818
Pinus,DEBIED,2018-05-24 09:00:00,2018-05-24 10:00:00,0.0
Pinus,DEVIEC,2018-05-24 09:00:00,2018-05-24 10:00:00,28.58319557
Poaceae,DEBIED,2018-05-24 09:00:00,2018-05-24 10:00:00,4.65263548
Poaceae,DEVIEC,2018-05-24 09:00:00,2018-05-24 10:00:00,114.3327823
Pinus,DEBIED,2018-05-24 12:00:00,2018-05-24 13:00:00,0.0
Pinus,DEVIEC,2018-05-24 12:00:00,2018-05-24 13:00:00,33.3470615
Poaceae,DEBIED,2018-05-24 12:00:00,2018-05-24 13:00:00,9.48084211
Poaceae,DEVIEC,2018-05-24 12:00:00,2018-05-24 13:00:00,4.763865928
Pinus,DEBIED,2018-05-24 15:00:00,2018-05-24 16:00:00,0.0
Pinus,DEVIEC,2018-05-24 15:00:00,2018-05-24 16:00:00,4.763865928
Poaceae,DEBIED,2018-05-24 15:00:00,2018-05-24 16:00:00,37.86145274
Poaceae,DEVIEC,2018-05-24 15:00:00,2018-05-24 16:00:00,9.527731857
Pinus,DEBIED,2018-05-24 18:00:00,2018-05-24 19:00:00,0.0
Pinus,DEVIEC,2018-05-24 18:00:00,2018-05-24 19:00:00,0.0
Poaceae,DEBIED,2018-05-24 18:00:00,2018-05-24 19:00:00,28.39608955
Poaceae,DEVIEC,2018-05-24 18:00:00,2018-05-24 19:00:00,0.0
Pinus,DEBIED,2018-05-24 21:00:00,2018-05-24 22:00:00,0.0
Pinus,DEVIEC,2018-05-24 21:00:00,2018-05-24 22:00:00,9.54549091
Poaceae,DEBIED,2018-05-24 21:00:00,2018-05-24 22:00:00,14.20964449
Poaceae,DEVIEC,2018-05-24 21:00:00,2018-05-24 22:00:00,0.0
Pinus,DEBIED,2018-05-25 00:00:00,2018-05-25 01:00:00,0.0
Pinus,DEVIEC,2018-05-25 00:00:00,2018-05-25 01:00:00,0.0
Poaceae,DEBIED,2018-05-25 00:00:00,2018-05-25 01:00:00,0.0
Poaceae,DEVIEC,2018-05-25 00:00:00,2018-05-25 01:00:00,4.768301558
Pinus,DEVIEC,2018-05-25 03:00:00,2018-05-25 04:00:00,9.536603115
Poaceae,DEVIEC,2018-05-25 03:00:00,2018-05-25 04:00:00,0.0
Pinus,DEBIED,2018-05-25 06:00:00,2018-05-25 07:00:00,0.0
Pinus,DEVIEC,2018-05-25 06:00:00,2018-05-25 07:00:00,4.759438544
Poaceae,DEBIED,2018-05-25 06:00:00,2018-05-25 07:00:00,19.14227169
Poaceae,DEVIEC,2018-05-25 06:00:00,2018-05-25 07:00:00,0.0
Pinus,DEBIED,2018-05-25 09:00:00,2018-05-25 10:00:00,0.0
Pinus,DEVIEC,2018-05-25 09:00:00,2018-05-25 10:00:00,9.536603115
Poaceae,DEBIED,2018-05-25 09:00:00,2018-05-25 10:00:00,92.90078681
Poaceae,DEVIEC,2018-05-25 09:00:00,2018-05-25 10:00:00,4.768301558
Pinus,DEBIED,2018-05-25 12:00:00,2018-05-25 13:00:00,9.555509501
Pinus,DEVIEC,2018-05-25 12:00:00,2018-05-25 13:00:00,9.527731857
Poaceae,DEBIED,2018-05-25 12:00:00,2018-05-25 13:00:00,52.55530225
Poaceae,DEVIEC,2018-05-25 12:00:00,2018-05-25 13:00:00,4.763865928
Pinus,DEBIED,2018-05-25 15:00:00,2018-05-25 16:00:00,19.09543089
Pinus,DEVIEC,2018-05-25 15:00:00,2018-05-25 16:00:00,14.30490467
Poaceae,DEBIED,2018-05-25 15:00:00,2018-05-25 16:00:00,214.8235976
Poaceae,DEVIEC,2018-05-25 15:00:00,2018-05-25 16:00:00,90.5977296
Pinus,DEBIED,2018-05-25 18:00:00,2018-05-25 19:00:00,0.0
Pinus,DEVIEC,2018-05-25 18:00:00,2018-05-25 19:00:00,0.0
Poaceae,DEBIED,2018-05-25 18:00:00,2018-05-25 19:00:00,57.37989774
Poaceae,DEVIEC,2018-05-25 18:00:00,2018-05-25 19:00:00,23.81932964
Pinus,DEBIED,2018-05-25 21:00:00,2018-05-25 22:00:00,0.0
Pinus,DEVIEC,2018-05-25 21:00:00,2018-05-25 22:00:00,0.0
Poaceae,DEBIED,2018-05-25 21:00:00,2018-05-25 22:00:00,14.33326425
Poaceae,DEVIEC,2018-05-25 21:00:00,2018-05-25 22:00:00,4.763865928
Pinus,DEBIED,2018-05-26 00:00:00,2018-05-26 01:00:00,0.0
Pinus,DEVIEC,2018-05-26 00:00:00,2018-05-26 01:00:00,0.0
Poaceae,DEBIED,2018-05-26 00:00:00,2018-05-26 01:00:00,9.473096324
Poaceae,DEVIEC,2018-05-26 00:00:00,2018-05-26 01:00:00,0.0
Pinus,DEBIED,2018-05-26 03:00:00,2018-05-26 04:00:00,4.773857724
Poaceae,DEBIED,2018-05-26 03:00:00,2018-05-26 04:00:00,0.0
Pinus,DEBIED,2018-05-26 06:00:00,2018-05-26 07:00:00,14.30990115
Pinus,DEVIEC,2018-05-26 06:00:00,2018-05-26 07:00:00,4.759438544
Poaceae,DEBIED,2018-05-26 06:00:00,2018-05-26 07:00:00,62.00957164
Poaceae,DEVIEC,2018-05-26 06:00:00,2018-05-26 07:00:00,47.59438544
Pinus,DEBIED,2018-05-26 09:00:00,2018-05-26 10:00:00,9.376901846
Pinus,DEVIEC,2018-05-26 09:00:00,2018-05-26 10:00:00,23.86372727
Poaceae,DEBIED,2018-05-26 09:00:00,2018-05-26 10:00:00,520.4180525
Poaceae,DEVIEC,2018-05-26 09:00:00,2018-05-26 10:00:00,219.5462909
Pinus,DEBIED,2018-05-26 12:00:00,2018-05-26 13:00:00,14.35670377
Pinus,DEVIEC,2018-05-26 12:00:00,2018-05-26 13:00:00,38.11092743
Poaceae,DEBIED,2018-05-26 12:00:00,2018-05-26 13:00:00,157.9237414
Poaceae,DEVIEC,2018-05-26 12:00:00,2018-05-26 13:00:00,104.8050504
Pinus,DEBIED,2018-05-26 15:00:00,2018-05-26 16:00:00,9.547715447
Pinus,DEVIEC,2018-05-26 15:00:00,2018-05-26 16:00:00,57.16639114
Poaceae,DEBIED,2018-05-26 15:00:00,2018-05-26 16:00:00,171.858878
Poaceae,DEVIEC,2018-05-26 15:00:00,2018-05-26 16:00:00,147.6798438
Pinus,DEBIED,2018-05-26 18:00:00,2018-05-26 19:00:00,0.0
Pinus,DEVIEC,2018-05-26 18:00:00,2018-05-26 19:00:00,9.536603115
Poaceae,DEBIED,2018-05-26 18:00:00,2018-05-26 19:00:00,127.782403
Poaceae,DEVIEC,2018-05-26 18:00:00,2018-05-26 19:00:00,38.14641246
Pinus,DEBIED,2018-05-26 21:00:00,2018-05-26 22:00:00,0.0
Pinus,DEVIEC,2018-05-26 21:00:00,2018-05-26 22:00:00,23.84150779
Poaceae,DEBIED,2018-05-26 21:00:00,2018-05-26 22:00:00,33.44428325
Poaceae,DEVIEC,2018-05-26 21:00:00,2018-05-26 22:00:00,19.07320623
Pinus,DEBIED,2018-05-27 00:00:00,2018-05-27 01:00:00,0.0
Pinus,DEVIEC,2018-05-27 00:00:00,2018-05-27 01:00:00,9.518877087
Poaceae,DEBIED,2018-05-27 00:00:00,2018-05-27 01:00:00,23.86928862
Poaceae,DEVIEC,2018-05-27 00:00:00,2018-05-27 01:00:00,14.27831563
Pinus,DEBIED,2018-05-27 03:00:00,2018-05-27 04:00:00,0.0
Pinus,DEVIEC,2018-05-27 03:00:00,2018-05-27 04:00:00,4.768301558
Poaceae,DEBIED,2018-05-27 03:00:00,2018-05-27 04:00:00,19.12663258
Poaceae,DEVIEC,2018-05-27 03:00:00,2018-05-27 04:00:00,14.30490467
Pinus,DEBIED,2018-05-27 06:00:00,2018-05-27 07:00:00,0.0
Pinus,DEVIEC,2018-05-27 06:00:00,2018-05-27 07:00:00,14.29159779
Poaceae,DEBIED,2018-05-27 06:00:00,2018-05-27 07:00:00,47.81658145
Poaceae,DEVIEC,2018-05-27 06:00:00,2018-05-27 07:00:00,171.4991734
Pinus,DEBIED,2018-05-27 09:00:00,2018-05-27 10:00:00,4.65263548
Pinus,DEVIEC,2018-05-27 09:00:00,2018-05-27 10:00:00,19.05546371
Poaceae,DEBIED,2018-05-27 09:00:00,2018-05-27 10:00:00,409.4319223
Poaceae,DEVIEC,2018-05-27 09:00:00,2018-05-27 10:00:00,214.3739668
Pinus,DEBIED,2018-05-27 12:00:00,2018-05-27 13:00:00,4.781658145
Pinus,DEVIEC,2018-05-27 12:00:00,2018-05-27 13:00:00,33.3470615
Poaceae,DEBIED,2018-05-27 12:00:00,2018-05-27 13:00:00,239.0829072
Poaceae,DEVIEC,2018-05-27 12:00:00,2018-05-27 13:00:00,133.388246
Pinus,DEBIED,2018-05-27 15:00:00,2018-05-27 16:00:00,4.77775475
Pinus,DEVIEC,2018-05-27 15:00:00,2018-05-27 16:00:00,34.29983468
Poaceae,DEBIED,2018-05-27 15:00:00,2018-05-27 16:00:00,162.4436615
Poaceae,DEVIEC,2018-05-27 15:00:00,2018-05-27 16:00:00,91.46622582
Pinus,DEBIED,2018-05-27 18:00:00,2018-05-27 19:00:00,4.781658145
Poaceae,DEBIED,2018-05-27 18:00:00,2018-05-27 19:00:00,86.0698466
Pinus,DEBIED,2018-05-27 21:00:00,2018-05-27 22:00:00,4.77775475
Poaceae,DEBIED,2018-05-27 21:00:00,2018-05-27 22:00:00,28.6665285
Pinus,DEBIED,2018-05-28 00:00:00,2018-05-28 01:00:00,0.0
Poaceae,DEBIED,2018-05-28 00:00:00,2018-05-28 01:00:00,75.7847706
Pinus,DEBIED,2018-05-28 03:00:00,2018-05-28 04:00:00,0.0
Poaceae,DEBIED,2018-05-28 03:00:00,2018-05-28 04:00:00,38.28454338
Pinus,DEBIED,2018-05-28 06:00:00,2018-05-28 07:00:00,71.66632125
Poaceae,DEBIED,2018-05-28 06:00:00,2018-05-28 07:00:00,33.44428325
Pinus,DEBIED,2018-05-28 09:00:00,2018-05-28 10:00:00,0.0
Pinus,DEVIEC,2018-05-28 09:00:00,2018-05-28 10:00:00,0.0
Poaceae,DEBIED,2018-05-28 09:00:00,2018-05-28 10:00:00,0.0
Poaceae,DEVIEC,2018-05-28 09:00:00,2018-05-28 10:00:00,119.0966482
Pinus,DEVIEC,2018-05-28 12:00:00,2018-05-28 13:00:00,28.58319557
Poaceae,DEVIEC,2018-05-28 12:00:00,2018-05-28 13:00:00,76.22185485
Pinus,DEVIEC,2018-05-28 15:00:00,2018-05-28 16:00:00,19.07320623
Poaceae,DEVIEC,2018-05-28 15:00:00,2018-05-28 16:00:00,109.6709358
Pinus,DEVIEC,2018-05-28 18:00:00,2018-05-28 19:00:00,4.759438544
Poaceae,DEVIEC,2018-05-28 18:00:00,2018-05-28 19:00:00,14.27831563
Pinus,DEBIED,2018-05-28 21:00:00,2018-05-28 22:00:00,0.0
Pinus,DEVIEC,2018-05-28 21:00:00,2018-05-28 22:00:00,4.768301558
Poaceae,DEBIED,2018-05-28 21:00:00,2018-05-28 22:00:00,24.84972644
Poaceae,DEVIEC,2018-05-28 21:00:00,2018-05-28 22:00:00,0.0
Pinus,DEVIEC,2018-05-29 00:00:00,2018-05-29 01:00:00,9.527731857
Poaceae,DEVIEC,2018-05-29 00:00:00,2018-05-29 01:00:00,0.0
Pinus,DEBIED,2018-05-29 03:00:00,2018-05-29 04:00:00,28.40877888
Pinus,DEVIEC,2018-05-29 03:00:00,2018-05-29 04:00:00,9.527731857
Poaceae,DEBIED,2018-05-29 03:00:00,2018-05-29 04:00:00,33.14357536
Poaceae,DEVIEC,2018-05-29 03:00:00,2018-05-29 04:00:00,9.527731857
Pinus,DEBIED,2018-05-29 06:00:00,2018-05-29 07:00:00,46.91851464
Poaceae,DEBIED,2018-05-29 06:00:00,2018-05-29 07:00:00,4.691851464
Pinus,DEBIED,2018-05-29 09:00:00,2018-05-29 10:00:00,23.37360052
Poaceae,DEBIED,2018-05-29 09:00:00,2018-05-29 10:00:00,172.9646438
Pinus,DEBIED,2018-05-29 12:00:00,2018-05-29 13:00:00,0.0
Pinus,DEVIEC,2018-05-29 12:00:00,2018-05-29 13:00:00,28.32497717
Poaceae,DEBIED,2018-05-29 12:00:00,2018-05-29 13:00:00,132.1395782
Poaceae,DEVIEC,2018-05-29 12:00:00,2018-05-29 13:00:00,45.31996348
Pinus,DEBIED,2018-05-29 15:00:00,2018-05-29 16:00:00,14.34497443
Pinus,DEVIEC,2018-05-29 15:00:00,2018-05-29 16:00:00,14.27831563
Poaceae,DEBIED,2018-05-29 15:00:00,2018-05-29 16:00:00,62.16155588
Poaceae,DEVIEC,2018-05-29 15:00:00,2018-05-29 16:00:00,71.39157816
Pinus,DEBIED,2018-05-29 18:00:00,2018-05-29 19:00:00,14.33326425
Pinus,DEVIEC,2018-05-29 18:00:00,2018-05-29 19:00:00,19.07320623
Poaceae,DEBIED,2018-05-29 18:00:00,2018-05-29 19:00:00,138.5548878
Poaceae,DEVIEC,2018-05-29 18:00:00,2018-05-29 19:00:00,47.68301558
Pinus,DEBIED,2018-05-29 21:00:00,2018-05-29 22:00:00,19.111019
Pinus,DEVIEC,2018-05-29 21:00:00,2018-05-29 22:00:00,38.11092743
Poaceae,DEBIED,2018-05-29 21:00:00,2018-05-29 22:00:00,28.6665285
Poaceae,DEVIEC,2018-05-29 21:00:00,2018-05-29 22:00:00,38.11092743
Pinus,DEBIED,2018-05-30 00:00:00,2018-05-30 01:00:00,4.736548162
Pinus,DEVIEC,2018-05-30 00:00:00,2018-05-30 01:00:00,19.07320623
Poaceae,DEBIED,2018-05-30 00:00:00,2018-05-30 01:00:00,0.0
Poaceae,DEVIEC,2018-05-30 00:00:00,2018-05-30 01:00:00,95.36603115
Pinus,DEBIED,2018-05-30 03:00:00,2018-05-30 04:00:00,0.0
Pinus,DEVIEC,2018-05-30 03:00:00,2018-05-30 04:00:00,38.14641246
Poaceae,DEBIED,2018-05-30 03:00:00,2018-05-30 04:00:00,0.0
Poaceae,DEVIEC,2018-05-30 03:00:00,2018-05-30 04:00:00,104.9026343
Pinus,DEBIED,2018-05-30 06:00:00,2018-05-30 07:00:00,0.0
Pinus,DEVIEC,2018-05-30 06:00:00,2018-05-30 07:00:00,19.05546371
Poaceae,DEBIED,2018-05-30 06:00:00,2018-05-30 07:00:00,23.88877375
Poaceae,DEVIEC,2018-05-30 06:00:00,2018-05-30 07:00:00,109.5689164
Pinus,DEBIED,2018-05-30 09:00:00,2018-05-30 10:00:00,32.51527538
Pinus,DEVIEC,2018-05-30 09:00:00,2018-05-30 10:00:00,14.30490467
Poaceae,DEBIED,2018-05-30 09:00:00,2018-05-30 10:00:00,88.25574747
Poaceae,DEVIEC,2018-05-30 09:00:00,2018-05-30 10:00:00,166.8905545
Pinus,DEBIED,2018-05-30 12:00:00,2018-05-30 13:00:00,4.732681592
Pinus,DEVIEC,2018-05-30 12:00:00,2018-05-30 13:00:00,4.808371319
Poaceae,DEBIED,2018-05-30 12:00:00,2018-05-30 13:00:00,118.3170398
Poaceae,DEVIEC,2018-05-30 12:00:00,2018-05-30 13:00:00,57.70045582
Pinus,DEBIED,2018-05-30 15:00:00,2018-05-30 16:00:00,14.33326425
Pinus,DEVIEC,2018-05-30 15:00:00,2018-05-30 16:00:00,4.768301558
Poaceae,DEBIED,2018-05-30 15:00:00,2018-05-30 16:00:00,114.666114
Poaceae,DEVIEC,2018-05-30 15:00:00,2018-05-30 16:00:00,114.4392374
Pinus,DEBIED,2018-05-30 18:00:00,2018-05-30 19:00:00,4.785567922
Pinus,DEVIEC,2018-05-30 18:00:00,2018-05-30 19:00:00,9.54549091
Poaceae,DEBIED,2018-05-30 18:00:00,2018-05-30 19:00:00,43.0701113
Poaceae,DEVIEC,2018-05-30 18:00:00,2018-05-30 19:00:00,9.54549091
Pinus,DEBIED,2018-05-30 21:00:00,2018-05-30 22:00:00,14.19804478
Pinus,DEVIEC,2018-05-30 21:00:00,2018-05-30 22:00:00,0.0
Poaceae,DEBIED,2018-05-30 21:00:00,2018-05-30 22:00:00,18.93072637
Poaceae,DEVIEC,2018-05-30 21:00:00,2018-05-30 22:00:00,9.527731857
Pinus,DEBIED,2018-05-31 00:00:00,2018-05-31 01:00:00,0.0
Pinus,DEVIEC,2018-05-31 00:00:00,2018-05-31 01:00:00,9.536603115
Poaceae,DEBIED,2018-05-31 00:00:00,2018-05-31 01:00:00,38.222038
Poaceae,DEVIEC,2018-05-31 00:00:00,2018-05-31 01:00:00,0.0
Pinus,DEBIED,2018-05-31 03:00:00,2018-05-31 04:00:00,0.0
Pinus,DEVIEC,2018-05-31 03:00:00,2018-05-31 04:00:00,4.763865928
Poaceae,DEBIED,2018-05-31 03:00:00,2018-05-31 04:00:00,28.68994887
Poaceae,DEVIEC,2018-05-31 03:00:00,2018-05-31 04:00:00,4.763865928
Pinus,DEBIED,2018-05-31 06:00:00,2018-05-31 07:00:00,14.32157317
Pinus,DEVIEC,2018-05-31 06:00:00,2018-05-31 07:00:00,4.768301558
Poaceae,DEBIED,2018-05-31 06:00:00,2018-05-31 07:00:00,33.41700407
Poaceae,DEVIEC,2018-05-31 06:00:00,2018-05-31 07:00:00,95.36603115
Pinus,DEBIED,2018-05-31 09:00:00,2018-05-31 10:00:00,32.54184015
Pinus,DEVIEC,2018-05-31 09:00:00,2018-05-31 10:00:00,4.768301558
Poaceae,DEBIED,2018-05-31 09:00:00,2018-05-31 10:00:00,223.1440468
Poaceae,DEVIEC,2018-05-31 09:00:00,2018-05-31 10:00:00,90.5977296
Pinus,DEBIED,2018-05-31 12:00:00,2018-05-31 13:00:00,14.20964449
Pinus,DEVIEC,2018-05-31 12:00:00,2018-05-31 13:00:00,14.29159779
Poaceae,DEBIED,2018-05-31 12:00:00,2018-05-31 13:00:00,85.25786692
Poaceae,DEVIEC,2018-05-31 12:00:00,2018-05-31 13:00:00,80.98572078
Pinus,DEBIED,2018-05-31 15:00:00,2018-05-31 16:00:00,33.12877115
Pinus,DEVIEC,2018-05-31 15:00:00,2018-05-31 16:00:00,9.527731857
Poaceae,DEBIED,2018-05-31 15:00:00,2018-05-31 16:00:00,94.65363185
Poaceae,DEVIEC,2018-05-31 15:00:00,2018-05-31 16:00:00,52.40252521
Pinus,DEBIED,2018-05-31 18:00:00,2018-05-31 19:00:00,9.563316289
Pinus,DEVIEC,2018-05-31 18:00:00,2018-05-31 19:00:00,4.768301558
Poaceae,DEBIED,2018-05-31 18:00:00,2018-05-31 19:00:00,52.59823959
Poaceae,DEVIEC,2018-05-31 18:00:00,2018-05-31 19:00:00,4.768301558
Pinus,DEBIED,2018-05-31 21:00:00,2018-05-31 22:00:00,4.732681592
Pinus,DEVIEC,2018-05-31 21:00:00,2018-05-31 22:00:00,4.759438544
Poaceae,DEBIED,2018-05-31 21:00:00,2018-05-31 22:00:00,0.0
Poaceae,DEVIEC,2018-05-31 21:00:00,2018-05-31 22:00:00,0.0
Pinus,DEBIED,2018-06-01 00:00:00,2018-06-01 01:00:00,0.0
Pinus,DEVIEC,2018-06-01 00:00:00,2018-06-01 01:00:00,9.527731857
Poaceae,DEBIED,2018-06-01 00:00:00,2018-06-01 01:00:00,0.0
Poaceae,DEVIEC,2018-06-01 00:00:00,2018-06-01 01:00:00,0.0
Pinus,DEBIED,2018-06-01 03:00:00,2018-06-01 04:00:00,0.0
Pinus,DEVIEC,2018-06-01 03:00:00,2018-06-01 04:00:00,4.763865928
Poaceae,DEBIED,2018-06-01 03:00:00,2018-06-01 04:00:00,70.99022388
Poaceae,DEVIEC,2018-06-01 03:00:00,2018-06-01 04:00:00,85.74958671
Pinus,DEBIED,2018-06-01 06:00:00,2018-06-01 07:00:00,4.77775475
Pinus,DEVIEC,2018-06-01 06:00:00,2018-06-01 07:00:00,9.536603115
Poaceae,DEBIED,2018-06-01 06:00:00,2018-06-01 07:00:00,23.88877375
Poaceae,DEVIEC,2018-06-01 06:00:00,2018-06-01 07:00:00,57.21961869
Pinus,DEBIED,2018-06-01 09:00:00,2018-06-01 10:00:00,0.0
Pinus,DEVIEC,2018-06-01 09:00:00,2018-06-01 10:00:00,14.29159779
Poaceae,DEBIED,2018-06-01 09:00:00,2018-06-01 10:00:00,65.0836803
Poaceae,DEVIEC,2018-06-01 09:00:00,2018-06-01 10:00:00,33.3470615
Pinus,DEBIED,2018-06-01 12:00:00,2018-06-01 13:00:00,9.555509501
Pinus,DEVIEC,2018-06-01 12:00:00,2018-06-01 13:00:00,4.768301558
Poaceae,DEBIED,2018-06-01 12:00:00,2018-06-01 13:00:00,124.2216235
Poaceae,DEVIEC,2018-06-01 12:00:00,2018-06-01 13:00:00,4.768301558
Pinus,DEBIED,2018-06-01 15:00:00,2018-06-01 16:00:00,4.769967049
Pinus,DEVIEC,2018-06-01 15:00:00,2018-06-01 16:00:00,19.05546371
Poaceae,DEBIED,2018-06-01 15:00:00,2018-06-01 16:00:00,81.08943983
Poaceae,DEVIEC,2018-06-01 15:00:00,2018-06-01 16:00:00,28.58319557
Pinus,DEBIED,2018-06-01 18:00:00,2018-06-01 19:00:00,0.0
Pinus,DEVIEC,2018-06-01 18:00:00,2018-06-01 19:00:00,4.763865928
Poaceae,DEBIED,2018-06-01 18:00:00,2018-06-01 19:00:00,47.81658145
Poaceae,DEVIEC,2018-06-01 18:00:00,2018-06-01 19:00:00,38.11092743
Pinus,DEBIED,2018-06-01 21:00:00,2018-06-01 22:00:00,9.563316289
Pinus,DEVIEC,2018-06-01 21:00:00,2018-06-01 22:00:00,4.763865928
Poaceae,DEBIED,2018-06-01 21:00:00,2018-06-01 22:00:00,62.16155588
Poaceae,DEVIEC,2018-06-01 21:00:00,2018-06-01 22:00:00,14.29159779
Pinus,DEBIED,2018-06-02 00:00:00,2018-06-02 01:00:00,4.736548162
Pinus,DEVIEC,2018-06-02 00:00:00,2018-06-02 01:00:00,9.518877087
Poaceae,DEBIED,2018-06-02 00:00:00,2018-06-02 01:00:00,42.62893346
Poaceae,DEVIEC,2018-06-02 00:00:00,2018-06-02 01:00:00,9.518877087
Pinus,DEBIED,2018-06-02 03:00:00,2018-06-02 04:00:00,0.0
Pinus,DEVIEC,2018-06-02 03:00:00,2018-06-02 04:00:00,0.0
Poaceae,DEBIED,2018-06-02 03:00:00,2018-06-02 04:00:00,9.563316289
Poaceae,DEVIEC,2018-06-02 03:00:00,2018-06-02 04:00:00,4.768301558
Pinus,DEBIED,2018-06-02 06:00:00,2018-06-02 07:00:00,0.0
Pinus,DEVIEC,2018-06-02 06:00:00,2018-06-02 07:00:00,14.29159779
Poaceae,DEBIED,2018-06-02 06:00:00,2018-06-02 07:00:00,23.88877375
Poaceae,DEVIEC,2018-06-02 06:00:00,2018-06-02 07:00:00,47.63865928
Pinus,DEBIED,2018-06-02 09:00:00,2018-06-02 10:00:00,18.59533723
Pinus,DEVIEC,2018-06-02 09:00:00,2018-06-02 10:00:00,4.759438544
Poaceae,DEBIED,2018-06-02 09:00:00,2018-06-02 10:00:00,55.78601169
Poaceae,DEVIEC,2018-06-02 09:00:00,2018-06-02 10:00:00,180.8586647
Pinus,DEBIED,2018-06-02 12:00:00,2018-06-02 13:00:00,0.0
Pinus,DEVIEC,2018-06-02 12:00:00,2018-06-02 13:00:00,19.05546371
Poaceae,DEBIED,2018-06-02 12:00:00,2018-06-02 13:00:00,95.47715447
Poaceae,DEVIEC,2018-06-02 12:00:00,2018-06-02 13:00:00,52.40252521
Pinus,DEBIED,2018-06-02 15:00:00,2018-06-02 16:00:00,9.563316289
Pinus,DEVIEC,2018-06-02 15:00:00,2018-06-02 16:00:00,0.0
Poaceae,DEBIED,2018-06-02 15:00:00,2018-06-02 16:00:00,86.0698466
Poaceae,DEVIEC,2018-06-02 15:00:00,2018-06-02 16:00:00,66.694123
Pinus,DEBIED,2018-06-02 18:00:00,2018-06-02 19:00:00,0.0
Pinus,DEVIEC,2018-06-02 18:00:00,2018-06-02 19:00:00,14.29159779
Poaceae,DEBIED,2018-06-02 18:00:00,2018-06-02 19:00:00,47.7775475
Poaceae,DEVIEC,2018-06-02 18:00:00,2018-06-02 19:00:00,23.81932964
Pinus,DEBIED,2018-06-02 21:00:00,2018-06-02 22:00:00,4.77775475
Pinus,DEVIEC,2018-06-02 21:00:00,2018-06-02 22:00:00,0.0
Poaceae,DEBIED,2018-06-02 21:00:00,2018-06-02 22:00:00,9.555509501
Poaceae,DEVIEC,2018-06-02 21:00:00,2018-06-02 22:00:00,0.0
Pinus,DEBIED,2018-06-03 00:00:00,2018-06-03 01:00:00,0.0
Pinus,DEVIEC,2018-06-03 00:00:00,2018-06-03 01:00:00,4.772745455
Poaceae,DEBIED,2018-06-03 00:00:00,2018-06-03 01:00:00,19.111019
Poaceae,DEVIEC,2018-06-03 00:00:00,2018-06-03 01:00:00,0.0
Pinus,DEBIED,2018-06-03 03:00:00,2018-06-03 04:00:00,4.736548162
Pinus,DEVIEC,2018-06-03 03:00:00,2018-06-03 04:00:00,4.763865928
Poaceae,DEBIED,2018-06-03 03:00:00,2018-06-03 04:00:00,33.15583714
Poaceae,DEVIEC,2018-06-03 03:00:00,2018-06-03 04:00:00,14.29159779
Pinus,DEBIED,2018-06-03 06:00:00,2018-06-03 07:00:00,0.0
Pinus,DEVIEC,2018-06-03 06:00:00,2018-06-03 07:00:00,0.0
Poaceae,DEBIED,2018-06-03 06:00:00,2018-06-03 07:00:00,47.7775475
Poaceae,DEVIEC,2018-06-03 06:00:00,2018-06-03 07:00:00,19.05546371
Pinus,DEBIED,2018-06-03 09:00:00,2018-06-03 10:00:00,0.0
Pinus,DEVIEC,2018-06-03 09:00:00,2018-06-03 10:00:00,4.759438544
Poaceae,DEBIED,2018-06-03 09:00:00,2018-06-03 10:00:00,195.0916523
Poaceae,DEVIEC,2018-06-03 09:00:00,2018-06-03 10:00:00,95.18877087
Pinus,DEBIED,2018-06-03 12:00:00,2018-06-03 13:00:00,0.0
Pinus,DEVIEC,2018-06-03 12:00:00,2018-06-03 13:00:00,9.527731857
Poaceae,DEBIED,2018-06-03 12:00:00,2018-06-03 13:00:00,100.414821
Poaceae,DEVIEC,2018-06-03 12:00:00,2018-06-03 13:00:00,9.527731857
Pinus,DEBIED,2018-06-03 15:00:00,2018-06-03 16:00:00,9.555509501
Pinus,DEVIEC,2018-06-03 15:00:00,2018-06-03 16:00:00,0.0
Poaceae,DEBIED,2018-06-03 15:00:00,2018-06-03 16:00:00,52.55530225
Poaceae,DEVIEC,2018-06-03 15:00:00,2018-06-03 16:00:00,52.45131713
Pinus,DEBIED,2018-06-03 18:00:00,2018-06-03 19:00:00,0.0
Pinus,DEVIEC,2018-06-03 18:00:00,2018-06-03 19:00:00,19.03775417
Poaceae,DEBIED,2018-06-03 18:00:00,2018-06-03 19:00:00,52.55530225
Poaceae,DEVIEC,2018-06-03 18:00:00,2018-06-03 19:00:00,71.39157816
Pinus,DEBIED,2018-06-03 21:00:00,2018-06-03 22:00:00,0.0
Pinus,DEVIEC,2018-06-03 21:00:00,2018-06-03 22:00:00,0.0
Poaceae,DEBIED,2018-06-03 21:00:00,2018-06-03 22:00:00,23.88877375
Poaceae,DEVIEC,2018-06-03 21:00:00,2018-06-03 22:00:00,14.30490467
Pinus,DEBIED,2018-06-04 00:00:00,2018-06-04 01:00:00,0.0
Pinus,DEVIEC,2018-06-04 00:00:00,2018-06-04 01:00:00,9.54549091
Poaceae,DEBIED,2018-06-04 00:00:00,2018-06-04 01:00:00,19.111019
Poaceae,DEVIEC,2018-06-04 00:00:00,2018-06-04 01:00:00,9.54549091
Pinus,DEBIED,2018-06-04 03:00:00,2018-06-04 04:00:00,0.0
Pinus,DEVIEC,2018-06-04 03:00:00,2018-06-04 04:00:00,0.0
Poaceae,DEBIED,2018-06-04 03:00:00,2018-06-04 04:00:00,38.25326516
Poaceae,DEVIEC,2018-06-04 03:00:00,2018-06-04 04:00:00,19.03775417
Pinus,DEBIED,2018-06-04 06:00:00,2018-06-04 07:00:00,4.8236947
Pinus,DEVIEC,2018-06-04 06:00:00,2018-06-04 07:00:00,9.527731857
Poaceae,DEBIED,2018-06-04 06:00:00,2018-06-04 07:00:00,62.7080311
Poaceae,DEVIEC,2018-06-04 06:00:00,2018-06-04 07:00:00,42.87479336
Pinus,DEBIED,2018-06-04 09:00:00,2018-06-04 10:00:00,18.59533723
Pinus,DEVIEC,2018-06-04 09:00:00,2018-06-04 10:00:00,4.763865928
Poaceae,DEBIED,2018-06-04 09:00:00,2018-06-04 10:00:00,111.5720234
Poaceae,DEVIEC,2018-06-04 09:00:00,2018-06-04 10:00:00,109.5689164
Pinus,DEBIED,2018-06-04 12:00:00,2018-06-04 13:00:00,9.555509501
Pinus,DEVIEC,2018-06-04 12:00:00,2018-06-04 13:00:00,14.30490467
Poaceae,DEBIED,2018-06-04 12:00:00,2018-06-04 13:00:00,167.2214163
Poaceae,DEVIEC,2018-06-04 12:00:00,2018-06-04 13:00:00,42.91471402
Pinus,DEBIED,2018-06-04 15:00:00,2018-06-04 16:00:00,4.781658145
Pinus,DEVIEC,2018-06-04 15:00:00,2018-06-04 16:00:00,0.0
Poaceae,DEBIED,2018-06-04 15:00:00,2018-06-04 16:00:00,133.8864281
Poaceae,DEVIEC,2018-06-04 15:00:00,2018-06-04 16:00:00,67.19207356
Pinus,DEBIED,2018-06-04 18:00:00,2018-06-04 19:00:00,4.77775475
Pinus,DEVIEC,2018-06-04 18:00:00,2018-06-04 19:00:00,4.763865928
Poaceae,DEBIED,2018-06-04 18:00:00,2018-06-04 19:00:00,33.44428325
Poaceae,DEVIEC,2018-06-04 18:00:00,2018-06-04 19:00:00,38.11092743
Pinus,DEBIED,2018-06-04 21:00:00,2018-06-04 22:00:00,9.547715447
Pinus,DEVIEC,2018-06-04 21:00:00,2018-06-04 22:00:00,0.0
Poaceae,DEBIED,2018-06-04 21:00:00,2018-06-04 22:00:00,9.547715447
Poaceae,DEVIEC,2018-06-04 21:00:00,2018-06-04 22:00:00,14.29159779
Pinus,DEBIED,2018-06-05 00:00:00,2018-06-05 01:00:00,0.0
Pinus,DEVIEC,2018-06-05 00:00:00,2018-06-05 01:00:00,0.0
Poaceae,DEBIED,2018-06-05 00:00:00,2018-06-05 01:00:00,28.6665285
Poaceae,DEVIEC,2018-06-05 00:00:00,2018-06-05 01:00:00,0.0
Pinus,DEBIED,2018-06-05 03:00:00,2018-06-05 04:00:00,0.0
Pinus,DEVIEC,2018-06-05 03:00:00,2018-06-05 04:00:00,4.808371319
Poaceae,DEBIED,2018-06-05 03:00:00,2018-06-05 04:00:00,28.61980229
Poaceae,DEVIEC,2018-06-05 03:00:00,2018-06-05 04:00:00,9.616742637
Pinus,DEBIED,2018-06-05 06:00:00,2018-06-05 07:00:00,0.0
Pinus,DEVIEC,2018-06-05 06:00:00,2018-06-05 07:00:00,14.29159779
Poaceae,DEBIED,2018-06-05 06:00:00,2018-06-05 07:00:00,52.59823959
Poaceae,DEVIEC,2018-06-05 06:00:00,2018-06-05 07:00:00,14.29159779
Pinus,DEBIED,2018-06-05 09:00:00,2018-06-05 10:00:00,4.641250565
Pinus,DEVIEC,2018-06-05 09:00:00,2018-06-05 10:00:00,14.29159779
Poaceae,DEBIED,2018-06-05 09:00:00,2018-06-05 10:00:00,60.33625734
Poaceae,DEVIEC,2018-06-05 09:00:00,2018-06-05 10:00:00,33.3470615
Pinus,DEBIED,2018-06-05 12:00:00,2018-06-05 13:00:00,0.0
Pinus,DEVIEC,2018-06-05 12:00:00,2018-06-05 13:00:00,4.763865928
Poaceae,DEBIED,2018-06-05 12:00:00,2018-06-05 13:00:00,28.64314634
Poaceae,DEVIEC,2018-06-05 12:00:00,2018-06-05 13:00:00,33.3470615
Pinus,DEBIED,2018-06-05 15:00:00,2018-06-05 16:00:00,4.781658145
Pinus,DEVIEC,2018-06-05 15:00:00,2018-06-05 16:00:00,4.759438544
Poaceae,DEBIED,2018-06-05 15:00:00,2018-06-05 16:00:00,43.0349233
Poaceae,DEVIEC,2018-06-05 15:00:00,2018-06-05 16:00:00,57.11326252
Pinus,DEBIED,2018-06-05 18:00:00,2018-06-05 19:00:00,0.0
Pinus,DEVIEC,2018-06-05 18:00:00,2018-06-05 19:00:00,14.29159779
Poaceae,DEBIED,2018-06-05 18:00:00,2018-06-05 19:00:00,57.23960459
Poaceae,DEVIEC,2018-06-05 18:00:00,2018-06-05 19:00:00,47.63865928
Pinus,DEBIED,2018-06-05 21:00:00,2018-06-05 22:00:00,0.0
Pinus,DEVIEC,2018-06-05 21:00:00,2018-06-05 22:00:00,4.763865928
Poaceae,DEBIED,2018-06-05 21:00:00,2018-06-05 22:00:00,38.25326516
Poaceae,DEVIEC,2018-06-05 21:00:00,2018-06-05 22:00:00,9.527731857
Pinus,DEBIED,2018-06-06 00:00:00,2018-06-06 01:00:00,4.773857724
Pinus,DEVIEC,2018-06-06 00:00:00,2018-06-06 01:00:00,4.763865928
Poaceae,DEBIED,2018-06-06 00:00:00,2018-06-06 01:00:00,28.64314634
Poaceae,DEVIEC,2018-06-06 00:00:00,2018-06-06 01:00:00,9.527731857
Pinus,DEBIED,2018-06-06 03:00:00,2018-06-06 04:00:00,9.473096324
Pinus,DEVIEC,2018-06-06 03:00:00,2018-06-06 04:00:00,4.759438544
Poaceae,DEBIED,2018-06-06 03:00:00,2018-06-06 04:00:00,42.62893346
Poaceae,DEVIEC,2018-06-06 03:00:00,2018-06-06 04:00:00,23.79719272
Pinus,DEBIED,2018-06-06 06:00:00,2018-06-06 07:00:00,9.563316289
Pinus,DEVIEC,2018-06-06 06:00:00,2018-06-06 07:00:00,4.768301558
Poaceae,DEBIED,2018-06-06 06:00:00,2018-06-06 07:00:00,76.50653032
Poaceae,DEVIEC,2018-06-06 06:00:00,2018-06-06 07:00:00,9.536603115
Pinus,DEVIEC,2018-06-06 09:00:00,2018-06-06 10:00:00,4.759438544
Poaceae,DEVIEC,2018-06-06 09:00:00,2018-06-06 10:00:00,47.59438544
Pinus,DEVIEC,2018-06-06 12:00:00,2018-06-06 13:00:00,0.0
Poaceae,DEVIEC,2018-06-06 12:00:00,2018-06-06 13:00:00,23.81932964
Pinus,DEBIED,2018-06-06 15:00:00,2018-06-06 16:00:00,14.70211737
Pinus,DEVIEC,2018-06-06 15:00:00,2018-06-06 16:00:00,9.536603115
Poaceae,DEBIED,2018-06-06 15:00:00,2018-06-06 16:00:00,117.616939
Poaceae,DEVIEC,2018-06-06 15:00:00,2018-06-06 16:00:00,28.60980935
Pinus,DEVIEC,2018-06-06 18:00:00,2018-06-06 19:00:00,0.0
Poaceae,DEVIEC,2018-06-06 18:00:00,2018-06-06 19:00:00,23.86372727
Pinus,DEBIED,2018-06-06 21:00:00,2018-06-06 22:00:00,0.0
Pinus,DEVIEC,2018-06-06 21:00:00,2018-06-06 22:00:00,0.0
Poaceae,DEBIED,2018-06-06 21:00:00,2018-06-06 22:00:00,0.0
Poaceae,DEVIEC,2018-06-06 21:00:00,2018-06-06 22:00:00,4.768301558
Pinus,DEVIEC,2018-06-07 00:00:00,2018-06-07 01:00:00,4.763865928
Poaceae,DEVIEC,2018-06-07 00:00:00,2018-06-07 01:00:00,14.29159779
Pinus,DEBIED,2018-06-07 03:00:00,2018-06-07 04:00:00,0.0
Pinus,DEVIEC,2018-06-07 03:00:00,2018-06-07 04:00:00,0.0
Poaceae,DEBIED,2018-06-07 03:00:00,2018-06-07 04:00:00,0.0
Poaceae,DEVIEC,2018-06-07 03:00:00,2018-06-07 04:00:00,0.0
Pinus,DEBIED,2018-06-07 06:00:00,2018-06-07 07:00:00,0.0
Pinus,DEVIEC,2018-06-07 06:00:00,2018-06-07 07:00:00,0.0
Poaceae,DEBIED,2018-06-07 06:00:00,2018-06-07 07:00:00,14.28130196
Poaceae,DEVIEC,2018-06-07 06:00:00,2018-06-07 07:00:00,4.759438544
Pinus,DEBIED,2018-06-07 09:00:00,2018-06-07 10:00:00,4.72882133
Pinus,DEVIEC,2018-06-07 09:00:00,2018-06-07 10:00:00,0.0
Poaceae,DEBIED,2018-06-07 09:00:00,2018-06-07 10:00:00,47.2882133
Poaceae,DEVIEC,2018-06-07 09:00:00,2018-06-07 10:00:00,14.29159779
Pinus,DEBIED,2018-06-07 12:00:00,2018-06-07 13:00:00,0.0
Pinus,DEVIEC,2018-06-07 12:00:00,2018-06-07 13:00:00,9.527731857
Poaceae,DEBIED,2018-06-07 12:00:00,2018-06-07 13:00:00,47.1927065
Poaceae,DEVIEC,2018-06-07 12:00:00,2018-06-07 13:00:00,9.527731857
Pinus,DEBIED,2018-06-07 15:00:00,2018-06-07 16:00:00,4.72882133
Poaceae,DEBIED,2018-06-07 15:00:00,2018-06-07 16:00:00,33.10174931
Pinus,DEBIED,2018-06-07 18:00:00,2018-06-07 19:00:00,4.72882133
Poaceae,DEBIED,2018-06-07 18:00:00,2018-06-07 19:00:00,4.72882133
Pinus,DEBIED,2018-06-07 21:00:00,2018-06-07 22:00:00,0.0
Poaceae,DEBIED,2018-06-07 21:00:00,2018-06-07 22:00:00,0.0
Pinus,DEBIED,2018-06-08 00:00:00,2018-06-08 01:00:00,0.0
Pinus,DEVIEC,2018-06-08 00:00:00,2018-06-08 01:00:00,4.763865928
Poaceae,DEBIED,2018-06-08 00:00:00,2018-06-08 01:00:00,0.0
Poaceae,DEVIEC,2018-06-08 00:00:00,2018-06-08 01:00:00,4.763865928
Pinus,DEBIED,2018-06-08 03:00:00,2018-06-08 04:00:00,0.0
Pinus,DEVIEC,2018-06-08 03:00:00,2018-06-08 04:00:00,19.05546371
Poaceae,DEBIED,2018-06-08 03:00:00,2018-06-08 04:00:00,0.0
Poaceae,DEVIEC,2018-06-08 03:00:00,2018-06-08 04:00:00,19.05546371
Pinus,DEBIED,2018-06-08 06:00:00,2018-06-08 07:00:00,0.0
Pinus,DEVIEC,2018-06-08 06:00:00,2018-06-08 07:00:00,0.0
Poaceae,DEBIED,2018-06-08 06:00:00,2018-06-08 07:00:00,4.736548162
Poaceae,DEVIEC,2018-06-08 06:00:00,2018-06-08 07:00:00,0.0
Pinus,DEBIED,2018-06-08 09:00:00,2018-06-08 10:00:00,0.0
Pinus,DEVIEC,2018-06-08 09:00:00,2018-06-08 10:00:00,4.763865928
Poaceae,DEBIED,2018-06-08 09:00:00,2018-06-08 10:00:00,33.12877115
Poaceae,DEVIEC,2018-06-08 09:00:00,2018-06-08 10:00:00,19.05546371
Pinus,DEBIED,2018-06-08 12:00:00,2018-06-08 13:00:00,4.732681592
Pinus,DEVIEC,2018-06-08 12:00:00,2018-06-08 13:00:00,0.0
Poaceae,DEBIED,2018-06-08 12:00:00,2018-06-08 13:00:00,151.445811
Poaceae,DEVIEC,2018-06-08 12:00:00,2018-06-08 13:00:00,57.21961869
Pinus,DEBIED,2018-06-08 15:00:00,2018-06-08 16:00:00,4.732681592
Pinus,DEVIEC,2018-06-08 15:00:00,2018-06-08 16:00:00,4.768301558
Poaceae,DEBIED,2018-06-08 15:00:00,2018-06-08 16:00:00,123.0497214
Poaceae,DEVIEC,2018-06-08 15:00:00,2018-06-08 16:00:00,14.30490467
Pinus,DEBIED,2018-06-08 18:00:00,2018-06-08 19:00:00,0.0
Pinus,DEVIEC,2018-06-08 18:00:00,2018-06-08 19:00:00,0.0
Poaceae,DEBIED,2018-06-08 18:00:00,2018-06-08 19:00:00,28.39608955
Poaceae,DEVIEC,2018-06-08 18:00:00,2018-06-08 19:00:00,0.0
Pinus,DEBIED,2018-06-08 21:00:00,2018-06-08 22:00:00,0.0
Pinus,DEVIEC,2018-06-08 21:00:00,2018-06-08 22:00:00,4.763865928
Poaceae,DEBIED,2018-06-08 21:00:00,2018-06-08 22:00:00,18.93072637
Poaceae,DEVIEC,2018-06-08 21:00:00,2018-06-08 22:00:00,0.0
Pinus,DEBIED,2018-06-09 00:00:00,2018-06-09 01:00:00,0.0
Pinus,DEVIEC,2018-06-09 00:00:00,2018-06-09 01:00:00,4.763865928
Poaceae,DEBIED,2018-06-09 00:00:00,2018-06-09 01:00:00,4.732681592
Poaceae,DEVIEC,2018-06-09 00:00:00,2018-06-09 01:00:00,0.0
Pinus,DEBIED,2018-06-09 03:00:00,2018-06-09 04:00:00,0.0
Pinus,DEVIEC,2018-06-09 03:00:00,2018-06-09 04:00:00,0.0
Poaceae,DEBIED,2018-06-09 03:00:00,2018-06-09 04:00:00,9.465363185
Poaceae,DEVIEC,2018-06-09 03:00:00,2018-06-09 04:00:00,4.768301558
Pinus,DEBIED,2018-06-09 06:00:00,2018-06-09 07:00:00,0.0
Poaceae,DEBIED,2018-06-09 06:00:00,2018-06-09 07:00:00,37.8923853
Pinus,DEBIED,2018-06-09 09:00:00,2018-06-09 10:00:00,0.0
Pinus,DEVIEC,2018-06-09 09:00:00,2018-06-09 10:00:00,14.29159779
Poaceae,DEBIED,2018-06-09 09:00:00,2018-06-09 10:00:00,113.5843582
Poaceae,DEVIEC,2018-06-09 09:00:00,2018-06-09 10:00:00,19.05546371
Pinus,DEBIED,2018-06-09 12:00:00,2018-06-09 13:00:00,4.732681592
Pinus,DEVIEC,2018-06-09 12:00:00,2018-06-09 13:00:00,28.60980935
Poaceae,DEBIED,2018-06-09 12:00:00,2018-06-09 13:00:00,28.39608955
Poaceae,DEVIEC,2018-06-09 12:00:00,2018-06-09 13:00:00,4.768301558
Pinus,DEBIED,2018-06-09 15:00:00,2018-06-09 16:00:00,4.740421055
Pinus,DEVIEC,2018-06-09 15:00:00,2018-06-09 16:00:00,0.0
Poaceae,DEBIED,2018-06-09 15:00:00,2018-06-09 16:00:00,14.22126317
Poaceae,DEVIEC,2018-06-09 15:00:00,2018-06-09 16:00:00,0.0
Pinus,DEBIED,2018-06-09 18:00:00,2018-06-09 19:00:00,0.0
Pinus,DEVIEC,2018-06-09 18:00:00,2018-06-09 19:00:00,0.0
Poaceae,DEBIED,2018-06-09 18:00:00,2018-06-09 19:00:00,47.36548162
Poaceae,DEVIEC,2018-06-09 18:00:00,2018-06-09 19:00:00,0.0
Pinus,DEBIED,2018-06-09 21:00:00,2018-06-09 22:00:00,0.0
Pinus,DEVIEC,2018-06-09 21:00:00,2018-06-09 22:00:00,4.768301558
Poaceae,DEBIED,2018-06-09 21:00:00,2018-06-09 22:00:00,4.736548162
Poaceae,DEVIEC,2018-06-09 21:00:00,2018-06-09 22:00:00,0.0
Pinus,DEBIED,2018-06-10 00:00:00,2018-06-10 01:00:00,0.0
Pinus,DEVIEC,2018-06-10 00:00:00,2018-06-10 01:00:00,0.0
Poaceae,DEBIED,2018-06-10 00:00:00,2018-06-10 01:00:00,0.0
Poaceae,DEVIEC,2018-06-10 00:00:00,2018-06-10 01:00:00,0.0
Pinus,DEBIED,2018-06-10 03:00:00,2018-06-10 04:00:00,0.0
Pinus,DEVIEC,2018-06-10 03:00:00,2018-06-10 04:00:00,9.527731857
Poaceae,DEBIED,2018-06-10 03:00:00,2018-06-10 04:00:00,4.736548162
Poaceae,DEVIEC,2018-06-10 03:00:00,2018-06-10 04:00:00,0.0
Pinus,DEBIED,2018-06-10 06:00:00,2018-06-10 07:00:00,0.0
Pinus,DEVIEC,2018-06-10 06:00:00,2018-06-10 07:00:00,4.763865928
Poaceae,DEBIED,2018-06-10 06:00:00,2018-06-10 07:00:00,18.93072637
Poaceae,DEVIEC,2018-06-10 06:00:00,2018-06-10 07:00:00,9.527731857
Pinus,DEBIED,2018-06-10 09:00:00,2018-06-10 10:00:00,0.0
Pinus,DEVIEC,2018-06-10 09:00:00,2018-06-10 10:00:00,0.0
Poaceae,DEBIED,2018-06-10 09:00:00,2018-06-10 10:00:00,80.52131876
Poaceae,DEVIEC,2018-06-10 09:00:00,2018-06-10 10:00:00,9.536603115
Pinus,DEBIED,2018-06-10 12:00:00,2018-06-10 13:00:00,9.45764266
Pinus,DEVIEC,2018-06-10 12:00:00,2018-06-10 13:00:00,9.518877087
Poaceae,DEBIED,2018-06-10 12:00:00,2018-06-10 13:00:00,61.47467729
Poaceae,DEVIEC,2018-06-10 12:00:00,2018-06-10 13:00:00,38.07550835
Pinus,DEBIED,2018-06-10 15:00:00,2018-06-10 16:00:00,0.0
Pinus,DEVIEC,2018-06-10 15:00:00,2018-06-10 16:00:00,0.0
Poaceae,DEBIED,2018-06-10 15:00:00,2018-06-10 16:00:00,28.37292798
Poaceae,DEVIEC,2018-06-10 15:00:00,2018-06-10 16:00:00,38.11092743
Pinus,DEBIED,2018-06-10 18:00:00,2018-06-10 19:00:00,0.0
Pinus,DEVIEC,2018-06-10 18:00:00,2018-06-10 19:00:00,0.0
Poaceae,DEBIED,2018-06-10 18:00:00,2018-06-10 19:00:00,18.96168422
Poaceae,DEVIEC,2018-06-10 18:00:00,2018-06-10 19:00:00,23.84150779
Pinus,DEBIED,2018-06-10 21:00:00,2018-06-10 22:00:00,0.0
Pinus,DEVIEC,2018-06-10 21:00:00,2018-06-10 22:00:00,0.0
Poaceae,DEBIED,2018-06-10 21:00:00,2018-06-10 22:00:00,0.0
Poaceae,DEVIEC,2018-06-10 21:00:00,2018-06-10 22:00:00,4.763865928
Pinus,DEBIED,2018-06-11 00:00:00,2018-06-11 01:00:00,0.0
Pinus,DEVIEC,2018-06-11 00:00:00,2018-06-11 01:00:00,4.768301558
Poaceae,DEBIED,2018-06-11 00:00:00,2018-06-11 01:00:00,4.72882133
Poaceae,DEVIEC,2018-06-11 00:00:00,2018-06-11 01:00:00,4.768301558
Pinus,DEVIEC,2018-06-11 03:00:00,2018-06-11 04:00:00,0.0
Poaceae,DEVIEC,2018-06-11 03:00:00,2018-06-11 04:00:00,0.0
Pinus,DEVIEC,2018-06-11 06:00:00,2018-06-11 07:00:00,0.0
Poaceae,DEVIEC,2018-06-11 06:00:00,2018-06-11 07:00:00,14.29159779
Pinus,DEBIED,2018-06-11 09:00:00,2018-06-11 10:00:00,9.79009112
Pinus,DEVIEC,2018-06-11 09:00:00,2018-06-11 10:00:00,9.527731857
Poaceae,DEBIED,2018-06-11 09:00:00,2018-06-11 10:00:00,58.74054672
Poaceae,DEVIEC,2018-06-11 09:00:00,2018-06-11 10:00:00,38.11092743
Pinus,DEVIEC,2018-06-11 12:00:00,2018-06-11 13:00:00,0.0
Poaceae,DEVIEC,2018-06-11 12:00:00,2018-06-11 13:00:00,42.91471402
Pinus,DEBIED,2018-06-11 15:00:00,2018-06-11 16:00:00,4.685948414
Pinus,DEVIEC,2018-06-11 15:00:00,2018-06-11 16:00:00,10.3938893
Poaceae,DEBIED,2018-06-11 15:00:00,2018-06-11 16:00:00,46.85948414
Poaceae,DEVIEC,2018-06-11 15:00:00,2018-06-11 16:00:00,57.16639114
Pinus,DEBIED,2018-06-11 18:00:00,2018-06-11 19:00:00,4.80371066
Pinus,DEVIEC,2018-06-11 18:00:00,2018-06-11 19:00:00,5.196944649
Poaceae,DEBIED,2018-06-11 18:00:00,2018-06-11 19:00:00,24.0185533
Poaceae,DEVIEC,2018-06-11 18:00:00,2018-06-11 19:00:00,15.59083395
Pinus,DEBIED,2018-06-11 21:00:00,2018-06-11 22:00:00,0.0
Pinus,DEVIEC,2018-06-11 21:00:00,2018-06-11 22:00:00,4.768301558
Poaceae,DEBIED,2018-06-11 21:00:00,2018-06-11 22:00:00,9.465363185
Poaceae,DEVIEC,2018-06-11 21:00:00,2018-06-11 22:00:00,0.0
Pinus,DEBIED,2018-06-12 00:00:00,2018-06-12 01:00:00,0.0
Pinus,DEVIEC,2018-06-12 00:00:00,2018-06-12 01:00:00,0.0
Poaceae,DEBIED,2018-06-12 00:00:00,2018-06-12 01:00:00,4.759880912
Poaceae,DEVIEC,2018-06-12 00:00:00,2018-06-12 01:00:00,0.0
Pinus,DEBIED,2018-06-12 03:00:00,2018-06-12 04:00:00,0.0
Pinus,DEVIEC,2018-06-12 03:00:00,2018-06-12 04:00:00,0.0
Poaceae,DEBIED,2018-06-12 03:00:00,2018-06-12 04:00:00,4.736548162
Poaceae,DEVIEC,2018-06-12 03:00:00,2018-06-12 04:00:00,0.0
Pinus,DEBIED,2018-06-12 06:00:00,2018-06-12 07:00:00,0.0
Pinus,DEVIEC,2018-06-12 06:00:00,2018-06-12 07:00:00,0.0
Poaceae,DEBIED,2018-06-12 06:00:00,2018-06-12 07:00:00,4.77775475
Poaceae,DEVIEC,2018-06-12 06:00:00,2018-06-12 07:00:00,0.0
Pinus,DEBIED,2018-06-12 09:00:00,2018-06-12 10:00:00,0.0
Pinus,DEVIEC,2018-06-12 09:00:00,2018-06-12 10:00:00,0.0
Poaceae,DEBIED,2018-06-12 09:00:00,2018-06-12 10:00:00,14.32157317
Poaceae,DEVIEC,2018-06-12 09:00:00,2018-06-12 10:00:00,0.0
Pinus,DEBIED,2018-06-12 12:00:00,2018-06-12 13:00:00,9.555509501
Pinus,DEVIEC,2018-06-12 12:00:00,2018-06-12 13:00:00,0.0
Poaceae,DEBIED,2018-06-12 12:00:00,2018-06-12 13:00:00,14.33326425
Poaceae,DEVIEC,2018-06-12 12:00:00,2018-06-12 13:00:00,41.57555719
Pinus,DEBIED,2018-06-12 15:00:00,2018-06-12 16:00:00,0.0
Pinus,DEVIEC,2018-06-12 15:00:00,2018-06-12 16:00:00,5.196944649
Poaceae,DEBIED,2018-06-12 15:00:00,2018-06-12 16:00:00,4.773857724
Poaceae,DEVIEC,2018-06-12 15:00:00,2018-06-12 16:00:00,15.59083395
Pinus,DEBIED,2018-06-12 18:00:00,2018-06-12 19:00:00,0.0
Pinus,DEVIEC,2018-06-12 18:00:00,2018-06-12 19:00:00,0.0
Poaceae,DEBIED,2018-06-12 18:00:00,2018-06-12 19:00:00,0.0
Poaceae,DEVIEC,2018-06-12 18:00:00,2018-06-12 19:00:00,0.0
Pinus,DEBIED,2018-06-12 21:00:00,2018-06-12 22:00:00,0.0
Pinus,DEVIEC,2018-06-12 21:00:00,2018-06-12 22:00:00,0.0
Poaceae,DEBIED,2018-06-12 21:00:00,2018-06-12 22:00:00,0.0
Poaceae,DEVIEC,2018-06-12 21:00:00,2018-06-12 22:00:00,4.803898415
Pinus,DEBIED,2018-06-13 00:00:00,2018-06-13 01:00:00,0.0
Pinus,DEVIEC,2018-06-13 00:00:00,2018-06-13 01:00:00,5.150125328
Poaceae,DEBIED,2018-06-13 00:00:00,2018-06-13 01:00:00,0.0
Poaceae,DEVIEC,2018-06-13 00:00:00,2018-06-13 01:00:00,0.0
Pinus,DEBIED,2018-06-13 03:00:00,2018-06-13 04:00:00,0.0
Pinus,DEVIEC,2018-06-13 03:00:00,2018-06-13 04:00:00,0.0
Poaceae,DEBIED,2018-06-13 03:00:00,2018-06-13 04:00:00,0.0
Poaceae,DEVIEC,2018-06-13 03:00:00,2018-06-13 04:00:00,0.0
Pinus,DEBIED,2018-06-13 06:00:00,2018-06-13 07:00:00,0.0
Pinus,DEVIEC,2018-06-13 06:00:00,2018-06-13 07:00:00,4.763865928
Poaceae,DEBIED,2018-06-13 06:00:00,2018-06-13 07:00:00,0.0
Poaceae,DEVIEC,2018-06-13 06:00:00,2018-06-13 07:00:00,4.763865928
Pinus,DEBIED,2018-06-13 09:00:00,2018-06-13 10:00:00,0.0
Pinus,DEVIEC,2018-06-13 09:00:00,2018-06-13 10:00:00,0.0
Poaceae,DEBIED,2018-06-13 09:00:00,2018-06-13 10:00:00,4.740421055
Poaceae,DEVIEC,2018-06-13 09:00:00,2018-06-13 10:00:00,0.0
Pinus,DEBIED,2018-06-13 12:00:00,2018-06-13 13:00:00,0.0
Pinus,DEVIEC,2018-06-13 12:00:00,2018-06-13 13:00:00,5.154920603
Poaceae,DEBIED,2018-06-13 12:00:00,2018-06-13 13:00:00,4.736548162
Poaceae,DEVIEC,2018-06-13 12:00:00,2018-06-13 13:00:00,0.0
Pinus,DEBIED,2018-06-13 15:00:00,2018-06-13 16:00:00,0.0
Pinus,DEVIEC,2018-06-13 15:00:00,2018-06-13 16:00:00,4.768301558
Poaceae,DEBIED,2018-06-13 15:00:00,2018-06-13 16:00:00,4.773857724
Poaceae,DEVIEC,2018-06-13 15:00:00,2018-06-13 16:00:00,14.30490467
Pinus,DEVIEC,2018-06-13 18:00:00,2018-06-13 19:00:00,9.518877087
Poaceae,DEVIEC,2018-06-13 18:00:00,2018-06-13 19:00:00,0.0
Pinus,DEVIEC,2018-06-13 21:00:00,2018-06-13 22:00:00,4.768301558
Poaceae,DEVIEC,2018-06-13 21:00:00,2018-06-13 22:00:00,0.0
Pinus,DEVIEC,2018-06-14 00:00:00,2018-06-14 01:00:00,0.0
Poaceae,DEVIEC,2018-06-14 00:00:00,2018-06-14 01:00:00,0.0
Pinus,DEVIEC,2018-06-14 03:00:00,2018-06-14 04:00:00,0.0
Poaceae,DEVIEC,2018-06-14 03:00:00,2018-06-14 04:00:00,0.0
Pinus,DEVIEC,2018-06-14 06:00:00,2018-06-14 07:00:00,5.150125328
Poaceae,DEVIEC,2018-06-14 06:00:00,2018-06-14 07:00:00,0.0
Pinus,DEBIED,2018-06-14 09:00:00,2018-06-14 10:00:00,10.69655895
Pinus,DEVIEC,2018-06-14 09:00:00,2018-06-14 10:00:00,0.0
Poaceae,DEBIED,2018-06-14 09:00:00,2018-06-14 10:00:00,0.0
Poaceae,DEVIEC,2018-06-14 09:00:00,2018-06-14 10:00:00,0.0
Pinus,DEBIED,2018-06-14 12:00:00,2018-06-14 13:00:00,0.0
Pinus,DEVIEC,2018-06-14 12:00:00,2018-06-14 13:00:00,0.0
Poaceae,DEBIED,2018-06-14 12:00:00,2018-06-14 13:00:00,14.18646399
Poaceae,DEVIEC,2018-06-14 12:00:00,2018-06-14 13:00:00,10.3938893
Pinus,DEBIED,2018-06-14 15:00:00,2018-06-14 16:00:00,9.45764266
Pinus,DEVIEC,2018-06-14 15:00:00,2018-06-14 16:00:00,0.0
Poaceae,DEBIED,2018-06-14 15:00:00,2018-06-14 16:00:00,14.18646399
Poaceae,DEVIEC,2018-06-14 15:00:00,2018-06-14 16:00:00,0.0
Pinus,DEBIED,2018-06-14 18:00:00,2018-06-14 19:00:00,4.736548162
Pinus,DEVIEC,2018-06-14 18:00:00,2018-06-14 19:00:00,0.0
Poaceae,DEBIED,2018-06-14 18:00:00,2018-06-14 19:00:00,23.68274081
Poaceae,DEVIEC,2018-06-14 18:00:00,2018-06-14 19:00:00,4.803898415
Pinus,DEBIED,2018-06-14 21:00:00,2018-06-14 22:00:00,4.72882133
Pinus,DEVIEC,2018-06-14 21:00:00,2018-06-14 22:00:00,5.196944649
Poaceae,DEBIED,2018-06-14 21:00:00,2018-06-14 22:00:00,9.45764266
Poaceae,DEVIEC,2018-06-14 21:00:00,2018-06-14 22:00:00,0.0
Pinus,DEBIED,2018-06-15 00:00:00,2018-06-15 01:00:00,0.0
Pinus,DEVIEC,2018-06-15 00:00:00,2018-06-15 01:00:00,0.0
Poaceae,DEBIED,2018-06-15 00:00:00,2018-06-15 01:00:00,18.89986944
Poaceae,DEVIEC,2018-06-15 00:00:00,2018-06-15 01:00:00,0.0
Pinus,DEBIED,2018-06-15 03:00:00,2018-06-15 04:00:00,0.0
Pinus,DEVIEC,2018-06-15 03:00:00,2018-06-15 04:00:00,0.0
Poaceae,DEBIED,2018-06-15 03:00:00,2018-06-15 04:00:00,9.45764266
Poaceae,DEVIEC,2018-06-15 03:00:00,2018-06-15 04:00:00,0.0
Pinus,DEBIED,2018-06-15 06:00:00,2018-06-15 07:00:00,4.72882133
Pinus,DEVIEC,2018-06-15 06:00:00,2018-06-15 07:00:00,5.201783518
Poaceae,DEBIED,2018-06-15 06:00:00,2018-06-15 07:00:00,14.18646399
Poaceae,DEVIEC,2018-06-15 06:00:00,2018-06-15 07:00:00,10.40356704
Pinus,DEBIED,2018-06-15 09:00:00,2018-06-15 10:00:00,0.0
Pinus,DEVIEC,2018-06-15 09:00:00,2018-06-15 10:00:00,0.0
Poaceae,DEBIED,2018-06-15 09:00:00,2018-06-15 10:00:00,28.39608955
Poaceae,DEVIEC,2018-06-15 09:00:00,2018-06-15 10:00:00,33.3470615
Pinus,DEBIED,2018-06-15 12:00:00,2018-06-15 13:00:00,4.736548162
Pinus,DEVIEC,2018-06-15 12:00:00,2018-06-15 13:00:00,4.768301558
Poaceae,DEBIED,2018-06-15 12:00:00,2018-06-15 13:00:00,94.73096324
Poaceae,DEVIEC,2018-06-15 12:00:00,2018-06-15 13:00:00,190.7320623
Pinus,DEBIED,2018-06-15 15:00:00,2018-06-15 16:00:00,4.732681592
Pinus,DEVIEC,2018-06-15 15:00:00,2018-06-15 16:00:00,4.768301558
Poaceae,DEBIED,2018-06-15 15:00:00,2018-06-15 16:00:00,70.99022388
Poaceae,DEVIEC,2018-06-15 15:00:00,2018-06-15 16:00:00,109.6709358
Pinus,DEBIED,2018-06-15 18:00:00,2018-06-15 19:00:00,4.72882133
Pinus,DEVIEC,2018-06-15 18:00:00,2018-06-15 19:00:00,0.0
Poaceae,DEBIED,2018-06-15 18:00:00,2018-06-15 19:00:00,47.2882133
Poaceae,DEVIEC,2018-06-15 18:00:00,2018-06-15 19:00:00,61.85904724
Pinus,DEBIED,2018-06-15 21:00:00,2018-06-15 22:00:00,4.732681592
Pinus,DEVIEC,2018-06-15 21:00:00,2018-06-15 22:00:00,0.0
Poaceae,DEBIED,2018-06-15 21:00:00,2018-06-15 22:00:00,33.12877115
Poaceae,DEVIEC,2018-06-15 21:00:00,2018-06-15 22:00:00,14.41169525
Pinus,DEBIED,2018-06-16 00:00:00,2018-06-16 01:00:00,4.732681592
Pinus,DEVIEC,2018-06-16 00:00:00,2018-06-16 01:00:00,0.0
Poaceae,DEBIED,2018-06-16 00:00:00,2018-06-16 01:00:00,4.732681592
Poaceae,DEVIEC,2018-06-16 00:00:00,2018-06-16 01:00:00,10.40356704
Pinus,DEBIED,2018-06-16 03:00:00,2018-06-16 04:00:00,0.0
Pinus,DEVIEC,2018-06-16 03:00:00,2018-06-16 04:00:00,0.0
Poaceae,DEBIED,2018-06-16 03:00:00,2018-06-16 04:00:00,9.384562714
Poaceae,DEVIEC,2018-06-16 03:00:00,2018-06-16 04:00:00,0.0
Pinus,DEBIED,2018-06-16 06:00:00,2018-06-16 07:00:00,0.0
Pinus,DEVIEC,2018-06-16 06:00:00,2018-06-16 07:00:00,0.0
Poaceae,DEBIED,2018-06-16 06:00:00,2018-06-16 07:00:00,28.39608955
Poaceae,DEVIEC,2018-06-16 06:00:00,2018-06-16 07:00:00,10.38422955
Pinus,DEBIED,2018-06-16 09:00:00,2018-06-16 10:00:00,4.732681592
Pinus,DEVIEC,2018-06-16 09:00:00,2018-06-16 10:00:00,10.47949771
Poaceae,DEBIED,2018-06-16 09:00:00,2018-06-16 10:00:00,94.65363185
Poaceae,DEVIEC,2018-06-16 09:00:00,2018-06-16 10:00:00,41.91799084
Pinus,DEBIED,2018-06-16 12:00:00,2018-06-16 13:00:00,4.732681592
Pinus,DEVIEC,2018-06-16 12:00:00,2018-06-16 13:00:00,0.0
Poaceae,DEBIED,2018-06-16 12:00:00,2018-06-16 13:00:00,108.8516766
Poaceae,DEVIEC,2018-06-16 12:00:00,2018-06-16 13:00:00,61.85904724
Pinus,DEBIED,2018-06-16 15:00:00,2018-06-16 16:00:00,4.72882133
Pinus,DEVIEC,2018-06-16 15:00:00,2018-06-16 16:00:00,0.0
Poaceae,DEBIED,2018-06-16 15:00:00,2018-06-16 16:00:00,165.5087465
Poaceae,DEVIEC,2018-06-16 15:00:00,2018-06-16 16:00:00,88.34805904
Pinus,DEBIED,2018-06-16 18:00:00,2018-06-16 19:00:00,0.0
Pinus,DEVIEC,2018-06-16 18:00:00,2018-06-16 19:00:00,0.0
Poaceae,DEBIED,2018-06-16 18:00:00,2018-06-16 19:00:00,118.3170398
Poaceae,DEVIEC,2018-06-16 18:00:00,2018-06-16 19:00:00,51.96944649
Pinus,DEBIED,2018-06-16 21:00:00,2018-06-16 22:00:00,0.0
Pinus,DEVIEC,2018-06-16 21:00:00,2018-06-16 22:00:00,5.196944649
Poaceae,DEBIED,2018-06-16 21:00:00,2018-06-16 22:00:00,33.47160701
Poaceae,DEVIEC,2018-06-16 21:00:00,2018-06-16 22:00:00,25.98472325
Pinus,DEBIED,2018-06-17 00:00:00,2018-06-17 01:00:00,0.0
Pinus,DEVIEC,2018-06-17 00:00:00,2018-06-17 01:00:00,0.0
Poaceae,DEBIED,2018-06-17 00:00:00,2018-06-17 01:00:00,18.94619265
Poaceae,DEVIEC,2018-06-17 00:00:00,2018-06-17 01:00:00,9.60779683
Pinus,DEBIED,2018-06-17 03:00:00,2018-06-17 04:00:00,0.0
Pinus,DEVIEC,2018-06-17 03:00:00,2018-06-17 04:00:00,0.0
Poaceae,DEBIED,2018-06-17 03:00:00,2018-06-17 04:00:00,23.66340796
Poaceae,DEVIEC,2018-06-17 03:00:00,2018-06-17 04:00:00,0.0
Pinus,DEBIED,2018-06-17 06:00:00,2018-06-17 07:00:00,0.0
Pinus,DEVIEC,2018-06-17 06:00:00,2018-06-17 07:00:00,0.0
Poaceae,DEBIED,2018-06-17 06:00:00,2018-06-17 07:00:00,23.86928862
Poaceae,DEVIEC,2018-06-17 06:00:00,2018-06-17 07:00:00,25.75062664
Pinus,DEBIED,2018-06-17 09:00:00,2018-06-17 10:00:00,0.0
Pinus,DEVIEC,2018-06-17 09:00:00,2018-06-17 10:00:00,5.201783518
Poaceae,DEBIED,2018-06-17 09:00:00,2018-06-17 10:00:00,75.7847706
Poaceae,DEVIEC,2018-06-17 09:00:00,2018-06-17 10:00:00,46.81605166
Pinus,DEBIED,2018-06-17 12:00:00,2018-06-17 13:00:00,4.77775475
Pinus,DEVIEC,2018-06-17 12:00:00,2018-06-17 13:00:00,5.201783518
Poaceae,DEBIED,2018-06-17 12:00:00,2018-06-17 13:00:00,57.333057
Poaceae,DEVIEC,2018-06-17 12:00:00,2018-06-17 13:00:00,83.22853628
Pinus,DEBIED,2018-06-17 15:00:00,2018-06-17 16:00:00,4.732681592
Pinus,DEVIEC,2018-06-17 15:00:00,2018-06-17 16:00:00,0.0
Poaceae,DEBIED,2018-06-17 15:00:00,2018-06-17 16:00:00,23.66340796
Poaceae,DEVIEC,2018-06-17 15:00:00,2018-06-17 16:00:00,62.4506794
Pinus,DEBIED,2018-06-17 18:00:00,2018-06-17 19:00:00,0.0
Pinus,DEVIEC,2018-06-17 18:00:00,2018-06-17 19:00:00,0.0
Poaceae,DEBIED,2018-06-17 18:00:00,2018-06-17 19:00:00,14.20964449
Poaceae,DEVIEC,2018-06-17 18:00:00,2018-06-17 19:00:00,10.30025066
Pinus,DEBIED,2018-06-17 21:00:00,2018-06-17 22:00:00,0.0
Pinus,DEVIEC,2018-06-17 21:00:00,2018-06-17 22:00:00,4.808371319
Poaceae,DEBIED,2018-06-17 21:00:00,2018-06-17 22:00:00,0.0
Poaceae,DEVIEC,2018-06-17 21:00:00,2018-06-17 22:00:00,9.616742637
Pinus,DEBIED,2018-06-18 00:00:00,2018-06-18 01:00:00,0.0
Pinus,DEVIEC,2018-06-18 00:00:00,2018-06-18 01:00:00,0.0
Poaceae,DEBIED,2018-06-18 00:00:00,2018-06-18 01:00:00,0.0
Poaceae,DEVIEC,2018-06-18 00:00:00,2018-06-18 01:00:00,0.0
Pinus,DEBIED,2018-06-18 03:00:00,2018-06-18 04:00:00,0.0
Pinus,DEVIEC,2018-06-18 03:00:00,2018-06-18 04:00:00,5.196944649
Poaceae,DEBIED,2018-06-18 03:00:00,2018-06-18 04:00:00,0.0
Poaceae,DEVIEC,2018-06-18 03:00:00,2018-06-18 04:00:00,0.0
Pinus,DEBIED,2018-06-18 06:00:00,2018-06-18 07:00:00,9.563316289
Pinus,DEVIEC,2018-06-18 06:00:00,2018-06-18 07:00:00,0.0
Poaceae,DEBIED,2018-06-18 06:00:00,2018-06-18 07:00:00,0.0
Poaceae,DEVIEC,2018-06-18 06:00:00,2018-06-18 07:00:00,0.0
Pinus,DEBIED,2018-06-18 09:00:00,2018-06-18 10:00:00,4.77775475
Pinus,DEVIEC,2018-06-18 09:00:00,2018-06-18 10:00:00,0.0
Poaceae,DEBIED,2018-06-18 09:00:00,2018-06-18 10:00:00,9.555509501
Poaceae,DEVIEC,2018-06-18 09:00:00,2018-06-18 10:00:00,20.7877786
Pinus,DEBIED,2018-06-18 12:00:00,2018-06-18 13:00:00,4.732681592
Pinus,DEVIEC,2018-06-18 12:00:00,2018-06-18 13:00:00,0.0
Poaceae,DEBIED,2018-06-18 12:00:00,2018-06-18 13:00:00,18.93072637
Poaceae,DEVIEC,2018-06-18 12:00:00,2018-06-18 13:00:00,36.41248462
Pinus,DEBIED,2018-06-18 15:00:00,2018-06-18 16:00:00,0.0
Pinus,DEVIEC,2018-06-18 15:00:00,2018-06-18 16:00:00,0.0
Poaceae,DEBIED,2018-06-18 15:00:00,2018-06-18 16:00:00,28.68994887
Poaceae,DEVIEC,2018-06-18 15:00:00,2018-06-18 16:00:00,42.87479336
Pinus,DEBIED,2018-06-18 18:00:00,2018-06-18 19:00:00,0.0
Pinus,DEVIEC,2018-06-18 18:00:00,2018-06-18 19:00:00,0.0
Poaceae,DEBIED,2018-06-18 18:00:00,2018-06-18 19:00:00,28.39608955
Poaceae,DEVIEC,2018-06-18 18:00:00,2018-06-18 19:00:00,15.60535055
Pinus,DEBIED,2018-06-18 21:00:00,2018-06-18 22:00:00,0.0
Pinus,DEVIEC,2018-06-18 21:00:00,2018-06-18 22:00:00,0.0
Poaceae,DEBIED,2018-06-18 21:00:00,2018-06-18 22:00:00,14.35670377
Poaceae,DEVIEC,2018-06-18 21:00:00,2018-06-18 22:00:00,14.29159779
Pinus,DEBIED,2018-06-19 00:00:00,2018-06-19 01:00:00,0.0
Pinus,DEVIEC,2018-06-19 00:00:00,2018-06-19 01:00:00,0.0
Poaceae,DEBIED,2018-06-19 00:00:00,2018-06-19 01:00:00,9.45764266
Poaceae,DEVIEC,2018-06-19 00:00:00,2018-06-19 01:00:00,0.0
Pinus,DEBIED,2018-06-19 03:00:00,2018-06-19 04:00:00,4.781658145
Pinus,DEVIEC,2018-06-19 03:00:00,2018-06-19 04:00:00,4.763865928
Poaceae,DEBIED,2018-06-19 03:00:00,2018-06-19 04:00:00,9.563316289
Poaceae,DEVIEC,2018-06-19 03:00:00,2018-06-19 04:00:00,9.527731857
Pinus,DEVIEC,2018-06-19 06:00:00,2018-06-19 07:00:00,0.0
Poaceae,DEVIEC,2018-06-19 06:00:00,2018-06-19 07:00:00,4.763865928
Pinus,DEVIEC,2018-06-19 09:00:00,2018-06-19 10:00:00,4.772745455
Poaceae,DEVIEC,2018-06-19 09:00:00,2018-06-19 10:00:00,14.31823636
Pinus,DEVIEC,2018-06-19 12:00:00,2018-06-19 13:00:00,9.527731857
Poaceae,DEVIEC,2018-06-19 12:00:00,2018-06-19 13:00:00,14.29159779
Pinus,DEBIED,2018-06-19 15:00:00,2018-06-19 16:00:00,14.56793687
Pinus,DEVIEC,2018-06-19 15:00:00,2018-06-19 16:00:00,0.0
Poaceae,DEBIED,2018-06-19 15:00:00,2018-06-19 16:00:00,33.99185269
Poaceae,DEVIEC,2018-06-19 15:00:00,2018-06-19 16:00:00,4.768301558
Pinus,DEVIEC,2018-06-19 18:00:00,2018-06-19 19:00:00,0.0
Poaceae,DEVIEC,2018-06-19 18:00:00,2018-06-19 19:00:00,5.196944649
Pinus,DEBIED,2018-06-19 21:00:00,2018-06-19 22:00:00,0.0
Pinus,DEVIEC,2018-06-19 21:00:00,2018-06-19 22:00:00,0.0
Poaceae,DEBIED,2018-06-19 21:00:00,2018-06-19 22:00:00,18.53728202
Poaceae,DEVIEC,2018-06-19 21:00:00,2018-06-19 22:00:00,5.201783518
Pinus,DEBIED,2018-06-20 00:00:00,2018-06-20 01:00:00,0.0
Poaceae,DEBIED,2018-06-20 00:00:00,2018-06-20 01:00:00,9.529061493
Pinus,DEBIED,2018-06-20 03:00:00,2018-06-20 04:00:00,0.0
Poaceae,DEBIED,2018-06-20 03:00:00,2018-06-20 04:00:00,4.732681592
Pinus,DEBIED,2018-06-20 06:00:00,2018-06-20 07:00:00,4.748185873
Poaceae,DEBIED,2018-06-20 06:00:00,2018-06-20 07:00:00,4.748185873
Pinus,DEBIED,2018-06-20 18:00:00,2018-06-20 19:00:00,0.0
Poaceae,DEBIED,2018-06-20 18:00:00,2018-06-20 19:00:00,43.41393384
Pinus,DEBIED,2018-06-21 00:00:00,2018-06-21 01:00:00,0.0
Poaceae,DEBIED,2018-06-21 00:00:00,2018-06-21 01:00:00,9.276055921
Pinus,DEBIED,2018-06-21 03:00:00,2018-06-21 04:00:00,0.0
Poaceae,DEBIED,2018-06-21 03:00:00,2018-06-21 04:00:00,9.529061493
Pinus,DEBIED,2018-06-21 09:00:00,2018-06-21 10:00:00,0.0
Poaceae,DEBIED,2018-06-21 09:00:00,2018-06-21 10:00:00,23.55763897
Pinus,DEBIED,2018-06-21 12:00:00,2018-06-21 13:00:00,14.30990115
Pinus,DEVIEC,2018-06-21 12:00:00,2018-06-21 13:00:00,6.186838868
Poaceae,DEBIED,2018-06-21 12:00:00,2018-06-21 13:00:00,33.38976934
Poaceae,DEVIEC,2018-06-21 12:00:00,2018-06-21 13:00:00,55.68154981
Pinus,DEBIED,2018-06-21 15:00:00,2018-06-21 16:00:00,4.736548162
Pinus,DEVIEC,2018-06-21 15:00:00,2018-06-21 16:00:00,25.98472325
Poaceae,DEBIED,2018-06-21 15:00:00,2018-06-21 16:00:00,4.736548162
Poaceae,DEVIEC,2018-06-21 15:00:00,2018-06-21 16:00:00,46.77250184
Pinus,DEBIED,2018-06-21 18:00:00,2018-06-21 19:00:00,0.0
Pinus,DEVIEC,2018-06-21 18:00:00,2018-06-21 19:00:00,0.0
Poaceae,DEBIED,2018-06-21 18:00:00,2018-06-21 19:00:00,4.732681592
Poaceae,DEVIEC,2018-06-21 18:00:00,2018-06-21 19:00:00,10.38422955
Pinus,DEBIED,2018-06-21 21:00:00,2018-06-21 22:00:00,9.465363185
Pinus,DEVIEC,2018-06-21 21:00:00,2018-06-21 22:00:00,10.40356704
Poaceae,DEBIED,2018-06-21 21:00:00,2018-06-21 22:00:00,42.59413433
Poaceae,DEVIEC,2018-06-21 21:00:00,2018-06-21 22:00:00,5.201783518
Pinus,DEBIED,2018-06-22 00:00:00,2018-06-22 01:00:00,4.732681592
Pinus,DEVIEC,2018-06-22 00:00:00,2018-06-22 01:00:00,5.196944649
Poaceae,DEBIED,2018-06-22 00:00:00,2018-06-22 01:00:00,4.732681592
Poaceae,DEVIEC,2018-06-22 00:00:00,2018-06-22 01:00:00,0.0
Pinus,DEBIED,2018-06-22 03:00:00,2018-06-22 04:00:00,4.72882133
Pinus,DEVIEC,2018-06-22 03:00:00,2018-06-22 04:00:00,5.196944649
Poaceae,DEBIED,2018-06-22 03:00:00,2018-06-22 04:00:00,9.45764266
Poaceae,DEVIEC,2018-06-22 03:00:00,2018-06-22 04:00:00,5.196944649
Pinus,DEBIED,2018-06-22 06:00:00,2018-06-22 07:00:00,0.0
Pinus,DEVIEC,2018-06-22 06:00:00,2018-06-22 07:00:00,5.196944649
Poaceae,DEBIED,2018-06-22 06:00:00,2018-06-22 07:00:00,70.93231995
Poaceae,DEVIEC,2018-06-22 06:00:00,2018-06-22 07:00:00,15.59083395
Pinus,DEBIED,2018-06-22 09:00:00,2018-06-22 10:00:00,0.0
Pinus,DEVIEC,2018-06-22 09:00:00,2018-06-22 10:00:00,0.0
Poaceae,DEBIED,2018-06-22 09:00:00,2018-06-22 10:00:00,37.83057064
Poaceae,DEVIEC,2018-06-22 09:00:00,2018-06-22 10:00:00,10.40356704
Pinus,DEBIED,2018-06-22 12:00:00,2018-06-22 13:00:00,4.736548162
Pinus,DEVIEC,2018-06-22 12:00:00,2018-06-22 13:00:00,10.3938893
Poaceae,DEBIED,2018-06-22 12:00:00,2018-06-22 13:00:00,37.8923853
Poaceae,DEVIEC,2018-06-22 12:00:00,2018-06-22 13:00:00,0.0
Pinus,DEBIED,2018-06-22 15:00:00,2018-06-22 16:00:00,9.45764266
Pinus,DEVIEC,2018-06-22 15:00:00,2018-06-22 16:00:00,31.18166789
Poaceae,DEBIED,2018-06-22 15:00:00,2018-06-22 16:00:00,33.10174931
Poaceae,DEVIEC,2018-06-22 15:00:00,2018-06-22 16:00:00,5.196944649
Pinus,DEBIED,2018-06-22 18:00:00,2018-06-22 19:00:00,4.736548162
Pinus,DEVIEC,2018-06-22 18:00:00,2018-06-22 19:00:00,10.3938893
Poaceae,DEBIED,2018-06-22 18:00:00,2018-06-22 19:00:00,4.736548162
Poaceae,DEVIEC,2018-06-22 18:00:00,2018-06-22 19:00:00,0.0
Pinus,DEBIED,2018-06-22 21:00:00,2018-06-22 22:00:00,9.563316289
Pinus,DEVIEC,2018-06-22 21:00:00,2018-06-22 22:00:00,0.0
Poaceae,DEBIED,2018-06-22 21:00:00,2018-06-22 22:00:00,0.0
Poaceae,DEVIEC,2018-06-22 21:00:00,2018-06-22 22:00:00,0.0
Pinus,DEBIED,2018-06-23 00:00:00,2018-06-23 01:00:00,0.0
Pinus,DEVIEC,2018-06-23 00:00:00,2018-06-23 01:00:00,5.196944649
Poaceae,DEBIED,2018-06-23 00:00:00,2018-06-23 01:00:00,0.0
Poaceae,DEVIEC,2018-06-23 00:00:00,2018-06-23 01:00:00,0.0
Pinus,DEBIED,2018-06-23 03:00:00,2018-06-23 04:00:00,0.0
Pinus,DEVIEC,2018-06-23 03:00:00,2018-06-23 04:00:00,0.0
Poaceae,DEBIED,2018-06-23 03:00:00,2018-06-23 04:00:00,0.0
Poaceae,DEVIEC,2018-06-23 03:00:00,2018-06-23 04:00:00,5.192114775
Pinus,DEBIED,2018-06-23 06:00:00,2018-06-23 07:00:00,0.0
Pinus,DEVIEC,2018-06-23 06:00:00,2018-06-23 07:00:00,0.0
Poaceae,DEBIED,2018-06-23 06:00:00,2018-06-23 07:00:00,4.732681592
Poaceae,DEVIEC,2018-06-23 06:00:00,2018-06-23 07:00:00,0.0
Pinus,DEBIED,2018-06-23 09:00:00,2018-06-23 10:00:00,0.0
Pinus,DEVIEC,2018-06-23 09:00:00,2018-06-23 10:00:00,5.201783518
Poaceae,DEBIED,2018-06-23 09:00:00,2018-06-23 10:00:00,4.732681592
Poaceae,DEVIEC,2018-06-23 09:00:00,2018-06-23 10:00:00,0.0
Pinus,DEBIED,2018-06-23 12:00:00,2018-06-23 13:00:00,4.736548162
Pinus,DEVIEC,2018-06-23 12:00:00,2018-06-23 13:00:00,5.249506302
Poaceae,DEBIED,2018-06-23 12:00:00,2018-06-23 13:00:00,23.68274081
Poaceae,DEVIEC,2018-06-23 12:00:00,2018-06-23 13:00:00,0.0
Pinus,DEBIED,2018-06-23 15:00:00,2018-06-23 16:00:00,4.773857724
Pinus,DEVIEC,2018-06-23 15:00:00,2018-06-23 16:00:00,5.201783518
Poaceae,DEBIED,2018-06-23 15:00:00,2018-06-23 16:00:00,23.86928862
Poaceae,DEVIEC,2018-06-23 15:00:00,2018-06-23 16:00:00,0.0
Pinus,DEBIED,2018-06-23 18:00:00,2018-06-23 19:00:00,0.0
Pinus,DEVIEC,2018-06-23 18:00:00,2018-06-23 19:00:00,0.0
Poaceae,DEBIED,2018-06-23 18:00:00,2018-06-23 19:00:00,28.68994887
Poaceae,DEVIEC,2018-06-23 18:00:00,2018-06-23 19:00:00,5.196944649
Pinus,DEBIED,2018-06-23 21:00:00,2018-06-23 22:00:00,4.732681592
Pinus,DEVIEC,2018-06-23 21:00:00,2018-06-23 22:00:00,0.0
Poaceae,DEBIED,2018-06-23 21:00:00,2018-06-23 22:00:00,9.465363185
Poaceae,DEVIEC,2018-06-23 21:00:00,2018-06-23 22:00:00,5.150125328
Pinus,DEBIED,2018-06-24 00:00:00,2018-06-24 01:00:00,0.0
Pinus,DEVIEC,2018-06-24 00:00:00,2018-06-24 01:00:00,0.0
Poaceae,DEBIED,2018-06-24 00:00:00,2018-06-24 01:00:00,0.0
Poaceae,DEVIEC,2018-06-24 00:00:00,2018-06-24 01:00:00,0.0
Pinus,DEBIED,2018-06-24 03:00:00,2018-06-24 04:00:00,4.732681592
Pinus,DEVIEC,2018-06-24 03:00:00,2018-06-24 04:00:00,0.0
Poaceae,DEBIED,2018-06-24 03:00:00,2018-06-24 04:00:00,0.0
Poaceae,DEVIEC,2018-06-24 03:00:00,2018-06-24 04:00:00,5.154920603
Pinus,DEBIED,2018-06-24 06:00:00,2018-06-24 07:00:00,0.0
Pinus,DEVIEC,2018-06-24 06:00:00,2018-06-24 07:00:00,0.0
Poaceae,DEBIED,2018-06-24 06:00:00,2018-06-24 07:00:00,0.0
Poaceae,DEVIEC,2018-06-24 06:00:00,2018-06-24 07:00:00,0.0
Pinus,DEBIED,2018-06-24 09:00:00,2018-06-24 10:00:00,0.0
Pinus,DEVIEC,2018-06-24 09:00:00,2018-06-24 10:00:00,0.0
Poaceae,DEBIED,2018-06-24 09:00:00,2018-06-24 10:00:00,4.732681592
Poaceae,DEVIEC,2018-06-24 09:00:00,2018-06-24 10:00:00,0.0
Pinus,DEBIED,2018-06-24 12:00:00,2018-06-24 13:00:00,0.0
Pinus,DEVIEC,2018-06-24 12:00:00,2018-06-24 13:00:00,0.0
Poaceae,DEBIED,2018-06-24 12:00:00,2018-06-24 13:00:00,0.0
Poaceae,DEVIEC,2018-06-24 12:00:00,2018-06-24 13:00:00,15.45037598
Pinus,DEBIED,2018-06-24 15:00:00,2018-06-24 16:00:00,4.781658145
Pinus,DEVIEC,2018-06-24 15:00:00,2018-06-24 16:00:00,5.154920603
Poaceae,DEBIED,2018-06-24 15:00:00,2018-06-24 16:00:00,23.90829072
Poaceae,DEVIEC,2018-06-24 15:00:00,2018-06-24 16:00:00,25.77460301
Pinus,DEBIED,2018-06-24 18:00:00,2018-06-24 19:00:00,0.0
Pinus,DEVIEC,2018-06-24 18:00:00,2018-06-24 19:00:00,0.0
Poaceae,DEBIED,2018-06-24 18:00:00,2018-06-24 19:00:00,19.111019
Poaceae,DEVIEC,2018-06-24 18:00:00,2018-06-24 19:00:00,10.3938893
Pinus,DEBIED,2018-06-24 21:00:00,2018-06-24 22:00:00,0.0
Pinus,DEVIEC,2018-06-24 21:00:00,2018-06-24 22:00:00,0.0
Poaceae,DEBIED,2018-06-24 21:00:00,2018-06-24 22:00:00,4.77775475
Poaceae,DEVIEC,2018-06-24 21:00:00,2018-06-24 22:00:00,0.0
Pinus,DEBIED,2018-06-25 00:00:00,2018-06-25 01:00:00,0.0
Pinus,DEVIEC,2018-06-25 00:00:00,2018-06-25 01:00:00,0.0
Poaceae,DEBIED,2018-06-25 00:00:00,2018-06-25 01:00:00,0.0
Poaceae,DEVIEC,2018-06-25 00:00:00,2018-06-25 01:00:00,0.0
Pinus,DEBIED,2018-06-25 03:00:00,2018-06-25 04:00:00,0.0
Pinus,DEVIEC,2018-06-25 03:00:00,2018-06-25 04:00:00,0.0
Poaceae,DEBIED,2018-06-25 03:00:00,2018-06-25 04:00:00,0.0
Poaceae,DEVIEC,2018-06-25 03:00:00,2018-06-25 04:00:00,0.0
Pinus,DEBIED,2018-06-25 06:00:00,2018-06-25 07:00:00,0.0
Pinus,DEVIEC,2018-06-25 06:00:00,2018-06-25 07:00:00,5.150125328
Poaceae,DEBIED,2018-06-25 06:00:00,2018-06-25 07:00:00,4.77775475
Poaceae,DEVIEC,2018-06-25 06:00:00,2018-06-25 07:00:00,0.0
Pinus,DEBIED,2018-06-25 09:00:00,2018-06-25 10:00:00,0.0
Pinus,DEVIEC,2018-06-25 09:00:00,2018-06-25 10:00:00,0.0
Poaceae,DEBIED,2018-06-25 09:00:00,2018-06-25 10:00:00,14.33326425
Poaceae,DEVIEC,2018-06-25 09:00:00,2018-06-25 10:00:00,0.0
Pinus,DEVIEC,2018-06-25 12:00:00,2018-06-25 13:00:00,10.3938893
Poaceae,DEVIEC,2018-06-25 12:00:00,2018-06-25 13:00:00,10.3938893
Pinus,DEBIED,2018-06-25 15:00:00,2018-06-25 16:00:00,0.0
Pinus,DEVIEC,2018-06-25 15:00:00,2018-06-25 16:00:00,0.0
Poaceae,DEBIED,2018-06-25 15:00:00,2018-06-25 16:00:00,9.719715066
Poaceae,DEVIEC,2018-06-25 15:00:00,2018-06-25 16:00:00,10.3938893
Pinus,DEVIEC,2018-06-25 18:00:00,2018-06-25 19:00:00,0.0
Poaceae,DEVIEC,2018-06-25 18:00:00,2018-06-25 19:00:00,15.59083395
Pinus,DEBIED,2018-06-25 21:00:00,2018-06-25 22:00:00,0.0
Pinus,DEVIEC,2018-06-25 21:00:00,2018-06-25 22:00:00,0.0
Poaceae,DEBIED,2018-06-25 21:00:00,2018-06-25 22:00:00,14.02416031
Poaceae,DEVIEC,2018-06-25 21:00:00,2018-06-25 22:00:00,15.59083395
Pinus,DEBIED,2018-06-26 00:00:00,2018-06-26 01:00:00,0.0
Pinus,DEVIEC,2018-06-26 00:00:00,2018-06-26 01:00:00,0.0
Poaceae,DEBIED,2018-06-26 00:00:00,2018-06-26 01:00:00,14.16597088
Poaceae,DEVIEC,2018-06-26 00:00:00,2018-06-26 01:00:00,15.46476181
Pinus,DEBIED,2018-06-26 03:00:00,2018-06-26 04:00:00,0.0
Pinus,DEVIEC,2018-06-26 03:00:00,2018-06-26 04:00:00,0.0
Poaceae,DEBIED,2018-06-26 03:00:00,2018-06-26 04:00:00,4.63802796
Poaceae,DEVIEC,2018-06-26 03:00:00,2018-06-26 04:00:00,5.201783518
Pinus,DEBIED,2018-06-26 06:00:00,2018-06-26 07:00:00,4.711527794
Pinus,DEVIEC,2018-06-26 06:00:00,2018-06-26 07:00:00,0.0
Poaceae,DEBIED,2018-06-26 06:00:00,2018-06-26 07:00:00,0.0
Poaceae,DEVIEC,2018-06-26 06:00:00,2018-06-26 07:00:00,0.0
Pinus,DEVIEC,2018-06-27 09:00:00,2018-06-27 10:00:00,0.0
Poaceae,DEVIEC,2018-06-27 09:00:00,2018-06-27 10:00:00,30.8999751
Pinus,DEVIEC,2018-06-27 12:00:00,2018-06-27 13:00:00,10.3938893
Poaceae,DEVIEC,2018-06-27 12:00:00,2018-06-27 13:00:00,5.196944649
Pinus,DEVIEC,2018-06-27 15:00:00,2018-06-27 16:00:00,5.196944649
Poaceae,DEVIEC,2018-06-27 15:00:00,2018-06-27 16:00:00,0.0
Pinus,DEVIEC,2018-06-27 18:00:00,2018-06-27 19:00:00,5.196944649
Poaceae,DEVIEC,2018-06-27 18:00:00,2018-06-27 19:00:00,0.0
Pinus,DEBIED,2018-06-27 21:00:00,2018-06-27 22:00:00,0.0
Pinus,DEVIEC,2018-06-27 21:00:00,2018-06-27 22:00:00,0.0
Poaceae,DEBIED,2018-06-27 21:00:00,2018-06-27 22:00:00,19.45496924
Poaceae,DEVIEC,2018-06-27 21:00:00,2018-06-27 22:00:00,0.0
Pinus,DEVIEC,2018-06-28 00:00:00,2018-06-28 01:00:00,0.0
Poaceae,DEVIEC,2018-06-28 00:00:00,2018-06-28 01:00:00,0.0
Pinus,DEBIED,2018-06-28 03:00:00,2018-06-28 04:00:00,0.0
Pinus,DEVIEC,2018-06-28 03:00:00,2018-06-28 04:00:00,0.0
Poaceae,DEBIED,2018-06-28 03:00:00,2018-06-28 04:00:00,4.63802796
Poaceae,DEVIEC,2018-06-28 03:00:00,2018-06-28 04:00:00,0.0
Pinus,DEBIED,2018-06-28 06:00:00,2018-06-28 07:00:00,0.0
Pinus,DEVIEC,2018-06-28 06:00:00,2018-06-28 07:00:00,0.0
Poaceae,DEBIED,2018-06-28 06:00:00,2018-06-28 07:00:00,0.0
Poaceae,DEVIEC,2018-06-28 06:00:00,2018-06-28 07:00:00,0.0
Pinus,DEBIED,2018-06-28 09:00:00,2018-06-28 10:00:00,0.0
Pinus,DEVIEC,2018-06-28 09:00:00,2018-06-28 10:00:00,0.0
Poaceae,DEBIED,2018-06-28 09:00:00,2018-06-28 10:00:00,0.0
Poaceae,DEVIEC,2018-06-28 09:00:00,2018-06-28 10:00:00,0.0
Pinus,DEBIED,2018-06-28 12:00:00,2018-06-28 13:00:00,0.0
Pinus,DEVIEC,2018-06-28 12:00:00,2018-06-28 13:00:00,10.30984121
Poaceae,DEBIED,2018-06-28 12:00:00,2018-06-28 13:00:00,0.0
Poaceae,DEVIEC,2018-06-28 12:00:00,2018-06-28 13:00:00,5.154920603
Pinus,DEBIED,2018-06-28 15:00:00,2018-06-28 16:00:00,0.0
Pinus,DEVIEC,2018-06-28 15:00:00,2018-06-28 16:00:00,0.0
Poaceae,DEBIED,2018-06-28 15:00:00,2018-06-28 16:00:00,0.0
Poaceae,DEVIEC,2018-06-28 15:00:00,2018-06-28 16:00:00,0.0
Pinus,DEBIED,2018-06-28 18:00:00,2018-06-28 19:00:00,0.0
Pinus,DEVIEC,2018-06-28 18:00:00,2018-06-28 19:00:00,0.0
Poaceae,DEBIED,2018-06-28 18:00:00,2018-06-28 19:00:00,0.0
Poaceae,DEVIEC,2018-06-28 18:00:00,2018-06-28 19:00:00,0.0
Pinus,DEBIED,2018-06-28 21:00:00,2018-06-28 22:00:00,0.0
Pinus,DEVIEC,2018-06-28 21:00:00,2018-06-28 22:00:00,0.0
Poaceae,DEBIED,2018-06-28 21:00:00,2018-06-28 22:00:00,0.0
Poaceae,DEVIEC,2018-06-28 21:00:00,2018-06-28 22:00:00,0.0
Pinus,DEBIED,2018-06-29 00:00:00,2018-06-29 01:00:00,0.0
Pinus,DEVIEC,2018-06-29 00:00:00,2018-06-29 01:00:00,0.0
Poaceae,DEBIED,2018-06-29 00:00:00,2018-06-29 01:00:00,0.0
Poaceae,DEVIEC,2018-06-29 00:00:00,2018-06-29 01:00:00,0.0
Pinus,DEBIED,2018-06-29 03:00:00,2018-06-29 04:00:00,0.0
Pinus,DEVIEC,2018-06-29 03:00:00,2018-06-29 04:00:00,0.0
Poaceae,DEBIED,2018-06-29 03:00:00,2018-06-29 04:00:00,0.0
Poaceae,DEVIEC,2018-06-29 03:00:00,2018-06-29 04:00:00,0.0
Pinus,DEBIED,2018-06-29 06:00:00,2018-06-29 07:00:00,0.0
Pinus,DEVIEC,2018-06-29 06:00:00,2018-06-29 07:00:00,0.0
Poaceae,DEBIED,2018-06-29 06:00:00,2018-06-29 07:00:00,0.0
Poaceae,DEVIEC,2018-06-29 06:00:00,2018-06-29 07:00:00,5.150125328
Pinus,DEBIED,2018-06-29 09:00:00,2018-06-29 10:00:00,0.0
Pinus,DEVIEC,2018-06-29 09:00:00,2018-06-29 10:00:00,10.41326281
Poaceae,DEBIED,2018-06-29 09:00:00,2018-06-29 10:00:00,0.0
Poaceae,DEVIEC,2018-06-29 09:00:00,2018-06-29 10:00:00,15.61989422
Pinus,DEBIED,2018-06-29 12:00:00,2018-06-29 13:00:00,0.0
Pinus,DEVIEC,2018-06-29 12:00:00,2018-06-29 13:00:00,5.201783518
Poaceae,DEBIED,2018-06-29 12:00:00,2018-06-29 13:00:00,4.692281357
Poaceae,DEVIEC,2018-06-29 12:00:00,2018-06-29 13:00:00,104.0356704
Pinus,DEBIED,2018-06-29 15:00:00,2018-06-29 16:00:00,0.0
Pinus,DEVIEC,2018-06-29 15:00:00,2018-06-29 16:00:00,0.0
Poaceae,DEBIED,2018-06-29 15:00:00,2018-06-29 16:00:00,0.0
Poaceae,DEVIEC,2018-06-29 15:00:00,2018-06-29 16:00:00,62.36333579
Pinus,DEBIED,2018-06-29 18:00:00,2018-06-29 19:00:00,4.684626738
Pinus,DEVIEC,2018-06-29 18:00:00,2018-06-29 19:00:00,0.0
Poaceae,DEBIED,2018-06-29 18:00:00,2018-06-29 19:00:00,0.0
Poaceae,DEVIEC,2018-06-29 18:00:00,2018-06-29 19:00:00,20.7877786
Pinus,DEBIED,2018-06-29 21:00:00,2018-06-29 22:00:00,0.0
Pinus,DEVIEC,2018-06-29 21:00:00,2018-06-29 22:00:00,0.0
Poaceae,DEBIED,2018-06-29 21:00:00,2018-06-29 22:00:00,0.0
Poaceae,DEVIEC,2018-06-29 21:00:00,2018-06-29 22:00:00,25.98472325
Pinus,DEBIED,2018-06-30 00:00:00,2018-06-30 01:00:00,4.692281357
Pinus,DEVIEC,2018-06-30 00:00:00,2018-06-30 01:00:00,0.0
Poaceae,DEBIED,2018-06-30 00:00:00,2018-06-30 01:00:00,0.0
Poaceae,DEVIEC,2018-06-30 00:00:00,2018-06-30 01:00:00,46.81605166
Pinus,DEBIED,2018-06-30 03:00:00,2018-06-30 04:00:00,0.0
Pinus,DEVIEC,2018-06-30 03:00:00,2018-06-30 04:00:00,0.0
Poaceae,DEBIED,2018-06-30 03:00:00,2018-06-30 04:00:00,0.0
Poaceae,DEVIEC,2018-06-30 03:00:00,2018-06-30 04:00:00,10.3938893
Pinus,DEBIED,2018-06-30 06:00:00,2018-06-30 07:00:00,0.0
Pinus,DEVIEC,2018-06-30 06:00:00,2018-06-30 07:00:00,0.0
Poaceae,DEBIED,2018-06-30 06:00:00,2018-06-30 07:00:00,18.93072637
Poaceae,DEVIEC,2018-06-30 06:00:00,2018-06-30 07:00:00,25.96057387
Pinus,DEBIED,2018-06-30 09:00:00,2018-06-30 10:00:00,4.72882133
Pinus,DEVIEC,2018-06-30 09:00:00,2018-06-30 10:00:00,5.201783518
Poaceae,DEBIED,2018-06-30 09:00:00,2018-06-30 10:00:00,85.11878394
Poaceae,DEVIEC,2018-06-30 09:00:00,2018-06-30 10:00:00,52.01783518
Pinus,DEBIED,2018-06-30 12:00:00,2018-06-30 13:00:00,0.0
Pinus,DEVIEC,2018-06-30 12:00:00,2018-06-30 13:00:00,10.40356704
Poaceae,DEBIED,2018-06-30 12:00:00,2018-06-30 13:00:00,47.32681592
Poaceae,DEVIEC,2018-06-30 12:00:00,2018-06-30 13:00:00,31.21070111
Pinus,DEBIED,2018-06-30 15:00:00,2018-06-30 16:00:00,0.0
Pinus,DEVIEC,2018-06-30 15:00:00,2018-06-30 16:00:00,0.0
Poaceae,DEBIED,2018-06-30 15:00:00,2018-06-30 16:00:00,47.32681592
Poaceae,DEVIEC,2018-06-30 15:00:00,2018-06-30 16:00:00,30.68193507
Pinus,DEBIED,2018-06-30 18:00:00,2018-06-30 19:00:00,0.0
Pinus,DEVIEC,2018-06-30 18:00:00,2018-06-30 19:00:00,5.196944649
Poaceae,DEBIED,2018-06-30 18:00:00,2018-06-30 19:00:00,28.39608955
Poaceae,DEVIEC,2018-06-30 18:00:00,2018-06-30 19:00:00,10.3938893
Pinus,DEBIED,2018-06-30 21:00:00,2018-06-30 22:00:00,0.0
Pinus,DEVIEC,2018-06-30 21:00:00,2018-06-30 22:00:00,0.0
Poaceae,DEBIED,2018-06-30 21:00:00,2018-06-30 22:00:00,9.465363185
Poaceae,DEVIEC,2018-06-30 21:00:00,2018-06-30 22:00:00,0.0
Pinus,DEBIED,2018-07-01 00:00:00,2018-07-01 01:00:00,0.0
Pinus,DEVIEC,2018-07-01 00:00:00,2018-07-01 01:00:00,0.0
Poaceae,DEBIED,2018-07-01 00:00:00,2018-07-01 01:00:00,9.376901846
Poaceae,DEVIEC,2018-07-01 00:00:00,2018-07-01 01:00:00,5.206631405
Pinus,DEBIED,2018-07-01 03:00:00,2018-07-01 04:00:00,0.0
Pinus,DEVIEC,2018-07-01 03:00:00,2018-07-01 04:00:00,0.0
Poaceae,DEBIED,2018-07-01 03:00:00,2018-07-01 04:00:00,18.94619265
Poaceae,DEVIEC,2018-07-01 03:00:00,2018-07-01 04:00:00,5.201783518
Pinus,DEBIED,2018-07-01 06:00:00,2018-07-01 07:00:00,0.0
Pinus,DEVIEC,2018-07-01 06:00:00,2018-07-01 07:00:00,0.0
Poaceae,DEBIED,2018-07-01 06:00:00,2018-07-01 07:00:00,28.39608955
Poaceae,DEVIEC,2018-07-01 06:00:00,2018-07-01 07:00:00,0.0
Pinus,DEBIED,2018-07-01 09:00:00,2018-07-01 10:00:00,0.0
Pinus,DEVIEC,2018-07-01 09:00:00,2018-07-01 10:00:00,0.0
Poaceae,DEBIED,2018-07-01 09:00:00,2018-07-01 10:00:00,23.66340796
Poaceae,DEVIEC,2018-07-01 09:00:00,2018-07-01 10:00:00,5.201783518
Pinus,DEBIED,2018-07-01 12:00:00,2018-07-01 13:00:00,0.0
Pinus,DEVIEC,2018-07-01 12:00:00,2018-07-01 13:00:00,0.0
Poaceae,DEBIED,2018-07-01 12:00:00,2018-07-01 13:00:00,66.25754229
Poaceae,DEVIEC,2018-07-01 12:00:00,2018-07-01 13:00:00,5.201783518
Pinus,DEBIED,2018-07-01 15:00:00,2018-07-01 16:00:00,0.0
Pinus,DEVIEC,2018-07-01 15:00:00,2018-07-01 16:00:00,0.0
Poaceae,DEBIED,2018-07-01 15:00:00,2018-07-01 16:00:00,56.74585596
Poaceae,DEVIEC,2018-07-01 15:00:00,2018-07-01 16:00:00,36.41248462
Pinus,DEBIED,2018-07-01 18:00:00,2018-07-01 19:00:00,0.0
Pinus,DEVIEC,2018-07-01 18:00:00,2018-07-01 19:00:00,0.0
Poaceae,DEBIED,2018-07-01 18:00:00,2018-07-01 19:00:00,28.39608955
Poaceae,DEVIEC,2018-07-01 18:00:00,2018-07-01 19:00:00,20.7877786
Pinus,DEBIED,2018-07-01 21:00:00,2018-07-01 22:00:00,0.0
Pinus,DEVIEC,2018-07-01 21:00:00,2018-07-01 22:00:00,0.0
Poaceae,DEBIED,2018-07-01 21:00:00,2018-07-01 22:00:00,18.91528532
Poaceae,DEVIEC,2018-07-01 21:00:00,2018-07-01 22:00:00,0.0
Pinus,DEBIED,2018-07-02 00:00:00,2018-07-02 01:00:00,0.0
Pinus,DEVIEC,2018-07-02 00:00:00,2018-07-02 01:00:00,0.0
Poaceae,DEBIED,2018-07-02 00:00:00,2018-07-02 01:00:00,33.15583714
Poaceae,DEVIEC,2018-07-02 00:00:00,2018-07-02 01:00:00,0.0
Pinus,DEBIED,2018-07-02 03:00:00,2018-07-02 04:00:00,0.0
Pinus,DEVIEC,2018-07-02 03:00:00,2018-07-02 04:00:00,0.0
Poaceae,DEBIED,2018-07-02 03:00:00,2018-07-02 04:00:00,9.473096324
Poaceae,DEVIEC,2018-07-02 03:00:00,2018-07-02 04:00:00,0.0
Pinus,DEBIED,2018-07-02 06:00:00,2018-07-02 07:00:00,0.0
Pinus,DEVIEC,2018-07-02 06:00:00,2018-07-02 07:00:00,0.0
Poaceae,DEBIED,2018-07-02 06:00:00,2018-07-02 07:00:00,4.732681592
Poaceae,DEVIEC,2018-07-02 06:00:00,2018-07-02 07:00:00,10.3938893
Pinus,DEBIED,2018-07-02 09:00:00,2018-07-02 10:00:00,0.0
Pinus,DEVIEC,2018-07-02 09:00:00,2018-07-02 10:00:00,0.0
Poaceae,DEBIED,2018-07-02 09:00:00,2018-07-02 10:00:00,18.94619265
Poaceae,DEVIEC,2018-07-02 09:00:00,2018-07-02 10:00:00,0.0
Pinus,DEBIED,2018-07-02 12:00:00,2018-07-02 13:00:00,0.0
Pinus,DEVIEC,2018-07-02 12:00:00,2018-07-02 13:00:00,0.0
Poaceae,DEBIED,2018-07-02 12:00:00,2018-07-02 13:00:00,28.37292798
Poaceae,DEVIEC,2018-07-02 12:00:00,2018-07-02 13:00:00,15.59083395
Pinus,DEBIED,2018-07-02 15:00:00,2018-07-02 16:00:00,0.0
Pinus,DEVIEC,2018-07-02 15:00:00,2018-07-02 16:00:00,0.0
Poaceae,DEBIED,2018-07-02 15:00:00,2018-07-02 16:00:00,66.25754229
Poaceae,DEVIEC,2018-07-02 15:00:00,2018-07-02 16:00:00,52.01783518
Pinus,DEBIED,2018-07-02 18:00:00,2018-07-02 19:00:00,0.0
Pinus,DEVIEC,2018-07-02 18:00:00,2018-07-02 19:00:00,0.0
Poaceae,DEBIED,2018-07-02 18:00:00,2018-07-02 19:00:00,18.94619265
Poaceae,DEVIEC,2018-07-02 18:00:00,2018-07-02 19:00:00,25.75062664
Pinus,DEBIED,2018-07-02 21:00:00,2018-07-02 22:00:00,0.0
Pinus,DEVIEC,2018-07-02 21:00:00,2018-07-02 22:00:00,0.0
Poaceae,DEBIED,2018-07-02 21:00:00,2018-07-02 22:00:00,0.0
Poaceae,DEVIEC,2018-07-02 21:00:00,2018-07-02 22:00:00,5.201783518
Pinus,DEBIED,2018-07-03 00:00:00,2018-07-03 01:00:00,0.0
Pinus,DEVIEC,2018-07-03 00:00:00,2018-07-03 01:00:00,0.0
Poaceae,DEBIED,2018-07-03 00:00:00,2018-07-03 01:00:00,4.732681592
Poaceae,DEVIEC,2018-07-03 00:00:00,2018-07-03 01:00:00,5.154920603
Pinus,DEBIED,2018-07-03 03:00:00,2018-07-03 04:00:00,0.0
Pinus,DEVIEC,2018-07-03 03:00:00,2018-07-03 04:00:00,0.0
Poaceae,DEBIED,2018-07-03 03:00:00,2018-07-03 04:00:00,4.72882133
Poaceae,DEVIEC,2018-07-03 03:00:00,2018-07-03 04:00:00,15.60535055
Pinus,DEBIED,2018-07-03 06:00:00,2018-07-03 07:00:00,0.0
Pinus,DEVIEC,2018-07-03 06:00:00,2018-07-03 07:00:00,0.0
Poaceae,DEBIED,2018-07-03 06:00:00,2018-07-03 07:00:00,0.0
Poaceae,DEVIEC,2018-07-03 06:00:00,2018-07-03 07:00:00,0.0
Pinus,DEBIED,2018-07-03 09:00:00,2018-07-03 10:00:00,0.0
Pinus,DEVIEC,2018-07-03 09:00:00,2018-07-03 10:00:00,0.0
Poaceae,DEBIED,2018-07-03 09:00:00,2018-07-03 10:00:00,5.284990581
Poaceae,DEVIEC,2018-07-03 09:00:00,2018-07-03 10:00:00,15.60535055
Pinus,DEBIED,2018-07-03 12:00:00,2018-07-03 13:00:00,0.0
Pinus,DEVIEC,2018-07-03 12:00:00,2018-07-03 13:00:00,0.0
Poaceae,DEBIED,2018-07-03 12:00:00,2018-07-03 13:00:00,44.22838773
Poaceae,DEVIEC,2018-07-03 12:00:00,2018-07-03 13:00:00,20.7877786
Pinus,DEVIEC,2018-07-03 15:00:00,2018-07-03 16:00:00,0.0
Poaceae,DEVIEC,2018-07-03 15:00:00,2018-07-03 16:00:00,57.21961869
Pinus,DEBIED,2018-07-03 18:00:00,2018-07-03 19:00:00,0.0
Pinus,DEVIEC,2018-07-03 18:00:00,2018-07-03 19:00:00,0.0
Poaceae,DEBIED,2018-07-03 18:00:00,2018-07-03 19:00:00,24.09880101
Poaceae,DEVIEC,2018-07-03 18:00:00,2018-07-03 19:00:00,15.59083395
Pinus,DEBIED,2018-07-03 21:00:00,2018-07-03 22:00:00,0.0
Pinus,DEVIEC,2018-07-03 21:00:00,2018-07-03 22:00:00,0.0
Poaceae,DEBIED,2018-07-03 21:00:00,2018-07-03 22:00:00,0.0
Poaceae,DEVIEC,2018-07-03 21:00:00,2018-07-03 22:00:00,9.536603115
Pinus,DEBIED,2018-07-04 00:00:00,2018-07-04 01:00:00,0.0
Pinus,DEVIEC,2018-07-04 00:00:00,2018-07-04 01:00:00,0.0
Poaceae,DEBIED,2018-07-04 00:00:00,2018-07-04 01:00:00,0.0
Poaceae,DEVIEC,2018-07-04 00:00:00,2018-07-04 01:00:00,5.201783518
Pinus,DEBIED,2018-07-04 03:00:00,2018-07-04 04:00:00,0.0
Pinus,DEVIEC,2018-07-04 03:00:00,2018-07-04 04:00:00,0.0
Poaceae,DEBIED,2018-07-04 03:00:00,2018-07-04 04:00:00,0.0
Poaceae,DEVIEC,2018-07-04 03:00:00,2018-07-04 04:00:00,5.211488338
Pinus,DEBIED,2018-07-04 06:00:00,2018-07-04 07:00:00,0.0
Pinus,DEVIEC,2018-07-04 06:00:00,2018-07-04 07:00:00,0.0
Poaceae,DEBIED,2018-07-04 06:00:00,2018-07-04 07:00:00,0.0
Poaceae,DEVIEC,2018-07-04 06:00:00,2018-07-04 07:00:00,20.7877786
Pinus,DEBIED,2018-07-04 09:00:00,2018-07-04 10:00:00,0.0
Pinus,DEVIEC,2018-07-04 09:00:00,2018-07-04 10:00:00,0.0
Poaceae,DEBIED,2018-07-04 09:00:00,2018-07-04 10:00:00,42.62893346
Poaceae,DEVIEC,2018-07-04 09:00:00,2018-07-04 10:00:00,15.59083395
Pinus,DEBIED,2018-07-04 12:00:00,2018-07-04 13:00:00,0.0
Pinus,DEVIEC,2018-07-04 12:00:00,2018-07-04 13:00:00,0.0
Poaceae,DEBIED,2018-07-04 12:00:00,2018-07-04 13:00:00,0.0
Poaceae,DEVIEC,2018-07-04 12:00:00,2018-07-04 13:00:00,20.80713407
Pinus,DEBIED,2018-07-04 15:00:00,2018-07-04 16:00:00,0.0
Pinus,DEVIEC,2018-07-04 15:00:00,2018-07-04 16:00:00,0.0
Poaceae,DEBIED,2018-07-04 15:00:00,2018-07-04 16:00:00,42.59413433
Poaceae,DEVIEC,2018-07-04 15:00:00,2018-07-04 16:00:00,20.82652562
Pinus,DEBIED,2018-07-04 18:00:00,2018-07-04 19:00:00,0.0
Pinus,DEVIEC,2018-07-04 18:00:00,2018-07-04 19:00:00,0.0
Poaceae,DEBIED,2018-07-04 18:00:00,2018-07-04 19:00:00,14.19804478
Poaceae,DEVIEC,2018-07-04 18:00:00,2018-07-04 19:00:00,5.201783518
Pinus,DEBIED,2018-07-04 21:00:00,2018-07-04 22:00:00,0.0
Pinus,DEVIEC,2018-07-04 21:00:00,2018-07-04 22:00:00,0.0
Poaceae,DEBIED,2018-07-04 21:00:00,2018-07-04 22:00:00,0.0
Poaceae,DEVIEC,2018-07-04 21:00:00,2018-07-04 22:00:00,0.0
Pinus,DEBIED,2018-07-05 00:00:00,2018-07-05 01:00:00,0.0
Pinus,DEVIEC,2018-07-05 00:00:00,2018-07-05 01:00:00,0.0
Poaceae,DEBIED,2018-07-05 00:00:00,2018-07-05 01:00:00,0.0
Poaceae,DEVIEC,2018-07-05 00:00:00,2018-07-05 01:00:00,5.159724816
Pinus,DEBIED,2018-07-05 03:00:00,2018-07-05 04:00:00,0.0
Pinus,DEVIEC,2018-07-05 03:00:00,2018-07-05 04:00:00,0.0
Poaceae,DEBIED,2018-07-05 03:00:00,2018-07-05 04:00:00,0.0
Poaceae,DEVIEC,2018-07-05 03:00:00,2018-07-05 04:00:00,0.0
Pinus,DEBIED,2018-07-05 06:00:00,2018-07-05 07:00:00,0.0
Pinus,DEVIEC,2018-07-05 06:00:00,2018-07-05 07:00:00,0.0
Poaceae,DEBIED,2018-07-05 06:00:00,2018-07-05 07:00:00,4.732681592
Poaceae,DEVIEC,2018-07-05 06:00:00,2018-07-05 07:00:00,15.60535055
Pinus,DEBIED,2018-07-05 09:00:00,2018-07-05 10:00:00,0.0
Pinus,DEVIEC,2018-07-05 09:00:00,2018-07-05 10:00:00,0.0
Poaceae,DEBIED,2018-07-05 09:00:00,2018-07-05 10:00:00,9.473096324
Poaceae,DEVIEC,2018-07-05 09:00:00,2018-07-05 10:00:00,20.65815197
Pinus,DEBIED,2018-07-05 12:00:00,2018-07-05 13:00:00,0.0
Pinus,DEVIEC,2018-07-05 12:00:00,2018-07-05 13:00:00,0.0
Poaceae,DEBIED,2018-07-05 12:00:00,2018-07-05 13:00:00,14.33326425
Poaceae,DEVIEC,2018-07-05 12:00:00,2018-07-05 13:00:00,15.60535055
Pinus,DEBIED,2018-07-05 15:00:00,2018-07-05 16:00:00,0.0
Pinus,DEVIEC,2018-07-05 15:00:00,2018-07-05 16:00:00,0.0
Poaceae,DEBIED,2018-07-05 15:00:00,2018-07-05 16:00:00,52.01703463
Poaceae,DEVIEC,2018-07-05 15:00:00,2018-07-05 16:00:00,15.61989422
Pinus,DEBIED,2018-07-05 18:00:00,2018-07-05 19:00:00,0.0
Pinus,DEVIEC,2018-07-05 18:00:00,2018-07-05 19:00:00,0.0
Poaceae,DEBIED,2018-07-05 18:00:00,2018-07-05 19:00:00,0.0
Poaceae,DEVIEC,2018-07-05 18:00:00,2018-07-05 19:00:00,5.201783518
Pinus,DEBIED,2018-07-05 21:00:00,2018-07-05 22:00:00,0.0
Pinus,DEVIEC,2018-07-05 21:00:00,2018-07-05 22:00:00,0.0
Poaceae,DEBIED,2018-07-05 21:00:00,2018-07-05 22:00:00,4.72882133
Poaceae,DEVIEC,2018-07-05 21:00:00,2018-07-05 22:00:00,0.0
Pinus,DEBIED,2018-07-06 00:00:00,2018-07-06 01:00:00,0.0
Pinus,DEVIEC,2018-07-06 00:00:00,2018-07-06 01:00:00,0.0
Poaceae,DEBIED,2018-07-06 00:00:00,2018-07-06 01:00:00,0.0
Poaceae,DEVIEC,2018-07-06 00:00:00,2018-07-06 01:00:00,0.0
Pinus,DEBIED,2018-07-06 03:00:00,2018-07-06 04:00:00,0.0
Pinus,DEVIEC,2018-07-06 03:00:00,2018-07-06 04:00:00,0.0
Poaceae,DEBIED,2018-07-06 03:00:00,2018-07-06 04:00:00,0.0
Poaceae,DEVIEC,2018-07-06 03:00:00,2018-07-06 04:00:00,0.0
Pinus,DEBIED,2018-07-06 06:00:00,2018-07-06 07:00:00,0.0
Pinus,DEVIEC,2018-07-06 06:00:00,2018-07-06 07:00:00,0.0
Poaceae,DEBIED,2018-07-06 06:00:00,2018-07-06 07:00:00,0.0
Poaceae,DEVIEC,2018-07-06 06:00:00,2018-07-06 07:00:00,0.0
Pinus,DEBIED,2018-07-06 09:00:00,2018-07-06 10:00:00,0.0
Pinus,DEVIEC,2018-07-06 09:00:00,2018-07-06 10:00:00,0.0
Poaceae,DEBIED,2018-07-06 09:00:00,2018-07-06 10:00:00,0.0
Poaceae,DEVIEC,2018-07-06 09:00:00,2018-07-06 10:00:00,20.84595335
Pinus,DEBIED,2018-07-06 12:00:00,2018-07-06 13:00:00,0.0
Pinus,DEVIEC,2018-07-06 12:00:00,2018-07-06 13:00:00,0.0
Poaceae,DEBIED,2018-07-06 12:00:00,2018-07-06 13:00:00,0.0
Poaceae,DEVIEC,2018-07-06 12:00:00,2018-07-06 13:00:00,0.0
Pinus,DEBIED,2018-07-06 15:00:00,2018-07-06 16:00:00,0.0
Pinus,DEVIEC,2018-07-06 15:00:00,2018-07-06 16:00:00,0.0
Poaceae,DEBIED,2018-07-06 15:00:00,2018-07-06 16:00:00,4.827635627
Poaceae,DEVIEC,2018-07-06 15:00:00,2018-07-06 16:00:00,0.0
Pinus,DEBIED,2018-07-06 18:00:00,2018-07-06 19:00:00,0.0
Pinus,DEVIEC,2018-07-06 18:00:00,2018-07-06 19:00:00,0.0
Poaceae,DEBIED,2018-07-06 18:00:00,2018-07-06 19:00:00,4.8236947
Poaceae,DEVIEC,2018-07-06 18:00:00,2018-07-06 19:00:00,0.0
Pinus,DEBIED,2018-07-06 21:00:00,2018-07-06 22:00:00,0.0
Pinus,DEVIEC,2018-07-06 21:00:00,2018-07-06 22:00:00,0.0
Poaceae,DEBIED,2018-07-06 21:00:00,2018-07-06 22:00:00,0.0
Poaceae,DEVIEC,2018-07-06 21:00:00,2018-07-06 22:00:00,5.196944649
Pinus,DEBIED,2018-07-07 00:00:00,2018-07-07 01:00:00,0.0
Pinus,DEVIEC,2018-07-07 00:00:00,2018-07-07 01:00:00,0.0
Poaceae,DEBIED,2018-07-07 00:00:00,2018-07-07 01:00:00,0.0
Poaceae,DEVIEC,2018-07-07 00:00:00,2018-07-07 01:00:00,0.0
Pinus,DEBIED,2018-07-07 03:00:00,2018-07-07 04:00:00,0.0
Pinus,DEVIEC,2018-07-07 03:00:00,2018-07-07 04:00:00,0.0
Poaceae,DEBIED,2018-07-07 03:00:00,2018-07-07 04:00:00,0.0
Poaceae,DEVIEC,2018-07-07 03:00:00,2018-07-07 04:00:00,0.0
Pinus,DEBIED,2018-07-07 06:00:00,2018-07-07 07:00:00,0.0
Pinus,DEVIEC,2018-07-07 06:00:00,2018-07-07 07:00:00,0.0
Poaceae,DEBIED,2018-07-07 06:00:00,2018-07-07 07:00:00,9.655271254
Poaceae,DEVIEC,2018-07-07 06:00:00,2018-07-07 07:00:00,0.0
Pinus,DEBIED,2018-07-07 09:00:00,2018-07-07 10:00:00,0.0
Pinus,DEVIEC,2018-07-07 09:00:00,2018-07-07 10:00:00,0.0
Poaceae,DEBIED,2018-07-07 09:00:00,2018-07-07 10:00:00,19.31054251
Poaceae,DEVIEC,2018-07-07 09:00:00,2018-07-07 10:00:00,46.77250184
Pinus,DEBIED,2018-07-07 12:00:00,2018-07-07 13:00:00,0.0
Pinus,DEVIEC,2018-07-07 12:00:00,2018-07-07 13:00:00,0.0
Poaceae,DEBIED,2018-07-07 12:00:00,2018-07-07 13:00:00,115.957992
Poaceae,DEVIEC,2018-07-07 12:00:00,2018-07-07 13:00:00,56.70412663
Pinus,DEBIED,2018-07-07 15:00:00,2018-07-07 16:00:00,0.0
Pinus,DEVIEC,2018-07-07 15:00:00,2018-07-07 16:00:00,0.0
Poaceae,DEBIED,2018-07-07 15:00:00,2018-07-07 16:00:00,57.83712242
Poaceae,DEVIEC,2018-07-07 15:00:00,2018-07-07 16:00:00,31.21070111
Pinus,DEBIED,2018-07-07 18:00:00,2018-07-07 19:00:00,0.0
Pinus,DEVIEC,2018-07-07 18:00:00,2018-07-07 19:00:00,0.0
Poaceae,DEBIED,2018-07-07 18:00:00,2018-07-07 19:00:00,9.6473894
Poaceae,DEVIEC,2018-07-07 18:00:00,2018-07-07 19:00:00,0.0
Pinus,DEBIED,2018-07-07 21:00:00,2018-07-07 22:00:00,0.0
Pinus,DEVIEC,2018-07-07 21:00:00,2018-07-07 22:00:00,0.0
Poaceae,DEBIED,2018-07-07 21:00:00,2018-07-07 22:00:00,4.827635627
Poaceae,DEVIEC,2018-07-07 21:00:00,2018-07-07 22:00:00,10.30984121
Pinus,DEBIED,2018-07-08 00:00:00,2018-07-08 01:00:00,0.0
Pinus,DEVIEC,2018-07-08 00:00:00,2018-07-08 01:00:00,0.0
Poaceae,DEBIED,2018-07-08 00:00:00,2018-07-08 01:00:00,4.827635627
Poaceae,DEVIEC,2018-07-08 00:00:00,2018-07-08 01:00:00,15.46476181
Pinus,DEBIED,2018-07-08 03:00:00,2018-07-08 04:00:00,0.0
Pinus,DEVIEC,2018-07-08 03:00:00,2018-07-08 04:00:00,0.0
Poaceae,DEBIED,2018-07-08 03:00:00,2018-07-08 04:00:00,0.0
Poaceae,DEVIEC,2018-07-08 03:00:00,2018-07-08 04:00:00,5.201783518
Pinus,DEBIED,2018-07-08 06:00:00,2018-07-08 07:00:00,0.0
Pinus,DEVIEC,2018-07-08 06:00:00,2018-07-08 07:00:00,0.0
Poaceae,DEBIED,2018-07-08 06:00:00,2018-07-08 07:00:00,4.8236947
Poaceae,DEVIEC,2018-07-08 06:00:00,2018-07-08 07:00:00,15.63446501
Pinus,DEBIED,2018-07-08 09:00:00,2018-07-08 10:00:00,0.0
Pinus,DEVIEC,2018-07-08 09:00:00,2018-07-08 10:00:00,0.0
Poaceae,DEBIED,2018-07-08 09:00:00,2018-07-08 10:00:00,14.4710841
Poaceae,DEVIEC,2018-07-08 09:00:00,2018-07-08 10:00:00,51.50125328
Pinus,DEBIED,2018-07-08 12:00:00,2018-07-08 13:00:00,0.0
Pinus,DEVIEC,2018-07-08 12:00:00,2018-07-08 13:00:00,0.0
Poaceae,DEBIED,2018-07-08 12:00:00,2018-07-08 13:00:00,67.5317258
Poaceae,DEVIEC,2018-07-08 12:00:00,2018-07-08 13:00:00,66.95162926
Pinus,DEBIED,2018-07-08 15:00:00,2018-07-08 16:00:00,0.0
Pinus,DEVIEC,2018-07-08 15:00:00,2018-07-08 16:00:00,0.0
Poaceae,DEBIED,2018-07-08 15:00:00,2018-07-08 16:00:00,47.32681592
Poaceae,DEVIEC,2018-07-08 15:00:00,2018-07-08 16:00:00,10.40356704
Pinus,DEBIED,2018-07-08 18:00:00,2018-07-08 19:00:00,0.0
Pinus,DEVIEC,2018-07-08 18:00:00,2018-07-08 19:00:00,0.0
Poaceae,DEBIED,2018-07-08 18:00:00,2018-07-08 19:00:00,14.18646399
Poaceae,DEVIEC,2018-07-08 18:00:00,2018-07-08 19:00:00,15.60535055
Pinus,DEBIED,2018-07-08 21:00:00,2018-07-08 22:00:00,0.0
Pinus,DEVIEC,2018-07-08 21:00:00,2018-07-08 22:00:00,0.0
Poaceae,DEBIED,2018-07-08 21:00:00,2018-07-08 22:00:00,4.732681592
Poaceae,DEVIEC,2018-07-08 21:00:00,2018-07-08 22:00:00,10.30984121
Pinus,DEBIED,2018-07-09 00:00:00,2018-07-09 01:00:00,0.0
Pinus,DEVIEC,2018-07-09 00:00:00,2018-07-09 01:00:00,0.0
Poaceae,DEBIED,2018-07-09 00:00:00,2018-07-09 01:00:00,0.0
Poaceae,DEVIEC,2018-07-09 00:00:00,2018-07-09 01:00:00,5.145338966
Pinus,DEBIED,2018-07-09 03:00:00,2018-07-09 04:00:00,0.0
Pinus,DEVIEC,2018-07-09 03:00:00,2018-07-09 04:00:00,0.0
Poaceae,DEBIED,2018-07-09 03:00:00,2018-07-09 04:00:00,23.66340796
Poaceae,DEVIEC,2018-07-09 03:00:00,2018-07-09 04:00:00,5.201783518
Pinus,DEBIED,2018-07-09 06:00:00,2018-07-09 07:00:00,0.0
Pinus,DEVIEC,2018-07-09 06:00:00,2018-07-09 07:00:00,0.0
Poaceae,DEBIED,2018-07-09 06:00:00,2018-07-09 07:00:00,9.555509501
Poaceae,DEVIEC,2018-07-09 06:00:00,2018-07-09 07:00:00,5.206631405
Pinus,DEBIED,2018-07-09 09:00:00,2018-07-09 10:00:00,0.0
Pinus,DEVIEC,2018-07-09 09:00:00,2018-07-09 10:00:00,0.0
Poaceae,DEBIED,2018-07-09 09:00:00,2018-07-09 10:00:00,4.732681592
Poaceae,DEVIEC,2018-07-09 09:00:00,2018-07-09 10:00:00,5.145338966
Pinus,DEBIED,2018-07-09 12:00:00,2018-07-09 13:00:00,0.0
Pinus,DEVIEC,2018-07-09 12:00:00,2018-07-09 13:00:00,0.0
Poaceae,DEBIED,2018-07-09 12:00:00,2018-07-09 13:00:00,23.66340796
Poaceae,DEVIEC,2018-07-09 12:00:00,2018-07-09 13:00:00,20.80713407
Pinus,DEBIED,2018-07-09 15:00:00,2018-07-09 16:00:00,0.0
Pinus,DEVIEC,2018-07-09 15:00:00,2018-07-09 16:00:00,0.0
Poaceae,DEBIED,2018-07-09 15:00:00,2018-07-09 16:00:00,18.91528532
Poaceae,DEVIEC,2018-07-09 15:00:00,2018-07-09 16:00:00,10.40356704
Pinus,DEBIED,2018-07-09 18:00:00,2018-07-09 19:00:00,0.0
Pinus,DEVIEC,2018-07-09 18:00:00,2018-07-09 19:00:00,0.0
Poaceae,DEBIED,2018-07-09 18:00:00,2018-07-09 19:00:00,23.68274081
Poaceae,DEVIEC,2018-07-09 18:00:00,2018-07-09 19:00:00,5.150125328
Pinus,DEBIED,2018-07-09 21:00:00,2018-07-09 22:00:00,0.0
Pinus,DEVIEC,2018-07-09 21:00:00,2018-07-09 22:00:00,0.0
Poaceae,DEBIED,2018-07-09 21:00:00,2018-07-09 22:00:00,18.94619265
Poaceae,DEVIEC,2018-07-09 21:00:00,2018-07-09 22:00:00,0.0
Pinus,DEBIED,2018-07-10 00:00:00,2018-07-10 01:00:00,0.0
Pinus,DEVIEC,2018-07-10 00:00:00,2018-07-10 01:00:00,0.0
Poaceae,DEBIED,2018-07-10 00:00:00,2018-07-10 01:00:00,14.20964449
Poaceae,DEVIEC,2018-07-10 00:00:00,2018-07-10 01:00:00,5.201783518
Pinus,DEBIED,2018-07-10 03:00:00,2018-07-10 04:00:00,0.0
Pinus,DEVIEC,2018-07-10 03:00:00,2018-07-10 04:00:00,0.0
Poaceae,DEBIED,2018-07-10 03:00:00,2018-07-10 04:00:00,9.465363185
Poaceae,DEVIEC,2018-07-10 03:00:00,2018-07-10 04:00:00,0.0
Pinus,DEBIED,2018-07-10 06:00:00,2018-07-10 07:00:00,0.0
Pinus,DEVIEC,2018-07-10 06:00:00,2018-07-10 07:00:00,0.0
Poaceae,DEBIED,2018-07-10 06:00:00,2018-07-10 07:00:00,9.465363185
Poaceae,DEVIEC,2018-07-10 06:00:00,2018-07-10 07:00:00,5.192114775
Pinus,DEBIED,2018-07-10 09:00:00,2018-07-10 10:00:00,0.0
Pinus,DEVIEC,2018-07-10 09:00:00,2018-07-10 10:00:00,0.0
Poaceae,DEBIED,2018-07-10 09:00:00,2018-07-10 10:00:00,18.91528532
Poaceae,DEVIEC,2018-07-10 09:00:00,2018-07-10 10:00:00,10.40356704
Pinus,DEBIED,2018-07-10 12:00:00,2018-07-10 13:00:00,0.0
Pinus,DEVIEC,2018-07-10 12:00:00,2018-07-10 13:00:00,0.0
Poaceae,DEBIED,2018-07-10 12:00:00,2018-07-10 13:00:00,14.20964449
Poaceae,DEVIEC,2018-07-10 12:00:00,2018-07-10 13:00:00,0.0
Pinus,DEBIED,2018-07-10 15:00:00,2018-07-10 16:00:00,0.0
Pinus,DEVIEC,2018-07-10 15:00:00,2018-07-10 16:00:00,0.0
Poaceae,DEBIED,2018-07-10 15:00:00,2018-07-10 16:00:00,33.38976934
Poaceae,DEVIEC,2018-07-10 15:00:00,2018-07-10 16:00:00,10.30984121
Pinus,DEBIED,2018-07-10 18:00:00,2018-07-10 19:00:00,0.0
Pinus,DEVIEC,2018-07-10 18:00:00,2018-07-10 19:00:00,0.0
Poaceae,DEBIED,2018-07-10 18:00:00,2018-07-10 19:00:00,0.0
Poaceae,DEVIEC,2018-07-10 18:00:00,2018-07-10 19:00:00,5.154920603
Pinus,DEBIED,2018-07-10 21:00:00,2018-07-10 22:00:00,0.0
Pinus,DEVIEC,2018-07-10 21:00:00,2018-07-10 22:00:00,0.0
Poaceae,DEBIED,2018-07-10 21:00:00,2018-07-10 22:00:00,0.0
Poaceae,DEVIEC,2018-07-10 21:00:00,2018-07-10 22:00:00,0.0
Pinus,DEBIED,2018-07-11 00:00:00,2018-07-11 01:00:00,0.0
Pinus,DEVIEC,2018-07-11 00:00:00,2018-07-11 01:00:00,0.0
Poaceae,DEBIED,2018-07-11 00:00:00,2018-07-11 01:00:00,0.0
Poaceae,DEVIEC,2018-07-11 00:00:00,2018-07-11 01:00:00,0.0
Pinus,DEBIED,2018-07-11 03:00:00,2018-07-11 04:00:00,0.0
Pinus,DEVIEC,2018-07-11 03:00:00,2018-07-11 04:00:00,0.0
Poaceae,DEBIED,2018-07-11 03:00:00,2018-07-11 04:00:00,0.0
Poaceae,DEVIEC,2018-07-11 03:00:00,2018-07-11 04:00:00,0.0
Pinus,DEBIED,2018-07-11 06:00:00,2018-07-11 07:00:00,0.0
Pinus,DEVIEC,2018-07-11 06:00:00,2018-07-11 07:00:00,0.0
Poaceae,DEBIED,2018-07-11 06:00:00,2018-07-11 07:00:00,9.555509501
Poaceae,DEVIEC,2018-07-11 06:00:00,2018-07-11 07:00:00,5.201783518
Pinus,DEBIED,2018-07-11 09:00:00,2018-07-11 10:00:00,0.0
Pinus,DEVIEC,2018-07-11 09:00:00,2018-07-11 10:00:00,0.0
Poaceae,DEBIED,2018-07-11 09:00:00,2018-07-11 10:00:00,4.732681592
Poaceae,DEVIEC,2018-07-11 09:00:00,2018-07-11 10:00:00,5.201783518
Pinus,DEBIED,2018-07-11 12:00:00,2018-07-11 13:00:00,0.0
Pinus,DEVIEC,2018-07-11 12:00:00,2018-07-11 13:00:00,0.0
Poaceae,DEBIED,2018-07-11 12:00:00,2018-07-11 13:00:00,9.465363185
Poaceae,DEVIEC,2018-07-11 12:00:00,2018-07-11 13:00:00,5.159724816
Pinus,DEBIED,2018-07-11 15:00:00,2018-07-11 16:00:00,0.0
Pinus,DEVIEC,2018-07-11 15:00:00,2018-07-11 16:00:00,0.0
Poaceae,DEBIED,2018-07-11 15:00:00,2018-07-11 16:00:00,14.20964449
Poaceae,DEVIEC,2018-07-11 15:00:00,2018-07-11 16:00:00,5.201783518
Pinus,DEBIED,2018-07-11 18:00:00,2018-07-11 19:00:00,0.0
Pinus,DEVIEC,2018-07-11 18:00:00,2018-07-11 19:00:00,0.0
Poaceae,DEBIED,2018-07-11 18:00:00,2018-07-11 19:00:00,9.465363185
Poaceae,DEVIEC,2018-07-11 18:00:00,2018-07-11 19:00:00,5.150125328
Pinus,DEBIED,2018-07-11 21:00:00,2018-07-11 22:00:00,0.0
Pinus,DEVIEC,2018-07-11 21:00:00,2018-07-11 22:00:00,0.0
Poaceae,DEBIED,2018-07-11 21:00:00,2018-07-11 22:00:00,4.732681592
Poaceae,DEVIEC,2018-07-11 21:00:00,2018-07-11 22:00:00,0.0
Pinus,DEBIED,2018-07-12 00:00:00,2018-07-12 01:00:00,0.0
Pinus,DEVIEC,2018-07-12 00:00:00,2018-07-12 01:00:00,0.0
Poaceae,DEBIED,2018-07-12 00:00:00,2018-07-12 01:00:00,4.732681592
Poaceae,DEVIEC,2018-07-12 00:00:00,2018-07-12 01:00:00,0.0
Pinus,DEBIED,2018-07-12 03:00:00,2018-07-12 04:00:00,0.0
Pinus,DEVIEC,2018-07-12 03:00:00,2018-07-12 04:00:00,0.0
Poaceae,DEBIED,2018-07-12 03:00:00,2018-07-12 04:00:00,4.72882133
Poaceae,DEVIEC,2018-07-12 03:00:00,2018-07-12 04:00:00,0.0
Pinus,DEBIED,2018-07-12 06:00:00,2018-07-12 07:00:00,0.0
Pinus,DEVIEC,2018-07-12 06:00:00,2018-07-12 07:00:00,0.0
Poaceae,DEBIED,2018-07-12 06:00:00,2018-07-12 07:00:00,0.0
Poaceae,DEVIEC,2018-07-12 06:00:00,2018-07-12 07:00:00,0.0
Pinus,DEBIED,2018-07-12 09:00:00,2018-07-12 10:00:00,0.0
Pinus,DEVIEC,2018-07-12 09:00:00,2018-07-12 10:00:00,0.0
Poaceae,DEBIED,2018-07-12 09:00:00,2018-07-12 10:00:00,0.0
Poaceae,DEVIEC,2018-07-12 09:00:00,2018-07-12 10:00:00,0.0
Pinus,DEBIED,2018-07-12 12:00:00,2018-07-12 13:00:00,0.0
Pinus,DEVIEC,2018-07-12 12:00:00,2018-07-12 13:00:00,0.0
Poaceae,DEBIED,2018-07-12 12:00:00,2018-07-12 13:00:00,28.39608955
Poaceae,DEVIEC,2018-07-12 12:00:00,2018-07-12 13:00:00,30.38209842
Pinus,DEBIED,2018-07-12 15:00:00,2018-07-12 16:00:00,0.0
Pinus,DEVIEC,2018-07-12 15:00:00,2018-07-12 16:00:00,0.0
Poaceae,DEBIED,2018-07-12 15:00:00,2018-07-12 16:00:00,42.59413433
Poaceae,DEVIEC,2018-07-12 15:00:00,2018-07-12 16:00:00,25.75062664
Pinus,DEBIED,2018-07-12 18:00:00,2018-07-12 19:00:00,0.0
Pinus,DEVIEC,2018-07-12 18:00:00,2018-07-12 19:00:00,0.0
Poaceae,DEBIED,2018-07-12 18:00:00,2018-07-12 19:00:00,14.32157317
Poaceae,DEVIEC,2018-07-12 18:00:00,2018-07-12 19:00:00,0.0
Pinus,DEBIED,2018-07-12 21:00:00,2018-07-12 22:00:00,0.0
Pinus,DEVIEC,2018-07-12 21:00:00,2018-07-12 22:00:00,0.0
Poaceae,DEBIED,2018-07-12 21:00:00,2018-07-12 22:00:00,0.0
Poaceae,DEVIEC,2018-07-12 21:00:00,2018-07-12 22:00:00,0.0
Pinus,DEBIED,2018-07-13 00:00:00,2018-07-13 01:00:00,0.0
Pinus,DEVIEC,2018-07-13 00:00:00,2018-07-13 01:00:00,0.0
Poaceae,DEBIED,2018-07-13 00:00:00,2018-07-13 01:00:00,4.72882133
Poaceae,DEVIEC,2018-07-13 00:00:00,2018-07-13 01:00:00,0.0
Pinus,DEBIED,2018-07-13 03:00:00,2018-07-13 04:00:00,0.0
Pinus,DEVIEC,2018-07-13 03:00:00,2018-07-13 04:00:00,0.0
Poaceae,DEBIED,2018-07-13 03:00:00,2018-07-13 04:00:00,9.465363185
Poaceae,DEVIEC,2018-07-13 03:00:00,2018-07-13 04:00:00,0.0
Pinus,DEBIED,2018-07-13 06:00:00,2018-07-13 07:00:00,0.0
Pinus,DEVIEC,2018-07-13 06:00:00,2018-07-13 07:00:00,0.0
Poaceae,DEBIED,2018-07-13 06:00:00,2018-07-13 07:00:00,4.8236947
Poaceae,DEVIEC,2018-07-13 06:00:00,2018-07-13 07:00:00,0.0
Pinus,DEBIED,2018-07-13 09:00:00,2018-07-13 10:00:00,0.0
Pinus,DEVIEC,2018-07-13 09:00:00,2018-07-13 10:00:00,0.0
Poaceae,DEBIED,2018-07-13 09:00:00,2018-07-13 10:00:00,0.0
Poaceae,DEVIEC,2018-07-13 09:00:00,2018-07-13 10:00:00,15.59083395
Pinus,DEBIED,2018-07-13 12:00:00,2018-07-13 13:00:00,0.0
Pinus,DEVIEC,2018-07-13 12:00:00,2018-07-13 13:00:00,0.0
Poaceae,DEBIED,2018-07-13 12:00:00,2018-07-13 13:00:00,4.781658145
Poaceae,DEVIEC,2018-07-13 12:00:00,2018-07-13 13:00:00,25.75062664
Pinus,DEBIED,2018-07-13 15:00:00,2018-07-13 16:00:00,0.0
Poaceae,DEBIED,2018-07-13 15:00:00,2018-07-13 16:00:00,9.465363185
Pinus,DEBIED,2018-07-13 18:00:00,2018-07-13 19:00:00,0.0
Poaceae,DEBIED,2018-07-13 18:00:00,2018-07-13 19:00:00,18.93072637
Pinus,DEBIED,2018-07-13 21:00:00,2018-07-13 22:00:00,0.0
Poaceae,DEBIED,2018-07-13 21:00:00,2018-07-13 22:00:00,4.732681592
Pinus,DEBIED,2018-07-14 00:00:00,2018-07-14 01:00:00,0.0
Poaceae,DEBIED,2018-07-14 00:00:00,2018-07-14 01:00:00,14.18646399
Pinus,DEBIED,2018-07-14 03:00:00,2018-07-14 04:00:00,0.0
Poaceae,DEBIED,2018-07-14 03:00:00,2018-07-14 04:00:00,18.94619265
Pinus,DEBIED,2018-07-14 06:00:00,2018-07-14 07:00:00,0.0
Poaceae,DEBIED,2018-07-14 06:00:00,2018-07-14 07:00:00,28.37292798
Pinus,DEBIED,2018-07-14 09:00:00,2018-07-14 10:00:00,0.0
Poaceae,DEBIED,2018-07-14 09:00:00,2018-07-14 10:00:00,14.20964449
Pinus,DEBIED,2018-07-14 12:00:00,2018-07-14 13:00:00,0.0
Poaceae,DEBIED,2018-07-14 12:00:00,2018-07-14 13:00:00,37.83057064
Pinus,DEBIED,2018-07-14 15:00:00,2018-07-14 16:00:00,0.0
Poaceae,DEBIED,2018-07-14 15:00:00,2018-07-14 16:00:00,14.19804478
Pinus,DEBIED,2018-07-16 09:00:00,2018-07-16 10:00:00,0.0
Poaceae,DEBIED,2018-07-16 09:00:00,2018-07-16 10:00:00,0.0
Pinus,DEBIED,2018-07-16 12:00:00,2018-07-16 13:00:00,0.0
Poaceae,DEBIED,2018-07-16 12:00:00,2018-07-16 13:00:00,0.0
Pinus,DEBIED,2018-07-16 15:00:00,2018-07-16 16:00:00,0.0
Poaceae,DEBIED,2018-07-16 15:00:00,2018-07-16 16:00:00,28.39608955
Pinus,DEBIED,2018-07-16 18:00:00,2018-07-16 19:00:00,0.0
Poaceae,DEBIED,2018-07-16 18:00:00,2018-07-16 19:00:00,9.465363185
Pinus,DEBIED,2018-07-16 21:00:00,2018-07-16 22:00:00,0.0
Poaceae,DEBIED,2018-07-16 21:00:00,2018-07-16 22:00:00,9.465363185
Pinus,DEBIED,2018-07-17 00:00:00,2018-07-17 01:00:00,0.0
Poaceae,DEBIED,2018-07-17 00:00:00,2018-07-17 01:00:00,0.0
Pinus,DEBIED,2018-07-17 03:00:00,2018-07-17 04:00:00,0.0
Poaceae,DEBIED,2018-07-17 03:00:00,2018-07-17 04:00:00,0.0
Pinus,DEBIED,2018-07-17 06:00:00,2018-07-17 07:00:00,0.0
Poaceae,DEBIED,2018-07-17 06:00:00,2018-07-17 07:00:00,0.0
Pinus,DEBIED,2018-07-17 09:00:00,2018-07-17 10:00:00,0.0
Poaceae,DEBIED,2018-07-17 09:00:00,2018-07-17 10:00:00,14.06535277
Pinus,DEBIED,2018-07-17 12:00:00,2018-07-17 13:00:00,0.0
Poaceae,DEBIED,2018-07-17 12:00:00,2018-07-17 13:00:00,14.06535277
Pinus,DEBIED,2018-07-17 15:00:00,2018-07-17 16:00:00,0.0
Poaceae,DEBIED,2018-07-17 15:00:00,2018-07-17 16:00:00,18.93072637
Pinus,DEBIED,2018-07-17 18:00:00,2018-07-17 19:00:00,0.0
Poaceae,DEBIED,2018-07-17 18:00:00,2018-07-17 19:00:00,4.736548162
Pinus,DEBIED,2018-07-17 21:00:00,2018-07-17 22:00:00,0.0
Poaceae,DEBIED,2018-07-17 21:00:00,2018-07-17 22:00:00,0.0
Pinus,DEBIED,2018-07-18 00:00:00,2018-07-18 01:00:00,0.0
Poaceae,DEBIED,2018-07-18 00:00:00,2018-07-18 01:00:00,0.0
Pinus,DEBIED,2018-07-18 03:00:00,2018-07-18 04:00:00,0.0
Poaceae,DEBIED,2018-07-18 03:00:00,2018-07-18 04:00:00,0.0
Pinus,DEBIED,2018-07-18 06:00:00,2018-07-18 07:00:00,0.0
Poaceae,DEBIED,2018-07-18 06:00:00,2018-07-18 07:00:00,4.732681592
Pinus,DEBIED,2018-07-18 09:00:00,2018-07-18 10:00:00,0.0
Poaceae,DEBIED,2018-07-18 09:00:00,2018-07-18 10:00:00,4.736548162
Pinus,DEBIED,2018-07-18 15:00:00,2018-07-18 16:00:00,0.0
Poaceae,DEBIED,2018-07-18 15:00:00,2018-07-18 16:00:00,14.38841284
Pinus,DEBIED,2018-07-18 18:00:00,2018-07-18 19:00:00,0.0
Pinus,DEVIEC,2018-07-18 18:00:00,2018-07-18 19:00:00,0.0
Poaceae,DEBIED,2018-07-18 18:00:00,2018-07-18 19:00:00,22.87455723
Poaceae,DEVIEC,2018-07-18 18:00:00,2018-07-18 19:00:00,12.35999004
Pinus,DEBIED,2018-07-18 21:00:00,2018-07-18 22:00:00,0.0
Pinus,DEVIEC,2018-07-18 21:00:00,2018-07-18 22:00:00,0.0
Poaceae,DEBIED,2018-07-18 21:00:00,2018-07-18 22:00:00,13.92522406
Poaceae,DEVIEC,2018-07-18 21:00:00,2018-07-18 22:00:00,0.0
Pinus,DEBIED,2018-07-19 00:00:00,2018-07-19 01:00:00,0.0
Pinus,DEVIEC,2018-07-19 00:00:00,2018-07-19 01:00:00,0.0
Poaceae,DEBIED,2018-07-19 00:00:00,2018-07-19 01:00:00,0.0
Poaceae,DEVIEC,2018-07-19 00:00:00,2018-07-19 01:00:00,0.0
Pinus,DEBIED,2018-07-19 03:00:00,2018-07-19 04:00:00,0.0
Pinus,DEVIEC,2018-07-19 03:00:00,2018-07-19 04:00:00,0.0
Poaceae,DEBIED,2018-07-19 03:00:00,2018-07-19 04:00:00,0.0
Poaceae,DEVIEC,2018-07-19 03:00:00,2018-07-19 04:00:00,5.196944649
Pinus,DEBIED,2018-07-19 06:00:00,2018-07-19 07:00:00,0.0
Pinus,DEVIEC,2018-07-19 06:00:00,2018-07-19 07:00:00,0.0
Poaceae,DEBIED,2018-07-19 06:00:00,2018-07-19 07:00:00,4.759880912
Poaceae,DEVIEC,2018-07-19 06:00:00,2018-07-19 07:00:00,0.0
Pinus,DEBIED,2018-07-19 09:00:00,2018-07-19 10:00:00,0.0
Pinus,DEVIEC,2018-07-19 09:00:00,2018-07-19 10:00:00,0.0
Poaceae,DEBIED,2018-07-19 09:00:00,2018-07-19 10:00:00,0.0
Poaceae,DEVIEC,2018-07-19 09:00:00,2018-07-19 10:00:00,15.77790047
Pinus,DEBIED,2018-07-19 12:00:00,2018-07-19 13:00:00,0.0
Pinus,DEVIEC,2018-07-19 12:00:00,2018-07-19 13:00:00,0.0
Poaceae,DEBIED,2018-07-19 12:00:00,2018-07-19 13:00:00,9.465363185
Poaceae,DEVIEC,2018-07-19 12:00:00,2018-07-19 13:00:00,26.00891759
Pinus,DEBIED,2018-07-19 15:00:00,2018-07-19 16:00:00,0.0
Pinus,DEVIEC,2018-07-19 15:00:00,2018-07-19 16:00:00,0.0
Poaceae,DEBIED,2018-07-19 15:00:00,2018-07-19 16:00:00,23.68274081
Poaceae,DEVIEC,2018-07-19 15:00:00,2018-07-19 16:00:00,0.0
Pinus,DEBIED,2018-07-19 18:00:00,2018-07-19 19:00:00,0.0
Pinus,DEVIEC,2018-07-19 18:00:00,2018-07-19 19:00:00,0.0
Poaceae,DEBIED,2018-07-19 18:00:00,2018-07-19 19:00:00,14.20964449
Poaceae,DEVIEC,2018-07-19 18:00:00,2018-07-19 19:00:00,5.196944649
Pinus,DEBIED,2018-07-19 21:00:00,2018-07-19 22:00:00,0.0
Pinus,DEVIEC,2018-07-19 21:00:00,2018-07-19 22:00:00,0.0
Poaceae,DEBIED,2018-07-19 21:00:00,2018-07-19 22:00:00,9.473096324
Poaceae,DEVIEC,2018-07-19 21:00:00,2018-07-19 22:00:00,0.0
Pinus,DEBIED,2018-07-20 00:00:00,2018-07-20 01:00:00,0.0
Pinus,DEVIEC,2018-07-20 00:00:00,2018-07-20 01:00:00,0.0
Poaceae,DEBIED,2018-07-20 00:00:00,2018-07-20 01:00:00,0.0
Poaceae,DEVIEC,2018-07-20 00:00:00,2018-07-20 01:00:00,0.0
Pinus,DEBIED,2018-07-20 03:00:00,2018-07-20 04:00:00,0.0
Pinus,DEVIEC,2018-07-20 03:00:00,2018-07-20 04:00:00,0.0
Poaceae,DEBIED,2018-07-20 03:00:00,2018-07-20 04:00:00,4.740421055
Poaceae,DEVIEC,2018-07-20 03:00:00,2018-07-20 04:00:00,0.0
Pinus,DEBIED,2018-07-20 06:00:00,2018-07-20 07:00:00,0.0
Pinus,DEVIEC,2018-07-20 06:00:00,2018-07-20 07:00:00,0.0
Poaceae,DEBIED,2018-07-20 06:00:00,2018-07-20 07:00:00,4.77775475
Poaceae,DEVIEC,2018-07-20 06:00:00,2018-07-20 07:00:00,0.0
Pinus,DEBIED,2018-07-20 09:00:00,2018-07-20 10:00:00,0.0
Pinus,DEVIEC,2018-07-20 09:00:00,2018-07-20 10:00:00,0.0
Poaceae,DEBIED,2018-07-20 09:00:00,2018-07-20 10:00:00,4.72882133
Poaceae,DEVIEC,2018-07-20 09:00:00,2018-07-20 10:00:00,0.0
Pinus,DEBIED,2018-07-20 12:00:00,2018-07-20 13:00:00,0.0
Pinus,DEVIEC,2018-07-20 12:00:00,2018-07-20 13:00:00,0.0
Poaceae,DEBIED,2018-07-20 12:00:00,2018-07-20 13:00:00,14.20964449
Poaceae,DEVIEC,2018-07-20 12:00:00,2018-07-20 13:00:00,15.74851891
Pinus,DEBIED,2018-07-20 15:00:00,2018-07-20 16:00:00,0.0
Pinus,DEVIEC,2018-07-20 15:00:00,2018-07-20 16:00:00,0.0
Poaceae,DEBIED,2018-07-20 15:00:00,2018-07-20 16:00:00,14.163359
Poaceae,DEVIEC,2018-07-20 15:00:00,2018-07-20 16:00:00,5.196944649
Pinus,DEBIED,2018-07-20 18:00:00,2018-07-20 19:00:00,0.0
Pinus,DEVIEC,2018-07-20 18:00:00,2018-07-20 19:00:00,0.0
Poaceae,DEBIED,2018-07-20 18:00:00,2018-07-20 19:00:00,14.20964449
Poaceae,DEVIEC,2018-07-20 18:00:00,2018-07-20 19:00:00,10.40356704
Pinus,DEBIED,2018-07-20 21:00:00,2018-07-20 22:00:00,0.0
Pinus,DEVIEC,2018-07-20 21:00:00,2018-07-20 22:00:00,0.0
Poaceae,DEBIED,2018-07-20 21:00:00,2018-07-20 22:00:00,18.94619265
Poaceae,DEVIEC,2018-07-20 21:00:00,2018-07-20 22:00:00,0.0
Pinus,DEBIED,2018-07-21 00:00:00,2018-07-21 01:00:00,0.0
Pinus,DEVIEC,2018-07-21 00:00:00,2018-07-21 01:00:00,0.0
Poaceae,DEBIED,2018-07-21 00:00:00,2018-07-21 01:00:00,4.736548162
Poaceae,DEVIEC,2018-07-21 00:00:00,2018-07-21 01:00:00,5.196944649
Pinus,DEBIED,2018-07-21 03:00:00,2018-07-21 04:00:00,0.0
Pinus,DEVIEC,2018-07-21 03:00:00,2018-07-21 04:00:00,0.0
Poaceae,DEBIED,2018-07-21 03:00:00,2018-07-21 04:00:00,0.0
Poaceae,DEVIEC,2018-07-21 03:00:00,2018-07-21 04:00:00,0.0
Pinus,DEBIED,2018-07-21 06:00:00,2018-07-21 07:00:00,0.0
Pinus,DEVIEC,2018-07-21 06:00:00,2018-07-21 07:00:00,0.0
Poaceae,DEBIED,2018-07-21 06:00:00,2018-07-21 07:00:00,0.0
Poaceae,DEVIEC,2018-07-21 06:00:00,2018-07-21 07:00:00,0.0
Pinus,DEBIED,2018-07-21 09:00:00,2018-07-21 10:00:00,0.0
Pinus,DEVIEC,2018-07-21 09:00:00,2018-07-21 10:00:00,0.0
Poaceae,DEBIED,2018-07-21 09:00:00,2018-07-21 10:00:00,0.0
Poaceae,DEVIEC,2018-07-21 09:00:00,2018-07-21 10:00:00,0.0
Pinus,DEBIED,2018-07-21 12:00:00,2018-07-21 13:00:00,0.0
Pinus,DEVIEC,2018-07-21 12:00:00,2018-07-21 13:00:00,0.0
Poaceae,DEBIED,2018-07-21 12:00:00,2018-07-21 13:00:00,0.0
Poaceae,DEVIEC,2018-07-21 12:00:00,2018-07-21 13:00:00,0.0
Pinus,DEBIED,2018-07-21 15:00:00,2018-07-21 16:00:00,0.0
Pinus,DEVIEC,2018-07-21 15:00:00,2018-07-21 16:00:00,0.0
Poaceae,DEBIED,2018-07-21 15:00:00,2018-07-21 16:00:00,0.0
Poaceae,DEVIEC,2018-07-21 15:00:00,2018-07-21 16:00:00,0.0
Pinus,DEBIED,2018-07-21 18:00:00,2018-07-21 19:00:00,0.0
Poaceae,DEBIED,2018-07-21 18:00:00,2018-07-21 19:00:00,0.0
Pinus,DEBIED,2018-07-21 21:00:00,2018-07-21 22:00:00,0.0
Pinus,DEVIEC,2018-07-21 21:00:00,2018-07-21 22:00:00,0.0
Poaceae,DEBIED,2018-07-21 21:00:00,2018-07-21 22:00:00,0.0
Poaceae,DEVIEC,2018-07-21 21:00:00,2018-07-21 22:00:00,0.0
Pinus,DEBIED,2018-07-22 00:00:00,2018-07-22 01:00:00,0.0
Pinus,DEVIEC,2018-07-22 00:00:00,2018-07-22 01:00:00,0.0
Poaceae,DEBIED,2018-07-22 00:00:00,2018-07-22 01:00:00,0.0
Poaceae,DEVIEC,2018-07-22 00:00:00,2018-07-22 01:00:00,0.0
Pinus,DEBIED,2018-07-22 03:00:00,2018-07-22 04:00:00,0.0
Pinus,DEVIEC,2018-07-22 03:00:00,2018-07-22 04:00:00,0.0
Poaceae,DEBIED,2018-07-22 03:00:00,2018-07-22 04:00:00,0.0
Poaceae,DEVIEC,2018-07-22 03:00:00,2018-07-22 04:00:00,0.0
Pinus,DEBIED,2018-07-22 06:00:00,2018-07-22 07:00:00,0.0
Pinus,DEVIEC,2018-07-22 06:00:00,2018-07-22 07:00:00,0.0
Poaceae,DEBIED,2018-07-22 06:00:00,2018-07-22 07:00:00,0.0
Poaceae,DEVIEC,2018-07-22 06:00:00,2018-07-22 07:00:00,0.0
Pinus,DEBIED,2018-07-22 09:00:00,2018-07-22 10:00:00,0.0
Pinus,DEVIEC,2018-07-22 09:00:00,2018-07-22 10:00:00,0.0
Poaceae,DEBIED,2018-07-22 09:00:00,2018-07-22 10:00:00,4.736548162
Poaceae,DEVIEC,2018-07-22 09:00:00,2018-07-22 10:00:00,0.0
Pinus,DEBIED,2018-07-22 12:00:00,2018-07-22 13:00:00,0.0
Pinus,DEVIEC,2018-07-22 12:00:00,2018-07-22 13:00:00,0.0
Poaceae,DEBIED,2018-07-22 12:00:00,2018-07-22 13:00:00,0.0
Poaceae,DEVIEC,2018-07-22 12:00:00,2018-07-22 13:00:00,0.0
Pinus,DEBIED,2018-07-22 15:00:00,2018-07-22 16:00:00,0.0
Pinus,DEVIEC,2018-07-22 15:00:00,2018-07-22 16:00:00,0.0
Poaceae,DEBIED,2018-07-22 15:00:00,2018-07-22 16:00:00,0.0
Poaceae,DEVIEC,2018-07-22 15:00:00,2018-07-22 16:00:00,0.0
Pinus,DEBIED,2018-07-22 18:00:00,2018-07-22 19:00:00,0.0
Pinus,DEVIEC,2018-07-22 18:00:00,2018-07-22 19:00:00,0.0
Poaceae,DEBIED,2018-07-22 18:00:00,2018-07-22 19:00:00,0.0
Poaceae,DEVIEC,2018-07-22 18:00:00,2018-07-22 19:00:00,0.0
Pinus,DEBIED,2018-07-22 21:00:00,2018-07-22 22:00:00,0.0
Pinus,DEVIEC,2018-07-22 21:00:00,2018-07-22 22:00:00,0.0
Poaceae,DEBIED,2018-07-22 21:00:00,2018-07-22 22:00:00,0.0
Poaceae,DEVIEC,2018-07-22 21:00:00,2018-07-22 22:00:00,0.0
Pinus,DEBIED,2018-07-23 00:00:00,2018-07-23 01:00:00,0.0
Pinus,DEVIEC,2018-07-23 00:00:00,2018-07-23 01:00:00,0.0
Poaceae,DEBIED,2018-07-23 00:00:00,2018-07-23 01:00:00,0.0
Poaceae,DEVIEC,2018-07-23 00:00:00,2018-07-23 01:00:00,0.0
Pinus,DEBIED,2018-07-23 03:00:00,2018-07-23 04:00:00,0.0
Pinus,DEVIEC,2018-07-23 03:00:00,2018-07-23 04:00:00,0.0
Poaceae,DEBIED,2018-07-23 03:00:00,2018-07-23 04:00:00,0.0
Poaceae,DEVIEC,2018-07-23 03:00:00,2018-07-23 04:00:00,0.0
Pinus,DEBIED,2018-07-23 06:00:00,2018-07-23 07:00:00,0.0
Pinus,DEVIEC,2018-07-23 06:00:00,2018-07-23 07:00:00,0.0
Poaceae,DEBIED,2018-07-23 06:00:00,2018-07-23 07:00:00,0.0
Poaceae,DEVIEC,2018-07-23 06:00:00,2018-07-23 07:00:00,0.0
Pinus,DEBIED,2018-07-23 09:00:00,2018-07-23 10:00:00,0.0
Pinus,DEVIEC,2018-07-23 09:00:00,2018-07-23 10:00:00,0.0
Poaceae,DEBIED,2018-07-23 09:00:00,2018-07-23 10:00:00,0.0
Poaceae,DEVIEC,2018-07-23 09:00:00,2018-07-23 10:00:00,0.0
Pinus,DEBIED,2018-07-23 12:00:00,2018-07-23 13:00:00,0.0
Pinus,DEVIEC,2018-07-23 12:00:00,2018-07-23 13:00:00,0.0
Poaceae,DEBIED,2018-07-23 12:00:00,2018-07-23 13:00:00,9.44993472
Poaceae,DEVIEC,2018-07-23 12:00:00,2018-07-23 13:00:00,28.60980935
Pinus,DEBIED,2018-07-23 15:00:00,2018-07-23 16:00:00,0.0
Pinus,DEVIEC,2018-07-23 15:00:00,2018-07-23 16:00:00,0.0
Poaceae,DEBIED,2018-07-23 15:00:00,2018-07-23 16:00:00,9.465363185
Poaceae,DEVIEC,2018-07-23 15:00:00,2018-07-23 16:00:00,9.616742637
Pinus,DEBIED,2018-07-23 18:00:00,2018-07-23 19:00:00,0.0
Pinus,DEVIEC,2018-07-23 18:00:00,2018-07-23 19:00:00,0.0
Poaceae,DEBIED,2018-07-23 18:00:00,2018-07-23 19:00:00,4.72882133
Poaceae,DEVIEC,2018-07-23 18:00:00,2018-07-23 19:00:00,4.763865928
Pinus,DEBIED,2018-07-23 21:00:00,2018-07-23 22:00:00,0.0
Pinus,DEVIEC,2018-07-23 21:00:00,2018-07-23 22:00:00,0.0
Poaceae,DEBIED,2018-07-23 21:00:00,2018-07-23 22:00:00,9.45764266
Poaceae,DEVIEC,2018-07-23 21:00:00,2018-07-23 22:00:00,0.0
Pinus,DEBIED,2018-07-24 00:00:00,2018-07-24 01:00:00,0.0
Pinus,DEVIEC,2018-07-24 00:00:00,2018-07-24 01:00:00,0.0
Poaceae,DEBIED,2018-07-24 00:00:00,2018-07-24 01:00:00,0.0
Poaceae,DEVIEC,2018-07-24 00:00:00,2018-07-24 01:00:00,0.0
Pinus,DEBIED,2018-07-24 03:00:00,2018-07-24 04:00:00,0.0
Pinus,DEVIEC,2018-07-24 03:00:00,2018-07-24 04:00:00,0.0
Poaceae,DEBIED,2018-07-24 03:00:00,2018-07-24 04:00:00,0.0
Poaceae,DEVIEC,2018-07-24 03:00:00,2018-07-24 04:00:00,4.768301558
Pinus,DEBIED,2018-07-24 06:00:00,2018-07-24 07:00:00,0.0
Pinus,DEVIEC,2018-07-24 06:00:00,2018-07-24 07:00:00,0.0
Poaceae,DEBIED,2018-07-24 06:00:00,2018-07-24 07:00:00,0.0
Poaceae,DEVIEC,2018-07-24 06:00:00,2018-07-24 07:00:00,0.0
Pinus,DEBIED,2018-07-24 09:00:00,2018-07-24 10:00:00,0.0
Pinus,DEVIEC,2018-07-24 09:00:00,2018-07-24 10:00:00,0.0
Poaceae,DEBIED,2018-07-24 09:00:00,2018-07-24 10:00:00,14.19804478
Poaceae,DEVIEC,2018-07-24 09:00:00,2018-07-24 10:00:00,0.0
Pinus,DEBIED,2018-07-24 12:00:00,2018-07-24 13:00:00,0.0
Pinus,DEVIEC,2018-07-24 12:00:00,2018-07-24 13:00:00,0.0
Poaceae,DEBIED,2018-07-24 12:00:00,2018-07-24 13:00:00,37.83057064
Poaceae,DEVIEC,2018-07-24 12:00:00,2018-07-24 13:00:00,20.7877786
Pinus,DEBIED,2018-07-24 15:00:00,2018-07-24 16:00:00,0.0
Pinus,DEVIEC,2018-07-24 15:00:00,2018-07-24 16:00:00,0.0
Poaceae,DEBIED,2018-07-24 15:00:00,2018-07-24 16:00:00,9.465363185
Poaceae,DEVIEC,2018-07-24 15:00:00,2018-07-24 16:00:00,10.3938893
Pinus,DEBIED,2018-07-24 18:00:00,2018-07-24 19:00:00,0.0
Pinus,DEVIEC,2018-07-24 18:00:00,2018-07-24 19:00:00,0.0
Poaceae,DEBIED,2018-07-24 18:00:00,2018-07-24 19:00:00,28.41928897
Poaceae,DEVIEC,2018-07-24 18:00:00,2018-07-24 19:00:00,5.206631405
Pinus,DEBIED,2018-07-24 21:00:00,2018-07-24 22:00:00,0.0
Pinus,DEVIEC,2018-07-24 21:00:00,2018-07-24 22:00:00,0.0
Poaceae,DEBIED,2018-07-24 21:00:00,2018-07-24 22:00:00,9.45764266
Poaceae,DEVIEC,2018-07-24 21:00:00,2018-07-24 22:00:00,0.0
Pinus,DEBIED,2018-07-25 00:00:00,2018-07-25 01:00:00,0.0
Pinus,DEVIEC,2018-07-25 00:00:00,2018-07-25 01:00:00,0.0
Poaceae,DEBIED,2018-07-25 00:00:00,2018-07-25 01:00:00,0.0
Poaceae,DEVIEC,2018-07-25 00:00:00,2018-07-25 01:00:00,0.0
Pinus,DEBIED,2018-07-25 03:00:00,2018-07-25 04:00:00,0.0
Pinus,DEVIEC,2018-07-25 03:00:00,2018-07-25 04:00:00,0.0
Poaceae,DEBIED,2018-07-25 03:00:00,2018-07-25 04:00:00,14.17490208
Poaceae,DEVIEC,2018-07-25 03:00:00,2018-07-25 04:00:00,0.0
Pinus,DEBIED,2018-07-25 06:00:00,2018-07-25 07:00:00,0.0
Pinus,DEVIEC,2018-07-25 06:00:00,2018-07-25 07:00:00,0.0
Poaceae,DEBIED,2018-07-25 06:00:00,2018-07-25 07:00:00,14.20964449
Poaceae,DEVIEC,2018-07-25 06:00:00,2018-07-25 07:00:00,0.0
Pinus,DEBIED,2018-07-25 09:00:00,2018-07-25 10:00:00,0.0
Pinus,DEVIEC,2018-07-25 09:00:00,2018-07-25 10:00:00,0.0
Poaceae,DEBIED,2018-07-25 09:00:00,2018-07-25 10:00:00,4.732681592
Poaceae,DEVIEC,2018-07-25 09:00:00,2018-07-25 10:00:00,5.201783518
Pinus,DEBIED,2018-07-25 12:00:00,2018-07-25 13:00:00,0.0
Pinus,DEVIEC,2018-07-25 12:00:00,2018-07-25 13:00:00,0.0
Poaceae,DEBIED,2018-07-25 12:00:00,2018-07-25 13:00:00,14.19804478
Poaceae,DEVIEC,2018-07-25 12:00:00,2018-07-25 13:00:00,0.0
Pinus,DEBIED,2018-07-25 15:00:00,2018-07-25 16:00:00,0.0
Pinus,DEVIEC,2018-07-25 15:00:00,2018-07-25 16:00:00,0.0
Poaceae,DEBIED,2018-07-25 15:00:00,2018-07-25 16:00:00,4.732681592
Poaceae,DEVIEC,2018-07-25 15:00:00,2018-07-25 16:00:00,0.0
Pinus,DEBIED,2018-07-25 18:00:00,2018-07-25 19:00:00,0.0
Pinus,DEVIEC,2018-07-25 18:00:00,2018-07-25 19:00:00,0.0
Poaceae,DEBIED,2018-07-25 18:00:00,2018-07-25 19:00:00,4.736548162
Poaceae,DEVIEC,2018-07-25 18:00:00,2018-07-25 19:00:00,0.0
Pinus,DEBIED,2018-07-25 21:00:00,2018-07-25 22:00:00,0.0
Pinus,DEVIEC,2018-07-25 21:00:00,2018-07-25 22:00:00,0.0
Poaceae,DEBIED,2018-07-25 21:00:00,2018-07-25 22:00:00,4.732681592
Poaceae,DEVIEC,2018-07-25 21:00:00,2018-07-25 22:00:00,0.0
Pinus,DEBIED,2018-07-26 00:00:00,2018-07-26 01:00:00,0.0
Pinus,DEVIEC,2018-07-26 00:00:00,2018-07-26 01:00:00,0.0
Poaceae,DEBIED,2018-07-26 00:00:00,2018-07-26 01:00:00,0.0
Poaceae,DEVIEC,2018-07-26 00:00:00,2018-07-26 01:00:00,0.0
Pinus,DEBIED,2018-07-26 03:00:00,2018-07-26 04:00:00,0.0
Pinus,DEVIEC,2018-07-26 03:00:00,2018-07-26 04:00:00,0.0
Poaceae,DEBIED,2018-07-26 03:00:00,2018-07-26 04:00:00,4.72882133
Poaceae,DEVIEC,2018-07-26 03:00:00,2018-07-26 04:00:00,4.844609419
Pinus,DEBIED,2018-07-26 06:00:00,2018-07-26 07:00:00,0.0
Pinus,DEVIEC,2018-07-26 06:00:00,2018-07-26 07:00:00,0.0
Poaceae,DEBIED,2018-07-26 06:00:00,2018-07-26 07:00:00,9.555509501
Poaceae,DEVIEC,2018-07-26 06:00:00,2018-07-26 07:00:00,4.803898415
Pinus,DEBIED,2018-07-26 09:00:00,2018-07-26 10:00:00,0.0
Pinus,DEVIEC,2018-07-26 09:00:00,2018-07-26 10:00:00,0.0
Poaceae,DEBIED,2018-07-26 09:00:00,2018-07-26 10:00:00,4.732681592
Poaceae,DEVIEC,2018-07-26 09:00:00,2018-07-26 10:00:00,9.634684321
Pinus,DEBIED,2018-07-26 12:00:00,2018-07-26 13:00:00,0.0
Pinus,DEVIEC,2018-07-26 12:00:00,2018-07-26 13:00:00,0.0
Poaceae,DEBIED,2018-07-26 12:00:00,2018-07-26 13:00:00,52.05949752
Poaceae,DEVIEC,2018-07-26 12:00:00,2018-07-26 13:00:00,10.40356704
Pinus,DEBIED,2018-07-26 15:00:00,2018-07-26 16:00:00,0.0
Pinus,DEVIEC,2018-07-26 15:00:00,2018-07-26 16:00:00,0.0
Poaceae,DEBIED,2018-07-26 15:00:00,2018-07-26 16:00:00,18.89986944
Poaceae,DEVIEC,2018-07-26 15:00:00,2018-07-26 16:00:00,0.0
Pinus,DEBIED,2018-07-26 18:00:00,2018-07-26 19:00:00,0.0
Pinus,DEVIEC,2018-07-26 18:00:00,2018-07-26 19:00:00,0.0
Poaceae,DEBIED,2018-07-26 18:00:00,2018-07-26 19:00:00,0.0
Poaceae,DEVIEC,2018-07-26 18:00:00,2018-07-26 19:00:00,0.0
Pinus,DEBIED,2018-07-26 21:00:00,2018-07-26 22:00:00,0.0
Pinus,DEVIEC,2018-07-26 21:00:00,2018-07-26 22:00:00,0.0
Poaceae,DEBIED,2018-07-26 21:00:00,2018-07-26 22:00:00,0.0
Poaceae,DEVIEC,2018-07-26 21:00:00,2018-07-26 22:00:00,0.0
Pinus,DEBIED,2018-07-27 00:00:00,2018-07-27 01:00:00,0.0
Pinus,DEVIEC,2018-07-27 00:00:00,2018-07-27 01:00:00,0.0
Poaceae,DEBIED,2018-07-27 00:00:00,2018-07-27 01:00:00,4.736548162
Poaceae,DEVIEC,2018-07-27 00:00:00,2018-07-27 01:00:00,0.0
Pinus,DEBIED,2018-07-27 03:00:00,2018-07-27 04:00:00,0.0
Pinus,DEVIEC,2018-07-27 03:00:00,2018-07-27 04:00:00,0.0
Poaceae,DEBIED,2018-07-27 03:00:00,2018-07-27 04:00:00,0.0
Poaceae,DEVIEC,2018-07-27 03:00:00,2018-07-27 04:00:00,0.0
Pinus,DEBIED,2018-07-27 06:00:00,2018-07-27 07:00:00,0.0
Pinus,DEVIEC,2018-07-27 06:00:00,2018-07-27 07:00:00,0.0
Poaceae,DEBIED,2018-07-27 06:00:00,2018-07-27 07:00:00,0.0
Poaceae,DEVIEC,2018-07-27 06:00:00,2018-07-27 07:00:00,0.0
Pinus,DEBIED,2018-07-27 09:00:00,2018-07-27 10:00:00,0.0
Pinus,DEVIEC,2018-07-27 09:00:00,2018-07-27 10:00:00,0.0
Poaceae,DEBIED,2018-07-27 09:00:00,2018-07-27 10:00:00,4.72882133
Poaceae,DEVIEC,2018-07-27 09:00:00,2018-07-27 10:00:00,4.759438544
Pinus,DEBIED,2018-07-27 12:00:00,2018-07-27 13:00:00,0.0
Pinus,DEVIEC,2018-07-27 12:00:00,2018-07-27 13:00:00,0.0
Poaceae,DEBIED,2018-07-27 12:00:00,2018-07-27 13:00:00,28.39608955
Poaceae,DEVIEC,2018-07-27 12:00:00,2018-07-27 13:00:00,4.808371319
Pinus,DEBIED,2018-07-27 15:00:00,2018-07-27 16:00:00,0.0
Pinus,DEVIEC,2018-07-27 15:00:00,2018-07-27 16:00:00,0.0
Poaceae,DEBIED,2018-07-27 15:00:00,2018-07-27 16:00:00,14.19804478
Poaceae,DEVIEC,2018-07-27 15:00:00,2018-07-27 16:00:00,0.0
Pinus,DEBIED,2018-07-27 18:00:00,2018-07-27 19:00:00,0.0
Pinus,DEVIEC,2018-07-27 18:00:00,2018-07-27 19:00:00,0.0
Poaceae,DEBIED,2018-07-27 18:00:00,2018-07-27 19:00:00,4.732681592
Poaceae,DEVIEC,2018-07-27 18:00:00,2018-07-27 19:00:00,0.0
Pinus,DEBIED,2018-07-27 21:00:00,2018-07-27 22:00:00,0.0
Pinus,DEVIEC,2018-07-27 21:00:00,2018-07-27 22:00:00,0.0
Poaceae,DEBIED,2018-07-27 21:00:00,2018-07-27 22:00:00,4.732681592
Poaceae,DEVIEC,2018-07-27 21:00:00,2018-07-27 22:00:00,0.0
Pinus,DEBIED,2018-07-28 00:00:00,2018-07-28 01:00:00,0.0
Pinus,DEVIEC,2018-07-28 00:00:00,2018-07-28 01:00:00,0.0
Poaceae,DEBIED,2018-07-28 00:00:00,2018-07-28 01:00:00,0.0
Poaceae,DEVIEC,2018-07-28 00:00:00,2018-07-28 01:00:00,0.0
Pinus,DEBIED,2018-07-28 03:00:00,2018-07-28 04:00:00,0.0
Pinus,DEVIEC,2018-07-28 03:00:00,2018-07-28 04:00:00,0.0
Poaceae,DEBIED,2018-07-28 03:00:00,2018-07-28 04:00:00,4.732681592
Poaceae,DEVIEC,2018-07-28 03:00:00,2018-07-28 04:00:00,4.808371319
Pinus,DEBIED,2018-07-28 06:00:00,2018-07-28 07:00:00,0.0
Pinus,DEVIEC,2018-07-28 06:00:00,2018-07-28 07:00:00,0.0
Poaceae,DEBIED,2018-07-28 06:00:00,2018-07-28 07:00:00,4.72882133
Poaceae,DEVIEC,2018-07-28 06:00:00,2018-07-28 07:00:00,0.0
Pinus,DEBIED,2018-07-28 09:00:00,2018-07-28 10:00:00,0.0
Pinus,DEVIEC,2018-07-28 09:00:00,2018-07-28 10:00:00,0.0
Poaceae,DEBIED,2018-07-28 09:00:00,2018-07-28 10:00:00,9.465363185
Poaceae,DEVIEC,2018-07-28 09:00:00,2018-07-28 10:00:00,14.43855768
Pinus,DEBIED,2018-07-28 12:00:00,2018-07-28 13:00:00,0.0
Pinus,DEVIEC,2018-07-28 12:00:00,2018-07-28 13:00:00,0.0
Poaceae,DEBIED,2018-07-28 12:00:00,2018-07-28 13:00:00,18.93072637
Poaceae,DEVIEC,2018-07-28 12:00:00,2018-07-28 13:00:00,14.30490467
Pinus,DEBIED,2018-07-28 15:00:00,2018-07-28 16:00:00,0.0
Pinus,DEVIEC,2018-07-28 15:00:00,2018-07-28 16:00:00,0.0
Poaceae,DEBIED,2018-07-28 15:00:00,2018-07-28 16:00:00,9.555509501
Poaceae,DEVIEC,2018-07-28 15:00:00,2018-07-28 16:00:00,4.808371319
Pinus,DEBIED,2018-07-28 18:00:00,2018-07-28 19:00:00,0.0
Pinus,DEVIEC,2018-07-28 18:00:00,2018-07-28 19:00:00,0.0
Poaceae,DEBIED,2018-07-28 18:00:00,2018-07-28 19:00:00,4.773857724
Poaceae,DEVIEC,2018-07-28 18:00:00,2018-07-28 19:00:00,0.0
Pinus,DEBIED,2018-07-28 21:00:00,2018-07-28 22:00:00,0.0
Pinus,DEVIEC,2018-07-28 21:00:00,2018-07-28 22:00:00,0.0
Poaceae,DEBIED,2018-07-28 21:00:00,2018-07-28 22:00:00,0.0
Poaceae,DEVIEC,2018-07-28 21:00:00,2018-07-28 22:00:00,9.527731857
Pinus,DEBIED,2018-07-29 00:00:00,2018-07-29 01:00:00,0.0
Pinus,DEVIEC,2018-07-29 00:00:00,2018-07-29 01:00:00,0.0
Poaceae,DEBIED,2018-07-29 00:00:00,2018-07-29 01:00:00,0.0
Poaceae,DEVIEC,2018-07-29 00:00:00,2018-07-29 01:00:00,0.0
Pinus,DEBIED,2018-07-29 03:00:00,2018-07-29 04:00:00,0.0
Pinus,DEVIEC,2018-07-29 03:00:00,2018-07-29 04:00:00,0.0
Poaceae,DEBIED,2018-07-29 03:00:00,2018-07-29 04:00:00,0.0
Poaceae,DEVIEC,2018-07-29 03:00:00,2018-07-29 04:00:00,0.0
Pinus,DEBIED,2018-07-29 06:00:00,2018-07-29 07:00:00,0.0
Pinus,DEVIEC,2018-07-29 06:00:00,2018-07-29 07:00:00,0.0
Poaceae,DEBIED,2018-07-29 06:00:00,2018-07-29 07:00:00,0.0
Poaceae,DEVIEC,2018-07-29 06:00:00,2018-07-29 07:00:00,0.0
Pinus,DEBIED,2018-07-29 09:00:00,2018-07-29 10:00:00,0.0
Pinus,DEVIEC,2018-07-29 09:00:00,2018-07-29 10:00:00,0.0
Poaceae,DEBIED,2018-07-29 09:00:00,2018-07-29 10:00:00,4.72496736
Poaceae,DEVIEC,2018-07-29 09:00:00,2018-07-29 10:00:00,5.201783518
Pinus,DEBIED,2018-07-29 12:00:00,2018-07-29 13:00:00,0.0
Pinus,DEVIEC,2018-07-29 12:00:00,2018-07-29 13:00:00,0.0
Poaceae,DEBIED,2018-07-29 12:00:00,2018-07-29 13:00:00,9.473096324
Poaceae,DEVIEC,2018-07-29 12:00:00,2018-07-29 13:00:00,19.23348527
Pinus,DEBIED,2018-07-29 15:00:00,2018-07-29 16:00:00,0.0
Pinus,DEVIEC,2018-07-29 15:00:00,2018-07-29 16:00:00,0.0
Poaceae,DEBIED,2018-07-29 15:00:00,2018-07-29 16:00:00,18.93072637
Poaceae,DEVIEC,2018-07-29 15:00:00,2018-07-29 16:00:00,0.0
Pinus,DEBIED,2018-07-29 18:00:00,2018-07-29 19:00:00,0.0
Pinus,DEVIEC,2018-07-29 18:00:00,2018-07-29 19:00:00,0.0
Poaceae,DEBIED,2018-07-29 18:00:00,2018-07-29 19:00:00,14.20964449
Poaceae,DEVIEC,2018-07-29 18:00:00,2018-07-29 19:00:00,4.803898415
Pinus,DEBIED,2018-07-29 21:00:00,2018-07-29 22:00:00,0.0
Pinus,DEVIEC,2018-07-29 21:00:00,2018-07-29 22:00:00,0.0
Poaceae,DEBIED,2018-07-29 21:00:00,2018-07-29 22:00:00,9.45764266
Poaceae,DEVIEC,2018-07-29 21:00:00,2018-07-29 22:00:00,0.0
Pinus,DEBIED,2018-07-30 00:00:00,2018-07-30 01:00:00,0.0
Pinus,DEVIEC,2018-07-30 00:00:00,2018-07-30 01:00:00,0.0
Poaceae,DEBIED,2018-07-30 00:00:00,2018-07-30 01:00:00,4.732681592
Poaceae,DEVIEC,2018-07-30 00:00:00,2018-07-30 01:00:00,4.777197643
Pinus,DEBIED,2018-07-30 03:00:00,2018-07-30 04:00:00,0.0
Pinus,DEVIEC,2018-07-30 03:00:00,2018-07-30 04:00:00,0.0
Poaceae,DEBIED,2018-07-30 03:00:00,2018-07-30 04:00:00,0.0
Poaceae,DEVIEC,2018-07-30 03:00:00,2018-07-30 04:00:00,0.0
Pinus,DEBIED,2018-07-30 06:00:00,2018-07-30 07:00:00,0.0
Pinus,DEVIEC,2018-07-30 06:00:00,2018-07-30 07:00:00,0.0
Poaceae,DEBIED,2018-07-30 06:00:00,2018-07-30 07:00:00,4.732681592
Poaceae,DEVIEC,2018-07-30 06:00:00,2018-07-30 07:00:00,0.0
Pinus,DEBIED,2018-07-30 09:00:00,2018-07-30 10:00:00,0.0
Pinus,DEVIEC,2018-07-30 09:00:00,2018-07-30 10:00:00,0.0
Poaceae,DEBIED,2018-07-30 09:00:00,2018-07-30 10:00:00,4.736548162
Poaceae,DEVIEC,2018-07-30 09:00:00,2018-07-30 10:00:00,4.803898415
Pinus,DEBIED,2018-07-30 12:00:00,2018-07-30 13:00:00,0.0
Pinus,DEVIEC,2018-07-30 12:00:00,2018-07-30 13:00:00,0.0
Poaceae,DEBIED,2018-07-30 12:00:00,2018-07-30 13:00:00,4.736548162
Poaceae,DEVIEC,2018-07-30 12:00:00,2018-07-30 13:00:00,23.86372727
Pinus,DEBIED,2018-07-30 15:00:00,2018-07-30 16:00:00,0.0
Pinus,DEVIEC,2018-07-30 15:00:00,2018-07-30 16:00:00,0.0
Poaceae,DEBIED,2018-07-30 15:00:00,2018-07-30 16:00:00,0.0
Poaceae,DEVIEC,2018-07-30 15:00:00,2018-07-30 16:00:00,9.616742637
Pinus,DEBIED,2018-07-30 18:00:00,2018-07-30 19:00:00,0.0
Pinus,DEVIEC,2018-07-30 18:00:00,2018-07-30 19:00:00,0.0
Poaceae,DEBIED,2018-07-30 18:00:00,2018-07-30 19:00:00,0.0
Poaceae,DEVIEC,2018-07-30 18:00:00,2018-07-30 19:00:00,0.0
Pinus,DEBIED,2018-07-30 21:00:00,2018-07-30 22:00:00,0.0
Pinus,DEVIEC,2018-07-30 21:00:00,2018-07-30 22:00:00,0.0
Poaceae,DEBIED,2018-07-30 21:00:00,2018-07-30 22:00:00,0.0
Poaceae,DEVIEC,2018-07-30 21:00:00,2018-07-30 22:00:00,0.0
Pinus,DEBIED,2018-07-31 00:00:00,2018-07-31 01:00:00,0.0
Pinus,DEVIEC,2018-07-31 00:00:00,2018-07-31 01:00:00,0.0
Poaceae,DEBIED,2018-07-31 00:00:00,2018-07-31 01:00:00,9.473096324
Poaceae,DEVIEC,2018-07-31 00:00:00,2018-07-31 01:00:00,0.0
Pinus,DEBIED,2018-07-31 03:00:00,2018-07-31 04:00:00,0.0
Pinus,DEVIEC,2018-07-31 03:00:00,2018-07-31 04:00:00,0.0
Poaceae,DEBIED,2018-07-31 03:00:00,2018-07-31 04:00:00,4.72882133
Poaceae,DEVIEC,2018-07-31 03:00:00,2018-07-31 04:00:00,4.808371319
Pinus,DEBIED,2018-07-31 06:00:00,2018-07-31 07:00:00,0.0
Pinus,DEVIEC,2018-07-31 06:00:00,2018-07-31 07:00:00,0.0
Poaceae,DEBIED,2018-07-31 06:00:00,2018-07-31 07:00:00,0.0
Poaceae,DEVIEC,2018-07-31 06:00:00,2018-07-31 07:00:00,0.0
Pinus,DEBIED,2018-07-31 09:00:00,2018-07-31 10:00:00,0.0
Pinus,DEVIEC,2018-07-31 09:00:00,2018-07-31 10:00:00,0.0
Poaceae,DEBIED,2018-07-31 09:00:00,2018-07-31 10:00:00,0.0
Poaceae,DEVIEC,2018-07-31 09:00:00,2018-07-31 10:00:00,0.0
Pinus,DEBIED,2018-07-31 12:00:00,2018-07-31 13:00:00,0.0
Pinus,DEVIEC,2018-07-31 12:00:00,2018-07-31 13:00:00,0.0
Poaceae,DEBIED,2018-07-31 12:00:00,2018-07-31 13:00:00,0.0
Poaceae,DEVIEC,2018-07-31 12:00:00,2018-07-31 13:00:00,19.07320623
Pinus,DEBIED,2018-07-31 15:00:00,2018-07-31 16:00:00,0.0
Pinus,DEVIEC,2018-07-31 15:00:00,2018-07-31 16:00:00,0.0
Poaceae,DEBIED,2018-07-31 15:00:00,2018-07-31 16:00:00,18.93072637
Poaceae,DEVIEC,2018-07-31 15:00:00,2018-07-31 16:00:00,10.41326281
Pinus,DEBIED,2018-07-31 18:00:00,2018-07-31 19:00:00,0.0
Pinus,DEVIEC,2018-07-31 18:00:00,2018-07-31 19:00:00,0.0
Poaceae,DEBIED,2018-07-31 18:00:00,2018-07-31 19:00:00,4.732681592
Poaceae,DEVIEC,2018-07-31 18:00:00,2018-07-31 19:00:00,4.808371319
Pinus,DEBIED,2018-07-31 21:00:00,2018-07-31 22:00:00,0.0
Pinus,DEVIEC,2018-07-31 21:00:00,2018-07-31 22:00:00,0.0
Poaceae,DEBIED,2018-07-31 21:00:00,2018-07-31 22:00:00,0.0
Poaceae,DEVIEC,2018-07-31 21:00:00,2018-07-31 22:00:00,0.0
Pinus,DEBIED,2018-08-01 00:00:00,2018-08-01 01:00:00,0.0
Pinus,DEVIEC,2018-08-01 00:00:00,2018-08-01 01:00:00,0.0
Poaceae,DEBIED,2018-08-01 00:00:00,2018-08-01 01:00:00,4.72882133
Poaceae,DEVIEC,2018-08-01 00:00:00,2018-08-01 01:00:00,0.0
Pinus,DEBIED,2018-08-01 03:00:00,2018-08-01 04:00:00,0.0
Pinus,DEVIEC,2018-08-01 03:00:00,2018-08-01 04:00:00,0.0
Poaceae,DEBIED,2018-08-01 03:00:00,2018-08-01 04:00:00,0.0
Poaceae,DEVIEC,2018-08-01 03:00:00,2018-08-01 04:00:00,0.0
Pinus,DEBIED,2018-08-01 06:00:00,2018-08-01 07:00:00,0.0
Pinus,DEVIEC,2018-08-01 06:00:00,2018-08-01 07:00:00,0.0
Poaceae,DEBIED,2018-08-01 06:00:00,2018-08-01 07:00:00,0.0
Poaceae,DEVIEC,2018-08-01 06:00:00,2018-08-01 07:00:00,4.808371319
Pinus,DEBIED,2018-08-01 09:00:00,2018-08-01 10:00:00,0.0
Pinus,DEVIEC,2018-08-01 09:00:00,2018-08-01 10:00:00,0.0
Poaceae,DEBIED,2018-08-01 09:00:00,2018-08-01 10:00:00,0.0
Poaceae,DEVIEC,2018-08-01 09:00:00,2018-08-01 10:00:00,14.41169525
Pinus,DEBIED,2018-08-01 12:00:00,2018-08-01 13:00:00,0.0
Pinus,DEVIEC,2018-08-01 12:00:00,2018-08-01 13:00:00,0.0
Poaceae,DEBIED,2018-08-01 12:00:00,2018-08-01 13:00:00,0.0
Poaceae,DEVIEC,2018-08-01 12:00:00,2018-08-01 13:00:00,0.0
Pinus,DEBIED,2018-08-01 15:00:00,2018-08-01 16:00:00,0.0
Pinus,DEVIEC,2018-08-01 15:00:00,2018-08-01 16:00:00,0.0
Poaceae,DEBIED,2018-08-01 15:00:00,2018-08-01 16:00:00,13.56957041
Poaceae,DEVIEC,2018-08-01 15:00:00,2018-08-01 16:00:00,4.803898415
Pinus,DEBIED,2018-08-01 18:00:00,2018-08-01 19:00:00,0.0
Pinus,DEVIEC,2018-08-01 18:00:00,2018-08-01 19:00:00,0.0
Poaceae,DEBIED,2018-08-01 18:00:00,2018-08-01 19:00:00,9.046380274
Poaceae,DEVIEC,2018-08-01 18:00:00,2018-08-01 19:00:00,0.0
Pinus,DEBIED,2018-08-01 21:00:00,2018-08-01 22:00:00,0.0
Pinus,DEVIEC,2018-08-01 21:00:00,2018-08-01 22:00:00,0.0
Poaceae,DEBIED,2018-08-01 21:00:00,2018-08-01 22:00:00,0.0
Poaceae,DEVIEC,2018-08-01 21:00:00,2018-08-01 22:00:00,0.0
Pinus,DEBIED,2018-08-02 00:00:00,2018-08-02 01:00:00,0.0
Pinus,DEVIEC,2018-08-02 00:00:00,2018-08-02 01:00:00,0.0
Poaceae,DEBIED,2018-08-02 00:00:00,2018-08-02 01:00:00,9.038995474
Poaceae,DEVIEC,2018-08-02 00:00:00,2018-08-02 01:00:00,0.0
Pinus,DEBIED,2018-08-02 03:00:00,2018-08-02 04:00:00,0.0
Pinus,DEVIEC,2018-08-02 03:00:00,2018-08-02 04:00:00,0.0
Poaceae,DEBIED,2018-08-02 03:00:00,2018-08-02 04:00:00,0.0
Poaceae,DEVIEC,2018-08-02 03:00:00,2018-08-02 04:00:00,0.0
Pinus,DEBIED,2018-08-02 06:00:00,2018-08-02 07:00:00,0.0
Pinus,DEVIEC,2018-08-02 06:00:00,2018-08-02 07:00:00,0.0
Poaceae,DEBIED,2018-08-02 06:00:00,2018-08-02 07:00:00,4.523190137
Poaceae,DEVIEC,2018-08-02 06:00:00,2018-08-02 07:00:00,0.0
Pinus,DEBIED,2018-08-02 09:00:00,2018-08-02 10:00:00,0.0
Pinus,DEVIEC,2018-08-02 09:00:00,2018-08-02 10:00:00,0.0
Poaceae,DEBIED,2018-08-02 09:00:00,2018-08-02 10:00:00,0.0
Poaceae,DEVIEC,2018-08-02 09:00:00,2018-08-02 10:00:00,9.54549091
Pinus,DEBIED,2018-08-02 12:00:00,2018-08-02 13:00:00,0.0
Pinus,DEVIEC,2018-08-02 12:00:00,2018-08-02 13:00:00,0.0
Poaceae,DEBIED,2018-08-02 12:00:00,2018-08-02 13:00:00,9.038995474
Poaceae,DEVIEC,2018-08-02 12:00:00,2018-08-02 13:00:00,0.0
Pinus,DEBIED,2018-08-02 15:00:00,2018-08-02 16:00:00,0.0
Pinus,DEVIEC,2018-08-02 15:00:00,2018-08-02 16:00:00,0.0
Poaceae,DEBIED,2018-08-02 15:00:00,2018-08-02 16:00:00,9.038995474
Poaceae,DEVIEC,2018-08-02 15:00:00,2018-08-02 16:00:00,0.0
Pinus,DEBIED,2018-08-02 18:00:00,2018-08-02 19:00:00,0.0
Pinus,DEVIEC,2018-08-02 18:00:00,2018-08-02 19:00:00,0.0
Poaceae,DEBIED,2018-08-02 18:00:00,2018-08-02 19:00:00,4.519497737
Poaceae,DEVIEC,2018-08-02 18:00:00,2018-08-02 19:00:00,0.0
Pinus,DEBIED,2018-08-02 21:00:00,2018-08-02 22:00:00,0.0
Pinus,DEVIEC,2018-08-02 21:00:00,2018-08-02 22:00:00,0.0
Poaceae,DEBIED,2018-08-02 21:00:00,2018-08-02 22:00:00,13.43743524
Poaceae,DEVIEC,2018-08-02 21:00:00,2018-08-02 22:00:00,0.0
Pinus,DEBIED,2018-08-03 00:00:00,2018-08-03 01:00:00,0.0
Pinus,DEVIEC,2018-08-03 00:00:00,2018-08-03 01:00:00,0.0
Poaceae,DEBIED,2018-08-03 00:00:00,2018-08-03 01:00:00,4.519497737
Poaceae,DEVIEC,2018-08-03 00:00:00,2018-08-03 01:00:00,0.0
Pinus,DEBIED,2018-08-03 03:00:00,2018-08-03 04:00:00,0.0
Pinus,DEVIEC,2018-08-03 03:00:00,2018-08-03 04:00:00,0.0
Poaceae,DEBIED,2018-08-03 03:00:00,2018-08-03 04:00:00,0.0
Poaceae,DEVIEC,2018-08-03 03:00:00,2018-08-03 04:00:00,0.0
Pinus,DEBIED,2018-08-03 06:00:00,2018-08-03 07:00:00,0.0
Pinus,DEVIEC,2018-08-03 06:00:00,2018-08-03 07:00:00,0.0
Poaceae,DEBIED,2018-08-03 06:00:00,2018-08-03 07:00:00,0.0
Poaceae,DEVIEC,2018-08-03 06:00:00,2018-08-03 07:00:00,0.0
Pinus,DEBIED,2018-08-03 09:00:00,2018-08-03 10:00:00,0.0
Pinus,DEVIEC,2018-08-03 09:00:00,2018-08-03 10:00:00,0.0
Poaceae,DEBIED,2018-08-03 09:00:00,2018-08-03 10:00:00,0.0
Poaceae,DEVIEC,2018-08-03 09:00:00,2018-08-03 10:00:00,14.31823636
Pinus,DEBIED,2018-08-03 12:00:00,2018-08-03 13:00:00,0.0
Pinus,DEVIEC,2018-08-03 12:00:00,2018-08-03 13:00:00,0.0
Poaceae,DEBIED,2018-08-03 12:00:00,2018-08-03 13:00:00,9.038995474
Poaceae,DEVIEC,2018-08-03 12:00:00,2018-08-03 13:00:00,0.0
Pinus,DEBIED,2018-08-03 15:00:00,2018-08-03 16:00:00,0.0
Pinus,DEVIEC,2018-08-03 15:00:00,2018-08-03 16:00:00,0.0
Poaceae,DEBIED,2018-08-03 15:00:00,2018-08-03 16:00:00,22.39572539
Poaceae,DEVIEC,2018-08-03 15:00:00,2018-08-03 16:00:00,0.0
Pinus,DEBIED,2018-08-03 18:00:00,2018-08-03 19:00:00,0.0
Pinus,DEVIEC,2018-08-03 18:00:00,2018-08-03 19:00:00,0.0
Poaceae,DEBIED,2018-08-03 18:00:00,2018-08-03 19:00:00,4.479145078
Poaceae,DEVIEC,2018-08-03 18:00:00,2018-08-03 19:00:00,0.0
Pinus,DEBIED,2018-08-03 21:00:00,2018-08-03 22:00:00,0.0
Pinus,DEVIEC,2018-08-03 21:00:00,2018-08-03 22:00:00,0.0
Poaceae,DEBIED,2018-08-03 21:00:00,2018-08-03 22:00:00,13.43743524
Poaceae,DEVIEC,2018-08-03 21:00:00,2018-08-03 22:00:00,0.0
Pinus,DEBIED,2018-08-04 00:00:00,2018-08-04 01:00:00,0.0
Pinus,DEVIEC,2018-08-04 00:00:00,2018-08-04 01:00:00,0.0
Poaceae,DEBIED,2018-08-04 00:00:00,2018-08-04 01:00:00,0.0
Poaceae,DEVIEC,2018-08-04 00:00:00,2018-08-04 01:00:00,0.0
Pinus,DEBIED,2018-08-04 03:00:00,2018-08-04 04:00:00,0.0
Pinus,DEVIEC,2018-08-04 03:00:00,2018-08-04 04:00:00,0.0
Poaceae,DEBIED,2018-08-04 03:00:00,2018-08-04 04:00:00,0.0
Poaceae,DEVIEC,2018-08-04 03:00:00,2018-08-04 04:00:00,0.0
Pinus,DEBIED,2018-08-04 06:00:00,2018-08-04 07:00:00,0.0
Pinus,DEVIEC,2018-08-04 06:00:00,2018-08-04 07:00:00,0.0
Poaceae,DEBIED,2018-08-04 06:00:00,2018-08-04 07:00:00,0.0
Poaceae,DEVIEC,2018-08-04 06:00:00,2018-08-04 07:00:00,5.192114775
Pinus,DEBIED,2018-08-04 09:00:00,2018-08-04 10:00:00,0.0
Pinus,DEVIEC,2018-08-04 09:00:00,2018-08-04 10:00:00,0.0
Poaceae,DEBIED,2018-08-04 09:00:00,2018-08-04 10:00:00,8.965609021
Poaceae,DEVIEC,2018-08-04 09:00:00,2018-08-04 10:00:00,0.0
Pinus,DEBIED,2018-08-04 12:00:00,2018-08-04 13:00:00,0.0
Pinus,DEVIEC,2018-08-04 12:00:00,2018-08-04 13:00:00,0.0
Poaceae,DEBIED,2018-08-04 12:00:00,2018-08-04 13:00:00,0.0
Poaceae,DEVIEC,2018-08-04 12:00:00,2018-08-04 13:00:00,9.616742637
Pinus,DEBIED,2018-08-04 15:00:00,2018-08-04 16:00:00,0.0
Pinus,DEVIEC,2018-08-04 15:00:00,2018-08-04 16:00:00,0.0
Poaceae,DEBIED,2018-08-04 15:00:00,2018-08-04 16:00:00,26.91881956
Poaceae,DEVIEC,2018-08-04 15:00:00,2018-08-04 16:00:00,4.803898415
Pinus,DEBIED,2018-08-04 18:00:00,2018-08-04 19:00:00,0.0
Pinus,DEVIEC,2018-08-04 18:00:00,2018-08-04 19:00:00,0.0
Poaceae,DEBIED,2018-08-04 18:00:00,2018-08-04 19:00:00,13.43743524
Poaceae,DEVIEC,2018-08-04 18:00:00,2018-08-04 19:00:00,0.0
Pinus,DEBIED,2018-08-04 21:00:00,2018-08-04 22:00:00,0.0
Pinus,DEVIEC,2018-08-04 21:00:00,2018-08-04 22:00:00,0.0
Poaceae,DEBIED,2018-08-04 21:00:00,2018-08-04 22:00:00,13.56957041
Poaceae,DEVIEC,2018-08-04 21:00:00,2018-08-04 22:00:00,0.0
Pinus,DEBIED,2018-08-05 00:00:00,2018-08-05 01:00:00,0.0
Pinus,DEVIEC,2018-08-05 00:00:00,2018-08-05 01:00:00,0.0
Poaceae,DEBIED,2018-08-05 00:00:00,2018-08-05 01:00:00,4.479145078
Poaceae,DEVIEC,2018-08-05 00:00:00,2018-08-05 01:00:00,0.0
Pinus,DEBIED,2018-08-05 03:00:00,2018-08-05 04:00:00,0.0
Pinus,DEVIEC,2018-08-05 03:00:00,2018-08-05 04:00:00,0.0
Poaceae,DEBIED,2018-08-05 03:00:00,2018-08-05 04:00:00,4.486469927
Poaceae,DEVIEC,2018-08-05 03:00:00,2018-08-05 04:00:00,0.0
Pinus,DEBIED,2018-08-05 06:00:00,2018-08-05 07:00:00,0.0
Pinus,DEVIEC,2018-08-05 06:00:00,2018-08-05 07:00:00,0.0
Poaceae,DEBIED,2018-08-05 06:00:00,2018-08-05 07:00:00,0.0
Poaceae,DEVIEC,2018-08-05 06:00:00,2018-08-05 07:00:00,0.0
Pinus,DEBIED,2018-08-05 09:00:00,2018-08-05 10:00:00,0.0
Pinus,DEVIEC,2018-08-05 09:00:00,2018-08-05 10:00:00,0.0
Poaceae,DEBIED,2018-08-05 09:00:00,2018-08-05 10:00:00,0.0
Poaceae,DEVIEC,2018-08-05 09:00:00,2018-08-05 10:00:00,9.616742637
Pinus,DEBIED,2018-08-05 12:00:00,2018-08-05 13:00:00,0.0
Pinus,DEVIEC,2018-08-05 12:00:00,2018-08-05 13:00:00,0.0
Poaceae,DEBIED,2018-08-05 12:00:00,2018-08-05 13:00:00,9.038995474
Poaceae,DEVIEC,2018-08-05 12:00:00,2018-08-05 13:00:00,0.0
Pinus,DEBIED,2018-08-05 15:00:00,2018-08-05 16:00:00,0.0
Pinus,DEVIEC,2018-08-05 15:00:00,2018-08-05 16:00:00,0.0
Poaceae,DEBIED,2018-08-05 15:00:00,2018-08-05 16:00:00,0.0
Poaceae,DEVIEC,2018-08-05 15:00:00,2018-08-05 16:00:00,0.0
Pinus,DEBIED,2018-08-05 18:00:00,2018-08-05 19:00:00,0.0
Pinus,DEVIEC,2018-08-05 18:00:00,2018-08-05 19:00:00,0.0
Poaceae,DEBIED,2018-08-05 18:00:00,2018-08-05 19:00:00,0.0
Poaceae,DEVIEC,2018-08-05 18:00:00,2018-08-05 19:00:00,0.0
Pinus,DEBIED,2018-08-05 21:00:00,2018-08-05 22:00:00,0.0
Pinus,DEVIEC,2018-08-05 21:00:00,2018-08-05 22:00:00,0.0
Poaceae,DEBIED,2018-08-05 21:00:00,2018-08-05 22:00:00,4.482804511
Poaceae,DEVIEC,2018-08-05 21:00:00,2018-08-05 22:00:00,0.0
Pinus,DEBIED,2018-08-06 00:00:00,2018-08-06 01:00:00,0.0
Pinus,DEVIEC,2018-08-06 00:00:00,2018-08-06 01:00:00,0.0
Poaceae,DEBIED,2018-08-06 00:00:00,2018-08-06 01:00:00,4.479145078
Poaceae,DEVIEC,2018-08-06 00:00:00,2018-08-06 01:00:00,0.0
Pinus,DEBIED,2018-08-06 03:00:00,2018-08-06 04:00:00,0.0
Pinus,DEVIEC,2018-08-06 03:00:00,2018-08-06 04:00:00,0.0
Poaceae,DEBIED,2018-08-06 03:00:00,2018-08-06 04:00:00,4.482804511
Poaceae,DEVIEC,2018-08-06 03:00:00,2018-08-06 04:00:00,0.0
Pinus,DEBIED,2018-08-06 06:00:00,2018-08-06 07:00:00,0.0
Pinus,DEVIEC,2018-08-06 06:00:00,2018-08-06 07:00:00,0.0
Poaceae,DEBIED,2018-08-06 06:00:00,2018-08-06 07:00:00,0.0
Poaceae,DEVIEC,2018-08-06 06:00:00,2018-08-06 07:00:00,0.0
Pinus,DEBIED,2018-08-06 09:00:00,2018-08-06 10:00:00,0.0
Pinus,DEVIEC,2018-08-06 09:00:00,2018-08-06 10:00:00,0.0
Poaceae,DEBIED,2018-08-06 09:00:00,2018-08-06 10:00:00,0.0
Poaceae,DEVIEC,2018-08-06 09:00:00,2018-08-06 10:00:00,5.206631405
Pinus,DEBIED,2018-08-06 12:00:00,2018-08-06 13:00:00,0.0
Pinus,DEVIEC,2018-08-06 12:00:00,2018-08-06 13:00:00,0.0
Poaceae,DEBIED,2018-08-06 12:00:00,2018-08-06 13:00:00,9.046380274
Poaceae,DEVIEC,2018-08-06 12:00:00,2018-08-06 13:00:00,4.808371319
Pinus,DEBIED,2018-08-06 15:00:00,2018-08-06 16:00:00,0.0
Pinus,DEVIEC,2018-08-06 15:00:00,2018-08-06 16:00:00,0.0
Poaceae,DEBIED,2018-08-06 15:00:00,2018-08-06 16:00:00,4.523190137
Poaceae,DEVIEC,2018-08-06 15:00:00,2018-08-06 16:00:00,0.0
Pinus,DEBIED,2018-08-06 18:00:00,2018-08-06 19:00:00,0.0
Pinus,DEVIEC,2018-08-06 18:00:00,2018-08-06 19:00:00,0.0
Poaceae,DEBIED,2018-08-06 18:00:00,2018-08-06 19:00:00,4.523190137
Poaceae,DEVIEC,2018-08-06 18:00:00,2018-08-06 19:00:00,5.201783518
Pinus,DEBIED,2018-08-06 21:00:00,2018-08-06 22:00:00,0.0
Pinus,DEVIEC,2018-08-06 21:00:00,2018-08-06 22:00:00,0.0
Poaceae,DEBIED,2018-08-06 21:00:00,2018-08-06 22:00:00,4.56058408
Poaceae,DEVIEC,2018-08-06 21:00:00,2018-08-06 22:00:00,4.808371319
Pinus,DEBIED,2018-08-07 00:00:00,2018-08-07 01:00:00,0.0
Pinus,DEVIEC,2018-08-07 00:00:00,2018-08-07 01:00:00,0.0
Poaceae,DEBIED,2018-08-07 00:00:00,2018-08-07 01:00:00,0.0
Poaceae,DEVIEC,2018-08-07 00:00:00,2018-08-07 01:00:00,0.0
Pinus,DEBIED,2018-08-07 03:00:00,2018-08-07 04:00:00,0.0
Pinus,DEVIEC,2018-08-07 03:00:00,2018-08-07 04:00:00,0.0
Poaceae,DEBIED,2018-08-07 03:00:00,2018-08-07 04:00:00,0.0
Poaceae,DEVIEC,2018-08-07 03:00:00,2018-08-07 04:00:00,4.768301558
Pinus,DEBIED,2018-08-07 06:00:00,2018-08-07 07:00:00,0.0
Pinus,DEVIEC,2018-08-07 06:00:00,2018-08-07 07:00:00,0.0
Poaceae,DEBIED,2018-08-07 06:00:00,2018-08-07 07:00:00,0.0
Poaceae,DEVIEC,2018-08-07 06:00:00,2018-08-07 07:00:00,0.0
Pinus,DEBIED,2018-08-07 09:00:00,2018-08-07 10:00:00,0.0
Pinus,DEVIEC,2018-08-07 09:00:00,2018-08-07 10:00:00,0.0
Poaceae,DEBIED,2018-08-07 09:00:00,2018-08-07 10:00:00,8.965609021
Poaceae,DEVIEC,2018-08-07 09:00:00,2018-08-07 10:00:00,0.0
Pinus,DEBIED,2018-08-07 12:00:00,2018-08-07 13:00:00,0.0
Pinus,DEVIEC,2018-08-07 12:00:00,2018-08-07 13:00:00,0.0
Poaceae,DEBIED,2018-08-07 12:00:00,2018-08-07 13:00:00,9.038995474
Poaceae,DEVIEC,2018-08-07 12:00:00,2018-08-07 13:00:00,9.589955053
Pinus,DEBIED,2018-08-07 15:00:00,2018-08-07 16:00:00,0.0
Pinus,DEVIEC,2018-08-07 15:00:00,2018-08-07 16:00:00,0.0
Poaceae,DEBIED,2018-08-07 15:00:00,2018-08-07 16:00:00,0.0
Poaceae,DEVIEC,2018-08-07 15:00:00,2018-08-07 16:00:00,0.0
Pinus,DEBIED,2018-08-07 18:00:00,2018-08-07 19:00:00,0.0
Pinus,DEVIEC,2018-08-07 18:00:00,2018-08-07 19:00:00,0.0
Poaceae,DEBIED,2018-08-07 18:00:00,2018-08-07 19:00:00,0.0
Poaceae,DEVIEC,2018-08-07 18:00:00,2018-08-07 19:00:00,4.768301558
Pinus,DEBIED,2018-08-07 21:00:00,2018-08-07 22:00:00,0.0
Pinus,DEVIEC,2018-08-07 21:00:00,2018-08-07 22:00:00,0.0
Poaceae,DEBIED,2018-08-07 21:00:00,2018-08-07 22:00:00,9.053777151
Poaceae,DEVIEC,2018-08-07 21:00:00,2018-08-07 22:00:00,0.0
Pinus,DEBIED,2018-08-08 00:00:00,2018-08-08 01:00:00,0.0
Pinus,DEVIEC,2018-08-08 00:00:00,2018-08-08 01:00:00,0.0
Poaceae,DEBIED,2018-08-08 00:00:00,2018-08-08 01:00:00,8.367901753
Poaceae,DEVIEC,2018-08-08 00:00:00,2018-08-08 01:00:00,0.0
Pinus,DEBIED,2018-08-08 03:00:00,2018-08-08 04:00:00,0.0
Pinus,DEVIEC,2018-08-08 03:00:00,2018-08-08 04:00:00,0.0
Poaceae,DEBIED,2018-08-08 03:00:00,2018-08-08 04:00:00,0.0
Poaceae,DEVIEC,2018-08-08 03:00:00,2018-08-08 04:00:00,0.0
Pinus,DEVIEC,2018-08-08 06:00:00,2018-08-08 07:00:00,0.0
Poaceae,DEVIEC,2018-08-08 06:00:00,2018-08-08 07:00:00,4.808371319
Pinus,DEVIEC,2018-08-08 09:00:00,2018-08-08 10:00:00,0.0
Poaceae,DEVIEC,2018-08-08 09:00:00,2018-08-08 10:00:00,0.0
Pinus,DEBIED,2018-08-08 12:00:00,2018-08-08 13:00:00,0.0
Pinus,DEVIEC,2018-08-08 12:00:00,2018-08-08 13:00:00,0.0
Poaceae,DEBIED,2018-08-08 12:00:00,2018-08-08 13:00:00,0.0
Poaceae,DEVIEC,2018-08-08 12:00:00,2018-08-08 13:00:00,0.0
Pinus,DEBIED,2018-08-08 15:00:00,2018-08-08 16:00:00,0.0
Pinus,DEVIEC,2018-08-08 15:00:00,2018-08-08 16:00:00,0.0
Poaceae,DEBIED,2018-08-08 15:00:00,2018-08-08 16:00:00,0.0
Poaceae,DEVIEC,2018-08-08 15:00:00,2018-08-08 16:00:00,5.201783518
Pinus,DEBIED,2018-08-08 18:00:00,2018-08-08 19:00:00,0.0
Pinus,DEVIEC,2018-08-08 18:00:00,2018-08-08 19:00:00,0.0
Poaceae,DEBIED,2018-08-08 18:00:00,2018-08-08 19:00:00,9.473096324
Poaceae,DEVIEC,2018-08-08 18:00:00,2018-08-08 19:00:00,0.0
Pinus,DEBIED,2018-08-08 21:00:00,2018-08-08 22:00:00,0.0
Pinus,DEVIEC,2018-08-08 21:00:00,2018-08-08 22:00:00,0.0
Poaceae,DEBIED,2018-08-08 21:00:00,2018-08-08 22:00:00,0.0
Poaceae,DEVIEC,2018-08-08 21:00:00,2018-08-08 22:00:00,0.0
Pinus,DEBIED,2018-08-09 00:00:00,2018-08-09 01:00:00,0.0
Pinus,DEVIEC,2018-08-09 00:00:00,2018-08-09 01:00:00,0.0
Poaceae,DEBIED,2018-08-09 00:00:00,2018-08-09 01:00:00,9.45764266
Poaceae,DEVIEC,2018-08-09 00:00:00,2018-08-09 01:00:00,0.0
Pinus,DEBIED,2018-08-09 03:00:00,2018-08-09 04:00:00,0.0
Pinus,DEVIEC,2018-08-09 03:00:00,2018-08-09 04:00:00,0.0
Poaceae,DEBIED,2018-08-09 03:00:00,2018-08-09 04:00:00,0.0
Poaceae,DEVIEC,2018-08-09 03:00:00,2018-08-09 04:00:00,0.0
Pinus,DEBIED,2018-08-09 06:00:00,2018-08-09 07:00:00,0.0
Pinus,DEVIEC,2018-08-09 06:00:00,2018-08-09 07:00:00,0.0
Poaceae,DEBIED,2018-08-09 06:00:00,2018-08-09 07:00:00,0.0
Poaceae,DEVIEC,2018-08-09 06:00:00,2018-08-09 07:00:00,0.0
Pinus,DEBIED,2018-08-09 09:00:00,2018-08-09 10:00:00,0.0
Pinus,DEVIEC,2018-08-09 09:00:00,2018-08-09 10:00:00,0.0
Poaceae,DEBIED,2018-08-09 09:00:00,2018-08-09 10:00:00,4.732681592
Poaceae,DEVIEC,2018-08-09 09:00:00,2018-08-09 10:00:00,0.0
Pinus,DEBIED,2018-08-09 12:00:00,2018-08-09 13:00:00,0.0
Pinus,DEVIEC,2018-08-09 12:00:00,2018-08-09 13:00:00,0.0
Poaceae,DEBIED,2018-08-09 12:00:00,2018-08-09 13:00:00,4.769967049
Poaceae,DEVIEC,2018-08-09 12:00:00,2018-08-09 13:00:00,10.3938893
Pinus,DEBIED,2018-08-09 15:00:00,2018-08-09 16:00:00,0.0
Pinus,DEVIEC,2018-08-09 15:00:00,2018-08-09 16:00:00,0.0
Poaceae,DEBIED,2018-08-09 15:00:00,2018-08-09 16:00:00,4.72882133
Poaceae,DEVIEC,2018-08-09 15:00:00,2018-08-09 16:00:00,0.0
Pinus,DEBIED,2018-08-09 18:00:00,2018-08-09 19:00:00,0.0
Pinus,DEVIEC,2018-08-09 18:00:00,2018-08-09 19:00:00,0.0
Poaceae,DEBIED,2018-08-09 18:00:00,2018-08-09 19:00:00,0.0
Poaceae,DEVIEC,2018-08-09 18:00:00,2018-08-09 19:00:00,10.38422955
Pinus,DEBIED,2018-08-09 21:00:00,2018-08-09 22:00:00,0.0
Pinus,DEVIEC,2018-08-09 21:00:00,2018-08-09 22:00:00,0.0
Poaceae,DEBIED,2018-08-09 21:00:00,2018-08-09 22:00:00,0.0
Poaceae,DEVIEC,2018-08-09 21:00:00,2018-08-09 22:00:00,0.0
Pinus,DEBIED,2018-08-10 00:00:00,2018-08-10 01:00:00,0.0
Pinus,DEVIEC,2018-08-10 00:00:00,2018-08-10 01:00:00,0.0
Poaceae,DEBIED,2018-08-10 00:00:00,2018-08-10 01:00:00,0.0
Poaceae,DEVIEC,2018-08-10 00:00:00,2018-08-10 01:00:00,0.0
Pinus,DEBIED,2018-08-10 03:00:00,2018-08-10 04:00:00,0.0
Pinus,DEVIEC,2018-08-10 03:00:00,2018-08-10 04:00:00,0.0
Poaceae,DEBIED,2018-08-10 03:00:00,2018-08-10 04:00:00,0.0
Poaceae,DEVIEC,2018-08-10 03:00:00,2018-08-10 04:00:00,0.0
Pinus,DEBIED,2018-08-10 06:00:00,2018-08-10 07:00:00,0.0
Pinus,DEVIEC,2018-08-10 06:00:00,2018-08-10 07:00:00,0.0
Poaceae,DEBIED,2018-08-10 06:00:00,2018-08-10 07:00:00,0.0
Poaceae,DEVIEC,2018-08-10 06:00:00,2018-08-10 07:00:00,0.0
Pinus,DEBIED,2018-08-10 09:00:00,2018-08-10 10:00:00,0.0
Pinus,DEVIEC,2018-08-10 09:00:00,2018-08-10 10:00:00,0.0
Poaceae,DEBIED,2018-08-10 09:00:00,2018-08-10 10:00:00,0.0
Poaceae,DEVIEC,2018-08-10 09:00:00,2018-08-10 10:00:00,0.0
Pinus,DEBIED,2018-08-10 12:00:00,2018-08-10 13:00:00,0.0
Pinus,DEVIEC,2018-08-10 12:00:00,2018-08-10 13:00:00,0.0
Poaceae,DEBIED,2018-08-10 12:00:00,2018-08-10 13:00:00,0.0
Poaceae,DEVIEC,2018-08-10 12:00:00,2018-08-10 13:00:00,0.0
Pinus,DEBIED,2018-08-10 15:00:00,2018-08-10 16:00:00,0.0
Pinus,DEVIEC,2018-08-10 15:00:00,2018-08-10 16:00:00,0.0
Poaceae,DEBIED,2018-08-10 15:00:00,2018-08-10 16:00:00,0.0
Poaceae,DEVIEC,2018-08-10 15:00:00,2018-08-10 16:00:00,0.0
Pinus,DEBIED,2018-08-10 18:00:00,2018-08-10 19:00:00,0.0
Pinus,DEVIEC,2018-08-10 18:00:00,2018-08-10 19:00:00,0.0
Poaceae,DEBIED,2018-08-10 18:00:00,2018-08-10 19:00:00,0.0
Poaceae,DEVIEC,2018-08-10 18:00:00,2018-08-10 19:00:00,0.0
Pinus,DEBIED,2018-08-10 21:00:00,2018-08-10 22:00:00,0.0
Pinus,DEVIEC,2018-08-10 21:00:00,2018-08-10 22:00:00,0.0
Poaceae,DEBIED,2018-08-10 21:00:00,2018-08-10 22:00:00,0.0
Poaceae,DEVIEC,2018-08-10 21:00:00,2018-08-10 22:00:00,0.0
Pinus,DEBIED,2018-08-11 00:00:00,2018-08-11 01:00:00,0.0
Pinus,DEVIEC,2018-08-11 00:00:00,2018-08-11 01:00:00,0.0
Poaceae,DEBIED,2018-08-11 00:00:00,2018-08-11 01:00:00,0.0
Poaceae,DEVIEC,2018-08-11 00:00:00,2018-08-11 01:00:00,0.0
Pinus,DEBIED,2018-08-11 03:00:00,2018-08-11 04:00:00,0.0
Pinus,DEVIEC,2018-08-11 03:00:00,2018-08-11 04:00:00,0.0
Poaceae,DEBIED,2018-08-11 03:00:00,2018-08-11 04:00:00,0.0
Poaceae,DEVIEC,2018-08-11 03:00:00,2018-08-11 04:00:00,0.0
Pinus,DEBIED,2018-08-11 06:00:00,2018-08-11 07:00:00,0.0
Pinus,DEVIEC,2018-08-11 06:00:00,2018-08-11 07:00:00,0.0
Poaceae,DEBIED,2018-08-11 06:00:00,2018-08-11 07:00:00,0.0
Poaceae,DEVIEC,2018-08-11 06:00:00,2018-08-11 07:00:00,0.0
Pinus,DEBIED,2018-08-11 09:00:00,2018-08-11 10:00:00,0.0
Pinus,DEVIEC,2018-08-11 09:00:00,2018-08-11 10:00:00,0.0
Poaceae,DEBIED,2018-08-11 09:00:00,2018-08-11 10:00:00,0.0
Poaceae,DEVIEC,2018-08-11 09:00:00,2018-08-11 10:00:00,0.0
Pinus,DEBIED,2018-08-11 12:00:00,2018-08-11 13:00:00,0.0
Pinus,DEVIEC,2018-08-11 12:00:00,2018-08-11 13:00:00,0.0
Poaceae,DEBIED,2018-08-11 12:00:00,2018-08-11 13:00:00,19.111019
Poaceae,DEVIEC,2018-08-11 12:00:00,2018-08-11 13:00:00,10.30984121
Pinus,DEBIED,2018-08-11 15:00:00,2018-08-11 16:00:00,0.0
Pinus,DEVIEC,2018-08-11 15:00:00,2018-08-11 16:00:00,0.0
Poaceae,DEBIED,2018-08-11 15:00:00,2018-08-11 16:00:00,14.33326425
Poaceae,DEVIEC,2018-08-11 15:00:00,2018-08-11 16:00:00,0.0
Pinus,DEBIED,2018-08-11 18:00:00,2018-08-11 19:00:00,0.0
Pinus,DEVIEC,2018-08-11 18:00:00,2018-08-11 19:00:00,0.0
Poaceae,DEBIED,2018-08-11 18:00:00,2018-08-11 19:00:00,4.732681592
Poaceae,DEVIEC,2018-08-11 18:00:00,2018-08-11 19:00:00,0.0
Pinus,DEBIED,2018-08-11 21:00:00,2018-08-11 22:00:00,0.0
Pinus,DEVIEC,2018-08-11 21:00:00,2018-08-11 22:00:00,0.0
Poaceae,DEBIED,2018-08-11 21:00:00,2018-08-11 22:00:00,0.0
Poaceae,DEVIEC,2018-08-11 21:00:00,2018-08-11 22:00:00,0.0
Pinus,DEBIED,2018-08-12 00:00:00,2018-08-12 01:00:00,0.0
Poaceae,DEBIED,2018-08-12 00:00:00,2018-08-12 01:00:00,0.0
Pinus,DEBIED,2018-08-12 03:00:00,2018-08-12 04:00:00,0.0
Pinus,DEVIEC,2018-08-12 03:00:00,2018-08-12 04:00:00,0.0
Poaceae,DEBIED,2018-08-12 03:00:00,2018-08-12 04:00:00,0.0
Poaceae,DEVIEC,2018-08-12 03:00:00,2018-08-12 04:00:00,5.150125328
Pinus,DEBIED,2018-08-12 06:00:00,2018-08-12 07:00:00,0.0
Pinus,DEVIEC,2018-08-12 06:00:00,2018-08-12 07:00:00,0.0
Poaceae,DEBIED,2018-08-12 06:00:00,2018-08-12 07:00:00,0.0
Poaceae,DEVIEC,2018-08-12 06:00:00,2018-08-12 07:00:00,5.150125328
Pinus,DEBIED,2018-08-12 09:00:00,2018-08-12 10:00:00,0.0
Pinus,DEVIEC,2018-08-12 09:00:00,2018-08-12 10:00:00,0.0
Poaceae,DEBIED,2018-08-12 09:00:00,2018-08-12 10:00:00,9.555509501
Poaceae,DEVIEC,2018-08-12 09:00:00,2018-08-12 10:00:00,0.0
Pinus,DEBIED,2018-08-12 12:00:00,2018-08-12 13:00:00,0.0
Pinus,DEVIEC,2018-08-12 12:00:00,2018-08-12 13:00:00,0.0
Poaceae,DEBIED,2018-08-12 12:00:00,2018-08-12 13:00:00,9.555509501
Poaceae,DEVIEC,2018-08-12 12:00:00,2018-08-12 13:00:00,10.30025066
Pinus,DEBIED,2018-08-12 15:00:00,2018-08-12 16:00:00,0.0
Pinus,DEVIEC,2018-08-12 15:00:00,2018-08-12 16:00:00,0.0
Poaceae,DEBIED,2018-08-12 15:00:00,2018-08-12 16:00:00,4.781658145
Poaceae,DEVIEC,2018-08-12 15:00:00,2018-08-12 16:00:00,0.0
Pinus,DEBIED,2018-08-12 18:00:00,2018-08-12 19:00:00,0.0
Pinus,DEVIEC,2018-08-12 18:00:00,2018-08-12 19:00:00,0.0
Poaceae,DEBIED,2018-08-12 18:00:00,2018-08-12 19:00:00,0.0
Poaceae,DEVIEC,2018-08-12 18:00:00,2018-08-12 19:00:00,0.0
Pinus,DEBIED,2018-08-12 21:00:00,2018-08-12 22:00:00,0.0
Pinus,DEVIEC,2018-08-12 21:00:00,2018-08-12 22:00:00,0.0
Poaceae,DEBIED,2018-08-12 21:00:00,2018-08-12 22:00:00,4.77775475
Poaceae,DEVIEC,2018-08-12 21:00:00,2018-08-12 22:00:00,0.0
Pinus,DEBIED,2018-08-13 00:00:00,2018-08-13 01:00:00,0.0
Pinus,DEVIEC,2018-08-13 00:00:00,2018-08-13 01:00:00,0.0
Poaceae,DEBIED,2018-08-13 00:00:00,2018-08-13 01:00:00,9.555509501
Poaceae,DEVIEC,2018-08-13 00:00:00,2018-08-13 01:00:00,0.0
Pinus,DEBIED,2018-08-13 03:00:00,2018-08-13 04:00:00,0.0
Pinus,DEVIEC,2018-08-13 03:00:00,2018-08-13 04:00:00,0.0
Poaceae,DEBIED,2018-08-13 03:00:00,2018-08-13 04:00:00,4.72882133
Poaceae,DEVIEC,2018-08-13 03:00:00,2018-08-13 04:00:00,0.0
Pinus,DEBIED,2018-08-13 06:00:00,2018-08-13 07:00:00,0.0
Pinus,DEVIEC,2018-08-13 06:00:00,2018-08-13 07:00:00,0.0
Poaceae,DEBIED,2018-08-13 06:00:00,2018-08-13 07:00:00,0.0
Poaceae,DEVIEC,2018-08-13 06:00:00,2018-08-13 07:00:00,5.150125328
Pinus,DEBIED,2018-08-13 09:00:00,2018-08-13 10:00:00,0.0
Pinus,DEVIEC,2018-08-13 09:00:00,2018-08-13 10:00:00,0.0
Poaceae,DEBIED,2018-08-13 09:00:00,2018-08-13 10:00:00,0.0
Poaceae,DEVIEC,2018-08-13 09:00:00,2018-08-13 10:00:00,0.0
Pinus,DEBIED,2018-08-13 12:00:00,2018-08-13 13:00:00,0.0
Pinus,DEVIEC,2018-08-13 12:00:00,2018-08-13 13:00:00,0.0
Poaceae,DEBIED,2018-08-13 12:00:00,2018-08-13 13:00:00,0.0
Poaceae,DEVIEC,2018-08-13 12:00:00,2018-08-13 13:00:00,0.0
Pinus,DEBIED,2018-08-13 15:00:00,2018-08-13 16:00:00,0.0
Pinus,DEVIEC,2018-08-13 15:00:00,2018-08-13 16:00:00,0.0
Poaceae,DEBIED,2018-08-13 15:00:00,2018-08-13 16:00:00,9.563316289
Poaceae,DEVIEC,2018-08-13 15:00:00,2018-08-13 16:00:00,0.0
Pinus,DEBIED,2018-08-13 18:00:00,2018-08-13 19:00:00,0.0
Pinus,DEVIEC,2018-08-13 18:00:00,2018-08-13 19:00:00,0.0
Poaceae,DEBIED,2018-08-13 18:00:00,2018-08-13 19:00:00,0.0
Poaceae,DEVIEC,2018-08-13 18:00:00,2018-08-13 19:00:00,0.0
Pinus,DEBIED,2018-08-13 21:00:00,2018-08-13 22:00:00,0.0
Pinus,DEVIEC,2018-08-13 21:00:00,2018-08-13 22:00:00,0.0
Poaceae,DEBIED,2018-08-13 21:00:00,2018-08-13 22:00:00,0.0
Poaceae,DEVIEC,2018-08-13 21:00:00,2018-08-13 22:00:00,0.0
Pinus,DEBIED,2018-08-14 00:00:00,2018-08-14 01:00:00,0.0
Pinus,DEVIEC,2018-08-14 00:00:00,2018-08-14 01:00:00,0.0
Poaceae,DEBIED,2018-08-14 00:00:00,2018-08-14 01:00:00,0.0
Poaceae,DEVIEC,2018-08-14 00:00:00,2018-08-14 01:00:00,0.0
Pinus,DEBIED,2018-08-14 03:00:00,2018-08-14 04:00:00,0.0
Pinus,DEVIEC,2018-08-14 03:00:00,2018-08-14 04:00:00,0.0
Poaceae,DEBIED,2018-08-14 03:00:00,2018-08-14 04:00:00,0.0
Poaceae,DEVIEC,2018-08-14 03:00:00,2018-08-14 04:00:00,0.0
Pinus,DEBIED,2018-08-14 06:00:00,2018-08-14 07:00:00,0.0
Pinus,DEVIEC,2018-08-14 06:00:00,2018-08-14 07:00:00,0.0
Poaceae,DEBIED,2018-08-14 06:00:00,2018-08-14 07:00:00,0.0
Poaceae,DEVIEC,2018-08-14 06:00:00,2018-08-14 07:00:00,0.0
Pinus,DEBIED,2018-08-14 09:00:00,2018-08-14 10:00:00,0.0
Pinus,DEVIEC,2018-08-14 09:00:00,2018-08-14 10:00:00,0.0
Poaceae,DEBIED,2018-08-14 09:00:00,2018-08-14 10:00:00,0.0
Poaceae,DEVIEC,2018-08-14 09:00:00,2018-08-14 10:00:00,0.0
Pinus,DEBIED,2018-08-14 12:00:00,2018-08-14 13:00:00,0.0
Pinus,DEVIEC,2018-08-14 12:00:00,2018-08-14 13:00:00,0.0
Poaceae,DEBIED,2018-08-14 12:00:00,2018-08-14 13:00:00,9.45764266
Poaceae,DEVIEC,2018-08-14 12:00:00,2018-08-14 13:00:00,0.0
Pinus,DEBIED,2018-08-14 15:00:00,2018-08-14 16:00:00,0.0
Pinus,DEVIEC,2018-08-14 15:00:00,2018-08-14 16:00:00,0.0
Poaceae,DEBIED,2018-08-14 15:00:00,2018-08-14 16:00:00,0.0
Poaceae,DEVIEC,2018-08-14 15:00:00,2018-08-14 16:00:00,0.0
Pinus,DEBIED,2018-08-14 18:00:00,2018-08-14 19:00:00,0.0
Pinus,DEVIEC,2018-08-14 18:00:00,2018-08-14 19:00:00,0.0
Poaceae,DEBIED,2018-08-14 18:00:00,2018-08-14 19:00:00,0.0
Poaceae,DEVIEC,2018-08-14 18:00:00,2018-08-14 19:00:00,0.0
Pinus,DEBIED,2018-08-14 21:00:00,2018-08-14 22:00:00,0.0
Pinus,DEVIEC,2018-08-14 21:00:00,2018-08-14 22:00:00,0.0
Poaceae,DEBIED,2018-08-14 21:00:00,2018-08-14 22:00:00,0.0
Poaceae,DEVIEC,2018-08-14 21:00:00,2018-08-14 22:00:00,0.0
Pinus,DEBIED,2018-08-15 00:00:00,2018-08-15 01:00:00,0.0
Pinus,DEVIEC,2018-08-15 00:00:00,2018-08-15 01:00:00,0.0
Poaceae,DEBIED,2018-08-15 00:00:00,2018-08-15 01:00:00,0.0
Poaceae,DEVIEC,2018-08-15 00:00:00,2018-08-15 01:00:00,0.0
Pinus,DEBIED,2018-08-15 03:00:00,2018-08-15 04:00:00,0.0
Pinus,DEVIEC,2018-08-15 03:00:00,2018-08-15 04:00:00,0.0
Poaceae,DEBIED,2018-08-15 03:00:00,2018-08-15 04:00:00,0.0
Poaceae,DEVIEC,2018-08-15 03:00:00,2018-08-15 04:00:00,0.0
Pinus,DEBIED,2018-08-15 06:00:00,2018-08-15 07:00:00,0.0
Pinus,DEVIEC,2018-08-15 06:00:00,2018-08-15 07:00:00,0.0
Poaceae,DEBIED,2018-08-15 06:00:00,2018-08-15 07:00:00,0.0
Poaceae,DEVIEC,2018-08-15 06:00:00,2018-08-15 07:00:00,0.0
Pinus,DEBIED,2018-08-15 09:00:00,2018-08-15 10:00:00,0.0
Pinus,DEVIEC,2018-08-15 09:00:00,2018-08-15 10:00:00,0.0
Poaceae,DEBIED,2018-08-15 09:00:00,2018-08-15 10:00:00,0.0
Poaceae,DEVIEC,2018-08-15 09:00:00,2018-08-15 10:00:00,5.206631405
Pinus,DEBIED,2018-08-15 12:00:00,2018-08-15 13:00:00,0.0
Pinus,DEVIEC,2018-08-15 12:00:00,2018-08-15 13:00:00,0.0
Poaceae,DEBIED,2018-08-15 12:00:00,2018-08-15 13:00:00,4.732681592
Poaceae,DEVIEC,2018-08-15 12:00:00,2018-08-15 13:00:00,0.0
Pinus,DEBIED,2018-08-15 15:00:00,2018-08-15 16:00:00,0.0
Pinus,DEVIEC,2018-08-15 15:00:00,2018-08-15 16:00:00,0.0
Poaceae,DEBIED,2018-08-15 15:00:00,2018-08-15 16:00:00,9.465363185
Poaceae,DEVIEC,2018-08-15 15:00:00,2018-08-15 16:00:00,0.0
Pinus,DEBIED,2018-08-15 18:00:00,2018-08-15 19:00:00,0.0
Pinus,DEVIEC,2018-08-15 18:00:00,2018-08-15 19:00:00,0.0
Poaceae,DEBIED,2018-08-15 18:00:00,2018-08-15 19:00:00,0.0
Poaceae,DEVIEC,2018-08-15 18:00:00,2018-08-15 19:00:00,0.0
Pinus,DEBIED,2018-08-15 21:00:00,2018-08-15 22:00:00,0.0
Pinus,DEVIEC,2018-08-15 21:00:00,2018-08-15 22:00:00,0.0
Poaceae,DEBIED,2018-08-15 21:00:00,2018-08-15 22:00:00,4.736548162
Poaceae,DEVIEC,2018-08-15 21:00:00,2018-08-15 22:00:00,0.0
Pinus,DEBIED,2018-08-16 00:00:00,2018-08-16 01:00:00,0.0
Pinus,DEVIEC,2018-08-16 00:00:00,2018-08-16 01:00:00,0.0
Poaceae,DEBIED,2018-08-16 00:00:00,2018-08-16 01:00:00,0.0
Poaceae,DEVIEC,2018-08-16 00:00:00,2018-08-16 01:00:00,0.0
Pinus,DEBIED,2018-08-16 03:00:00,2018-08-16 04:00:00,0.0
Pinus,DEVIEC,2018-08-16 03:00:00,2018-08-16 04:00:00,0.0
Poaceae,DEBIED,2018-08-16 03:00:00,2018-08-16 04:00:00,0.0
Poaceae,DEVIEC,2018-08-16 03:00:00,2018-08-16 04:00:00,0.0
Pinus,DEBIED,2018-08-16 06:00:00,2018-08-16 07:00:00,0.0
Pinus,DEVIEC,2018-08-16 06:00:00,2018-08-16 07:00:00,0.0
Poaceae,DEBIED,2018-08-16 06:00:00,2018-08-16 07:00:00,0.0
Poaceae,DEVIEC,2018-08-16 06:00:00,2018-08-16 07:00:00,0.0
Pinus,DEBIED,2018-08-16 09:00:00,2018-08-16 10:00:00,0.0
Pinus,DEVIEC,2018-08-16 09:00:00,2018-08-16 10:00:00,0.0
Poaceae,DEBIED,2018-08-16 09:00:00,2018-08-16 10:00:00,0.0
Poaceae,DEVIEC,2018-08-16 09:00:00,2018-08-16 10:00:00,5.196944649
Pinus,DEBIED,2018-08-16 12:00:00,2018-08-16 13:00:00,0.0
Pinus,DEVIEC,2018-08-16 12:00:00,2018-08-16 13:00:00,0.0
Poaceae,DEBIED,2018-08-16 12:00:00,2018-08-16 13:00:00,0.0
Poaceae,DEVIEC,2018-08-16 12:00:00,2018-08-16 13:00:00,10.40356704
Pinus,DEBIED,2018-08-16 15:00:00,2018-08-16 16:00:00,0.0
Pinus,DEVIEC,2018-08-16 15:00:00,2018-08-16 16:00:00,0.0
Poaceae,DEBIED,2018-08-16 15:00:00,2018-08-16 16:00:00,4.732681592
Poaceae,DEVIEC,2018-08-16 15:00:00,2018-08-16 16:00:00,0.0
Pinus,DEBIED,2018-08-16 18:00:00,2018-08-16 19:00:00,0.0
Pinus,DEVIEC,2018-08-16 18:00:00,2018-08-16 19:00:00,0.0
Poaceae,DEBIED,2018-08-16 18:00:00,2018-08-16 19:00:00,14.19804478
Poaceae,DEVIEC,2018-08-16 18:00:00,2018-08-16 19:00:00,0.0
Pinus,DEBIED,2018-08-16 21:00:00,2018-08-16 22:00:00,0.0
Pinus,DEVIEC,2018-08-16 21:00:00,2018-08-16 22:00:00,0.0
Poaceae,DEBIED,2018-08-16 21:00:00,2018-08-16 22:00:00,0.0
Poaceae,DEVIEC,2018-08-16 21:00:00,2018-08-16 22:00:00,0.0
Pinus,DEBIED,2018-08-17 00:00:00,2018-08-17 01:00:00,0.0
Pinus,DEVIEC,2018-08-17 00:00:00,2018-08-17 01:00:00,0.0
Poaceae,DEBIED,2018-08-17 00:00:00,2018-08-17 01:00:00,4.72496736
Poaceae,DEVIEC,2018-08-17 00:00:00,2018-08-17 01:00:00,0.0
Pinus,DEBIED,2018-08-17 03:00:00,2018-08-17 04:00:00,0.0
Pinus,DEVIEC,2018-08-17 03:00:00,2018-08-17 04:00:00,0.0
Poaceae,DEBIED,2018-08-17 03:00:00,2018-08-17 04:00:00,0.0
Poaceae,DEVIEC,2018-08-17 03:00:00,2018-08-17 04:00:00,0.0
Pinus,DEBIED,2018-08-17 06:00:00,2018-08-17 07:00:00,0.0
Pinus,DEVIEC,2018-08-17 06:00:00,2018-08-17 07:00:00,0.0
Poaceae,DEBIED,2018-08-17 06:00:00,2018-08-17 07:00:00,0.0
Poaceae,DEVIEC,2018-08-17 06:00:00,2018-08-17 07:00:00,0.0
Pinus,DEBIED,2018-08-17 09:00:00,2018-08-17 10:00:00,0.0
Pinus,DEVIEC,2018-08-17 09:00:00,2018-08-17 10:00:00,0.0
Poaceae,DEBIED,2018-08-17 09:00:00,2018-08-17 10:00:00,4.732681592
Poaceae,DEVIEC,2018-08-17 09:00:00,2018-08-17 10:00:00,5.201783518
Pinus,DEBIED,2018-08-17 12:00:00,2018-08-17 13:00:00,0.0
Pinus,DEVIEC,2018-08-17 12:00:00,2018-08-17 13:00:00,0.0
Poaceae,DEBIED,2018-08-17 12:00:00,2018-08-17 13:00:00,4.72882133
Poaceae,DEVIEC,2018-08-17 12:00:00,2018-08-17 13:00:00,0.0
Pinus,DEBIED,2018-08-17 15:00:00,2018-08-17 16:00:00,0.0
Pinus,DEVIEC,2018-08-17 15:00:00,2018-08-17 16:00:00,0.0
Poaceae,DEBIED,2018-08-17 15:00:00,2018-08-17 16:00:00,0.0
Poaceae,DEVIEC,2018-08-17 15:00:00,2018-08-17 16:00:00,5.206631405
Pinus,DEBIED,2018-08-17 18:00:00,2018-08-17 19:00:00,0.0
Pinus,DEVIEC,2018-08-17 18:00:00,2018-08-17 19:00:00,0.0
Poaceae,DEBIED,2018-08-17 18:00:00,2018-08-17 19:00:00,0.0
Poaceae,DEVIEC,2018-08-17 18:00:00,2018-08-17 19:00:00,0.0
Pinus,DEBIED,2018-08-17 21:00:00,2018-08-17 22:00:00,0.0
Pinus,DEVIEC,2018-08-17 21:00:00,2018-08-17 22:00:00,0.0
Poaceae,DEBIED,2018-08-17 21:00:00,2018-08-17 22:00:00,0.0
Poaceae,DEVIEC,2018-08-17 21:00:00,2018-08-17 22:00:00,0.0
Pinus,DEBIED,2018-08-18 00:00:00,2018-08-18 01:00:00,0.0
Pinus,DEVIEC,2018-08-18 00:00:00,2018-08-18 01:00:00,0.0
Poaceae,DEBIED,2018-08-18 00:00:00,2018-08-18 01:00:00,0.0
Poaceae,DEVIEC,2018-08-18 00:00:00,2018-08-18 01:00:00,0.0
Pinus,DEBIED,2018-08-18 03:00:00,2018-08-18 04:00:00,0.0
Pinus,DEVIEC,2018-08-18 03:00:00,2018-08-18 04:00:00,0.0
Poaceae,DEBIED,2018-08-18 03:00:00,2018-08-18 04:00:00,0.0
Poaceae,DEVIEC,2018-08-18 03:00:00,2018-08-18 04:00:00,0.0
Pinus,DEBIED,2018-08-18 06:00:00,2018-08-18 07:00:00,0.0
Pinus,DEVIEC,2018-08-18 06:00:00,2018-08-18 07:00:00,0.0
Poaceae,DEBIED,2018-08-18 06:00:00,2018-08-18 07:00:00,0.0
Poaceae,DEVIEC,2018-08-18 06:00:00,2018-08-18 07:00:00,0.0
Pinus,DEBIED,2018-08-18 09:00:00,2018-08-18 10:00:00,0.0
Pinus,DEVIEC,2018-08-18 09:00:00,2018-08-18 10:00:00,0.0
Poaceae,DEBIED,2018-08-18 09:00:00,2018-08-18 10:00:00,0.0
Poaceae,DEVIEC,2018-08-18 09:00:00,2018-08-18 10:00:00,5.201783518
Pinus,DEBIED,2018-08-18 12:00:00,2018-08-18 13:00:00,0.0
Pinus,DEVIEC,2018-08-18 12:00:00,2018-08-18 13:00:00,0.0
Poaceae,DEBIED,2018-08-18 12:00:00,2018-08-18 13:00:00,0.0
Poaceae,DEVIEC,2018-08-18 12:00:00,2018-08-18 13:00:00,10.40356704
Pinus,DEBIED,2018-08-18 15:00:00,2018-08-18 16:00:00,0.0
Pinus,DEVIEC,2018-08-18 15:00:00,2018-08-18 16:00:00,0.0
Poaceae,DEBIED,2018-08-18 15:00:00,2018-08-18 16:00:00,4.72882133
Poaceae,DEVIEC,2018-08-18 15:00:00,2018-08-18 16:00:00,0.0
Pinus,DEBIED,2018-08-18 18:00:00,2018-08-18 19:00:00,0.0
Pinus,DEVIEC,2018-08-18 18:00:00,2018-08-18 19:00:00,0.0
Poaceae,DEBIED,2018-08-18 18:00:00,2018-08-18 19:00:00,0.0
Poaceae,DEVIEC,2018-08-18 18:00:00,2018-08-18 19:00:00,0.0
Pinus,DEBIED,2018-08-18 21:00:00,2018-08-18 22:00:00,0.0
Pinus,DEVIEC,2018-08-18 21:00:00,2018-08-18 22:00:00,0.0
Poaceae,DEBIED,2018-08-18 21:00:00,2018-08-18 22:00:00,4.72882133
Poaceae,DEVIEC,2018-08-18 21:00:00,2018-08-18 22:00:00,0.0
Pinus,DEBIED,2018-08-19 00:00:00,2018-08-19 01:00:00,0.0
Pinus,DEVIEC,2018-08-19 00:00:00,2018-08-19 01:00:00,0.0
Poaceae,DEBIED,2018-08-19 00:00:00,2018-08-19 01:00:00,0.0
Poaceae,DEVIEC,2018-08-19 00:00:00,2018-08-19 01:00:00,0.0
Pinus,DEBIED,2018-08-19 03:00:00,2018-08-19 04:00:00,0.0
Pinus,DEVIEC,2018-08-19 03:00:00,2018-08-19 04:00:00,0.0
Poaceae,DEBIED,2018-08-19 03:00:00,2018-08-19 04:00:00,4.72882133
Poaceae,DEVIEC,2018-08-19 03:00:00,2018-08-19 04:00:00,0.0
Pinus,DEBIED,2018-08-19 06:00:00,2018-08-19 07:00:00,0.0
Pinus,DEVIEC,2018-08-19 06:00:00,2018-08-19 07:00:00,0.0
Poaceae,DEBIED,2018-08-19 06:00:00,2018-08-19 07:00:00,0.0
Poaceae,DEVIEC,2018-08-19 06:00:00,2018-08-19 07:00:00,0.0
Pinus,DEBIED,2018-08-19 09:00:00,2018-08-19 10:00:00,0.0
Pinus,DEVIEC,2018-08-19 09:00:00,2018-08-19 10:00:00,0.0
Poaceae,DEBIED,2018-08-19 09:00:00,2018-08-19 10:00:00,0.0
Poaceae,DEVIEC,2018-08-19 09:00:00,2018-08-19 10:00:00,0.0
Pinus,DEBIED,2018-08-19 12:00:00,2018-08-19 13:00:00,0.0
Pinus,DEVIEC,2018-08-19 12:00:00,2018-08-19 13:00:00,0.0
Poaceae,DEBIED,2018-08-19 12:00:00,2018-08-19 13:00:00,0.0
Poaceae,DEVIEC,2018-08-19 12:00:00,2018-08-19 13:00:00,5.196944649
Pinus,DEBIED,2018-08-19 15:00:00,2018-08-19 16:00:00,0.0
Pinus,DEVIEC,2018-08-19 15:00:00,2018-08-19 16:00:00,0.0
Poaceae,DEBIED,2018-08-19 15:00:00,2018-08-19 16:00:00,0.0
Poaceae,DEVIEC,2018-08-19 15:00:00,2018-08-19 16:00:00,5.150125328
Pinus,DEBIED,2018-08-19 18:00:00,2018-08-19 19:00:00,0.0
Pinus,DEVIEC,2018-08-19 18:00:00,2018-08-19 19:00:00,0.0
Poaceae,DEBIED,2018-08-19 18:00:00,2018-08-19 19:00:00,0.0
Poaceae,DEVIEC,2018-08-19 18:00:00,2018-08-19 19:00:00,0.0
Pinus,DEBIED,2018-08-19 21:00:00,2018-08-19 22:00:00,0.0
Pinus,DEVIEC,2018-08-19 21:00:00,2018-08-19 22:00:00,0.0
Poaceae,DEBIED,2018-08-19 21:00:00,2018-08-19 22:00:00,0.0
Poaceae,DEVIEC,2018-08-19 21:00:00,2018-08-19 22:00:00,0.0
Pinus,DEBIED,2018-08-20 00:00:00,2018-08-20 01:00:00,0.0
Pinus,DEVIEC,2018-08-20 00:00:00,2018-08-20 01:00:00,0.0
Poaceae,DEBIED,2018-08-20 00:00:00,2018-08-20 01:00:00,4.732681592
Poaceae,DEVIEC,2018-08-20 00:00:00,2018-08-20 01:00:00,0.0
Pinus,DEBIED,2018-08-20 03:00:00,2018-08-20 04:00:00,0.0
Pinus,DEVIEC,2018-08-20 03:00:00,2018-08-20 04:00:00,0.0
Poaceae,DEBIED,2018-08-20 03:00:00,2018-08-20 04:00:00,0.0
Poaceae,DEVIEC,2018-08-20 03:00:00,2018-08-20 04:00:00,0.0
Pinus,DEBIED,2018-08-20 06:00:00,2018-08-20 07:00:00,0.0
Pinus,DEVIEC,2018-08-20 06:00:00,2018-08-20 07:00:00,0.0
Poaceae,DEBIED,2018-08-20 06:00:00,2018-08-20 07:00:00,4.732681592
Poaceae,DEVIEC,2018-08-20 06:00:00,2018-08-20 07:00:00,5.192114775
Pinus,DEBIED,2018-08-20 09:00:00,2018-08-20 10:00:00,0.0
Pinus,DEVIEC,2018-08-20 09:00:00,2018-08-20 10:00:00,0.0
Poaceae,DEBIED,2018-08-20 09:00:00,2018-08-20 10:00:00,0.0
Poaceae,DEVIEC,2018-08-20 09:00:00,2018-08-20 10:00:00,5.201783518
Pinus,DEBIED,2018-08-20 12:00:00,2018-08-20 13:00:00,0.0
Pinus,DEVIEC,2018-08-20 12:00:00,2018-08-20 13:00:00,0.0
Poaceae,DEBIED,2018-08-20 12:00:00,2018-08-20 13:00:00,0.0
Poaceae,DEVIEC,2018-08-20 12:00:00,2018-08-20 13:00:00,0.0
Pinus,DEBIED,2018-08-20 15:00:00,2018-08-20 16:00:00,0.0
Pinus,DEVIEC,2018-08-20 15:00:00,2018-08-20 16:00:00,0.0
Poaceae,DEBIED,2018-08-20 15:00:00,2018-08-20 16:00:00,0.0
Poaceae,DEVIEC,2018-08-20 15:00:00,2018-08-20 16:00:00,0.0
Pinus,DEBIED,2018-08-20 18:00:00,2018-08-20 19:00:00,0.0
Pinus,DEVIEC,2018-08-20 18:00:00,2018-08-20 19:00:00,0.0
Poaceae,DEBIED,2018-08-20 18:00:00,2018-08-20 19:00:00,4.732681592
Poaceae,DEVIEC,2018-08-20 18:00:00,2018-08-20 19:00:00,0.0
Pinus,DEBIED,2018-08-20 21:00:00,2018-08-20 22:00:00,0.0
Pinus,DEVIEC,2018-08-20 21:00:00,2018-08-20 22:00:00,0.0
Poaceae,DEBIED,2018-08-20 21:00:00,2018-08-20 22:00:00,0.0
Poaceae,DEVIEC,2018-08-20 21:00:00,2018-08-20 22:00:00,0.0
Pinus,DEBIED,2018-08-21 00:00:00,2018-08-21 01:00:00,0.0
Pinus,DEVIEC,2018-08-21 00:00:00,2018-08-21 01:00:00,0.0
Poaceae,DEBIED,2018-08-21 00:00:00,2018-08-21 01:00:00,4.72882133
Poaceae,DEVIEC,2018-08-21 00:00:00,2018-08-21 01:00:00,0.0
Pinus,DEBIED,2018-08-21 03:00:00,2018-08-21 04:00:00,0.0
Pinus,DEVIEC,2018-08-21 03:00:00,2018-08-21 04:00:00,0.0
Poaceae,DEBIED,2018-08-21 03:00:00,2018-08-21 04:00:00,0.0
Poaceae,DEVIEC,2018-08-21 03:00:00,2018-08-21 04:00:00,0.0
Pinus,DEBIED,2018-08-21 06:00:00,2018-08-21 07:00:00,0.0
Pinus,DEVIEC,2018-08-21 06:00:00,2018-08-21 07:00:00,0.0
Poaceae,DEBIED,2018-08-21 06:00:00,2018-08-21 07:00:00,0.0
Poaceae,DEVIEC,2018-08-21 06:00:00,2018-08-21 07:00:00,0.0
Pinus,DEBIED,2018-08-21 09:00:00,2018-08-21 10:00:00,0.0
Pinus,DEVIEC,2018-08-21 09:00:00,2018-08-21 10:00:00,0.0
Poaceae,DEBIED,2018-08-21 09:00:00,2018-08-21 10:00:00,9.473096324
Poaceae,DEVIEC,2018-08-21 09:00:00,2018-08-21 10:00:00,0.0
Pinus,DEBIED,2018-08-21 12:00:00,2018-08-21 13:00:00,0.0
Pinus,DEVIEC,2018-08-21 12:00:00,2018-08-21 13:00:00,0.0
Poaceae,DEBIED,2018-08-21 12:00:00,2018-08-21 13:00:00,0.0
Poaceae,DEVIEC,2018-08-21 12:00:00,2018-08-21 13:00:00,0.0
Pinus,DEBIED,2018-08-21 15:00:00,2018-08-21 16:00:00,0.0
Pinus,DEVIEC,2018-08-21 15:00:00,2018-08-21 16:00:00,0.0
Poaceae,DEBIED,2018-08-21 15:00:00,2018-08-21 16:00:00,0.0
Poaceae,DEVIEC,2018-08-21 15:00:00,2018-08-21 16:00:00,0.0
Pinus,DEBIED,2018-08-21 18:00:00,2018-08-21 19:00:00,0.0
Pinus,DEVIEC,2018-08-21 18:00:00,2018-08-21 19:00:00,0.0
Poaceae,DEBIED,2018-08-21 18:00:00,2018-08-21 19:00:00,0.0
Poaceae,DEVIEC,2018-08-21 18:00:00,2018-08-21 19:00:00,0.0
Pinus,DEBIED,2018-08-21 21:00:00,2018-08-21 22:00:00,0.0
Pinus,DEVIEC,2018-08-21 21:00:00,2018-08-21 22:00:00,0.0
Poaceae,DEBIED,2018-08-21 21:00:00,2018-08-21 22:00:00,0.0
Poaceae,DEVIEC,2018-08-21 21:00:00,2018-08-21 22:00:00,0.0
Pinus,DEBIED,2018-08-22 00:00:00,2018-08-22 01:00:00,0.0
Pinus,DEVIEC,2018-08-22 00:00:00,2018-08-22 01:00:00,0.0
Poaceae,DEBIED,2018-08-22 00:00:00,2018-08-22 01:00:00,4.77775475
Poaceae,DEVIEC,2018-08-22 00:00:00,2018-08-22 01:00:00,0.0
Pinus,DEBIED,2018-08-22 03:00:00,2018-08-22 04:00:00,0.0
Pinus,DEVIEC,2018-08-22 03:00:00,2018-08-22 04:00:00,0.0
Poaceae,DEBIED,2018-08-22 03:00:00,2018-08-22 04:00:00,0.0
Poaceae,DEVIEC,2018-08-22 03:00:00,2018-08-22 04:00:00,0.0
Pinus,DEBIED,2018-08-22 06:00:00,2018-08-22 07:00:00,0.0
Pinus,DEVIEC,2018-08-22 06:00:00,2018-08-22 07:00:00,0.0
Poaceae,DEBIED,2018-08-22 06:00:00,2018-08-22 07:00:00,0.0
Poaceae,DEVIEC,2018-08-22 06:00:00,2018-08-22 07:00:00,0.0
Pinus,DEBIED,2018-08-22 09:00:00,2018-08-22 10:00:00,0.0
Pinus,DEVIEC,2018-08-22 09:00:00,2018-08-22 10:00:00,0.0
Poaceae,DEBIED,2018-08-22 09:00:00,2018-08-22 10:00:00,0.0
Poaceae,DEVIEC,2018-08-22 09:00:00,2018-08-22 10:00:00,0.0
Pinus,DEBIED,2018-08-22 12:00:00,2018-08-22 13:00:00,0.0
Pinus,DEVIEC,2018-08-22 12:00:00,2018-08-22 13:00:00,0.0
Poaceae,DEBIED,2018-08-22 12:00:00,2018-08-22 13:00:00,0.0
Poaceae,DEVIEC,2018-08-22 12:00:00,2018-08-22 13:00:00,0.0
Pinus,DEBIED,2018-08-22 15:00:00,2018-08-22 16:00:00,0.0
Pinus,DEVIEC,2018-08-22 15:00:00,2018-08-22 16:00:00,0.0
Poaceae,DEBIED,2018-08-22 15:00:00,2018-08-22 16:00:00,4.77775475
Poaceae,DEVIEC,2018-08-22 15:00:00,2018-08-22 16:00:00,5.201783518
Pinus,DEBIED,2018-08-22 18:00:00,2018-08-22 19:00:00,0.0
Pinus,DEVIEC,2018-08-22 18:00:00,2018-08-22 19:00:00,0.0
Poaceae,DEBIED,2018-08-22 18:00:00,2018-08-22 19:00:00,0.0
Poaceae,DEVIEC,2018-08-22 18:00:00,2018-08-22 19:00:00,0.0
Pinus,DEBIED,2018-08-22 21:00:00,2018-08-22 22:00:00,0.0
Pinus,DEVIEC,2018-08-22 21:00:00,2018-08-22 22:00:00,0.0
Poaceae,DEBIED,2018-08-22 21:00:00,2018-08-22 22:00:00,0.0
Poaceae,DEVIEC,2018-08-22 21:00:00,2018-08-22 22:00:00,0.0
Pinus,DEBIED,2018-08-23 00:00:00,2018-08-23 01:00:00,0.0
Pinus,DEVIEC,2018-08-23 00:00:00,2018-08-23 01:00:00,0.0
Poaceae,DEBIED,2018-08-23 00:00:00,2018-08-23 01:00:00,0.0
Poaceae,DEVIEC,2018-08-23 00:00:00,2018-08-23 01:00:00,0.0
Pinus,DEBIED,2018-08-23 03:00:00,2018-08-23 04:00:00,0.0
Pinus,DEVIEC,2018-08-23 03:00:00,2018-08-23 04:00:00,0.0
Poaceae,DEBIED,2018-08-23 03:00:00,2018-08-23 04:00:00,0.0
Poaceae,DEVIEC,2018-08-23 03:00:00,2018-08-23 04:00:00,0.0
Pinus,DEBIED,2018-08-23 06:00:00,2018-08-23 07:00:00,0.0
Pinus,DEVIEC,2018-08-23 06:00:00,2018-08-23 07:00:00,0.0
Poaceae,DEBIED,2018-08-23 06:00:00,2018-08-23 07:00:00,0.0
Poaceae,DEVIEC,2018-08-23 06:00:00,2018-08-23 07:00:00,0.0
Pinus,DEBIED,2018-08-23 09:00:00,2018-08-23 10:00:00,0.0
Pinus,DEVIEC,2018-08-23 09:00:00,2018-08-23 10:00:00,0.0
Poaceae,DEBIED,2018-08-23 09:00:00,2018-08-23 10:00:00,0.0
Poaceae,DEVIEC,2018-08-23 09:00:00,2018-08-23 10:00:00,0.0
Pinus,DEBIED,2018-08-23 12:00:00,2018-08-23 13:00:00,0.0
Pinus,DEVIEC,2018-08-23 12:00:00,2018-08-23 13:00:00,0.0
Poaceae,DEBIED,2018-08-23 12:00:00,2018-08-23 13:00:00,0.0
Poaceae,DEVIEC,2018-08-23 12:00:00,2018-08-23 13:00:00,0.0
Pinus,DEBIED,2018-08-23 15:00:00,2018-08-23 16:00:00,0.0
Pinus,DEVIEC,2018-08-23 15:00:00,2018-08-23 16:00:00,0.0
Poaceae,DEBIED,2018-08-23 15:00:00,2018-08-23 16:00:00,0.0
Poaceae,DEVIEC,2018-08-23 15:00:00,2018-08-23 16:00:00,0.0
Pinus,DEBIED,2018-08-23 18:00:00,2018-08-23 19:00:00,0.0
Pinus,DEVIEC,2018-08-23 18:00:00,2018-08-23 19:00:00,0.0
Poaceae,DEBIED,2018-08-23 18:00:00,2018-08-23 19:00:00,0.0
Poaceae,DEVIEC,2018-08-23 18:00:00,2018-08-23 19:00:00,0.0
Pinus,DEBIED,2018-08-23 21:00:00,2018-08-23 22:00:00,0.0
Pinus,DEVIEC,2018-08-23 21:00:00,2018-08-23 22:00:00,0.0
Poaceae,DEBIED,2018-08-23 21:00:00,2018-08-23 22:00:00,0.0
Poaceae,DEVIEC,2018-08-23 21:00:00,2018-08-23 22:00:00,0.0
Pinus,DEBIED,2018-08-24 00:00:00,2018-08-24 01:00:00,0.0
Pinus,DEVIEC,2018-08-24 00:00:00,2018-08-24 01:00:00,0.0
Poaceae,DEBIED,2018-08-24 00:00:00,2018-08-24 01:00:00,0.0
Poaceae,DEVIEC,2018-08-24 00:00:00,2018-08-24 01:00:00,0.0
Pinus,DEBIED,2018-08-24 03:00:00,2018-08-24 04:00:00,0.0
Pinus,DEVIEC,2018-08-24 03:00:00,2018-08-24 04:00:00,0.0
Poaceae,DEBIED,2018-08-24 03:00:00,2018-08-24 04:00:00,0.0
Poaceae,DEVIEC,2018-08-24 03:00:00,2018-08-24 04:00:00,0.0
Pinus,DEBIED,2018-08-24 06:00:00,2018-08-24 07:00:00,0.0
Pinus,DEVIEC,2018-08-24 06:00:00,2018-08-24 07:00:00,0.0
Poaceae,DEBIED,2018-08-24 06:00:00,2018-08-24 07:00:00,0.0
Poaceae,DEVIEC,2018-08-24 06:00:00,2018-08-24 07:00:00,0.0
Pinus,DEBIED,2018-08-24 09:00:00,2018-08-24 10:00:00,0.0
Pinus,DEVIEC,2018-08-24 09:00:00,2018-08-24 10:00:00,0.0
Poaceae,DEBIED,2018-08-24 09:00:00,2018-08-24 10:00:00,0.0
Poaceae,DEVIEC,2018-08-24 09:00:00,2018-08-24 10:00:00,0.0
Pinus,DEBIED,2018-08-24 12:00:00,2018-08-24 13:00:00,0.0
Pinus,DEVIEC,2018-08-24 12:00:00,2018-08-24 13:00:00,0.0
Poaceae,DEBIED,2018-08-24 12:00:00,2018-08-24 13:00:00,0.0
Poaceae,DEVIEC,2018-08-24 12:00:00,2018-08-24 13:00:00,0.0
Pinus,DEBIED,2018-08-24 15:00:00,2018-08-24 16:00:00,0.0
Pinus,DEVIEC,2018-08-24 15:00:00,2018-08-24 16:00:00,0.0
Poaceae,DEBIED,2018-08-24 15:00:00,2018-08-24 16:00:00,0.0
Poaceae,DEVIEC,2018-08-24 15:00:00,2018-08-24 16:00:00,5.201783518
Pinus,DEBIED,2018-08-24 18:00:00,2018-08-24 19:00:00,0.0
Pinus,DEVIEC,2018-08-24 18:00:00,2018-08-24 19:00:00,0.0
Poaceae,DEBIED,2018-08-24 18:00:00,2018-08-24 19:00:00,0.0
Poaceae,DEVIEC,2018-08-24 18:00:00,2018-08-24 19:00:00,0.0
Pinus,DEBIED,2018-08-24 21:00:00,2018-08-24 22:00:00,0.0
Pinus,DEVIEC,2018-08-24 21:00:00,2018-08-24 22:00:00,0.0
Poaceae,DEBIED,2018-08-24 21:00:00,2018-08-24 22:00:00,0.0
Poaceae,DEVIEC,2018-08-24 21:00:00,2018-08-24 22:00:00,0.0
Pinus,DEBIED,2018-08-25 00:00:00,2018-08-25 01:00:00,0.0
Pinus,DEVIEC,2018-08-25 00:00:00,2018-08-25 01:00:00,0.0
Poaceae,DEBIED,2018-08-25 00:00:00,2018-08-25 01:00:00,0.0
Poaceae,DEVIEC,2018-08-25 00:00:00,2018-08-25 01:00:00,0.0
Pinus,DEBIED,2018-08-25 03:00:00,2018-08-25 04:00:00,0.0
Pinus,DEVIEC,2018-08-25 03:00:00,2018-08-25 04:00:00,0.0
Poaceae,DEBIED,2018-08-25 03:00:00,2018-08-25 04:00:00,4.785567922
Poaceae,DEVIEC,2018-08-25 03:00:00,2018-08-25 04:00:00,0.0
Pinus,DEBIED,2018-08-25 06:00:00,2018-08-25 07:00:00,0.0
Pinus,DEVIEC,2018-08-25 06:00:00,2018-08-25 07:00:00,0.0
Poaceae,DEBIED,2018-08-25 06:00:00,2018-08-25 07:00:00,0.0
Poaceae,DEVIEC,2018-08-25 06:00:00,2018-08-25 07:00:00,0.0
Pinus,DEBIED,2018-08-25 09:00:00,2018-08-25 10:00:00,0.0
Pinus,DEVIEC,2018-08-25 09:00:00,2018-08-25 10:00:00,0.0
Poaceae,DEBIED,2018-08-25 09:00:00,2018-08-25 10:00:00,0.0
Poaceae,DEVIEC,2018-08-25 09:00:00,2018-08-25 10:00:00,0.0
Pinus,DEBIED,2018-08-25 12:00:00,2018-08-25 13:00:00,0.0
Pinus,DEVIEC,2018-08-25 12:00:00,2018-08-25 13:00:00,0.0
Poaceae,DEBIED,2018-08-25 12:00:00,2018-08-25 13:00:00,0.0
Poaceae,DEVIEC,2018-08-25 12:00:00,2018-08-25 13:00:00,0.0
Pinus,DEBIED,2018-08-25 15:00:00,2018-08-25 16:00:00,0.0
Pinus,DEVIEC,2018-08-25 15:00:00,2018-08-25 16:00:00,0.0
Poaceae,DEBIED,2018-08-25 15:00:00,2018-08-25 16:00:00,0.0
Poaceae,DEVIEC,2018-08-25 15:00:00,2018-08-25 16:00:00,5.150125328
Pinus,DEBIED,2018-08-25 18:00:00,2018-08-25 19:00:00,0.0
Pinus,DEVIEC,2018-08-25 18:00:00,2018-08-25 19:00:00,0.0
Poaceae,DEBIED,2018-08-25 18:00:00,2018-08-25 19:00:00,0.0
Poaceae,DEVIEC,2018-08-25 18:00:00,2018-08-25 19:00:00,0.0
Pinus,DEBIED,2018-08-25 21:00:00,2018-08-25 22:00:00,0.0
Pinus,DEVIEC,2018-08-25 21:00:00,2018-08-25 22:00:00,0.0
Poaceae,DEBIED,2018-08-25 21:00:00,2018-08-25 22:00:00,0.0
Poaceae,DEVIEC,2018-08-25 21:00:00,2018-08-25 22:00:00,0.0
Pinus,DEBIED,2018-08-26 00:00:00,2018-08-26 01:00:00,0.0
Pinus,DEVIEC,2018-08-26 00:00:00,2018-08-26 01:00:00,0.0
Poaceae,DEBIED,2018-08-26 00:00:00,2018-08-26 01:00:00,0.0
Poaceae,DEVIEC,2018-08-26 00:00:00,2018-08-26 01:00:00,0.0
Pinus,DEBIED,2018-08-26 03:00:00,2018-08-26 04:00:00,0.0
Pinus,DEVIEC,2018-08-26 03:00:00,2018-08-26 04:00:00,0.0
Poaceae,DEBIED,2018-08-26 03:00:00,2018-08-26 04:00:00,0.0
Poaceae,DEVIEC,2018-08-26 03:00:00,2018-08-26 04:00:00,0.0
Pinus,DEBIED,2018-08-26 06:00:00,2018-08-26 07:00:00,0.0
Pinus,DEVIEC,2018-08-26 06:00:00,2018-08-26 07:00:00,0.0
Poaceae,DEBIED,2018-08-26 06:00:00,2018-08-26 07:00:00,0.0
Poaceae,DEVIEC,2018-08-26 06:00:00,2018-08-26 07:00:00,0.0
Pinus,DEBIED,2018-08-26 09:00:00,2018-08-26 10:00:00,0.0
Pinus,DEVIEC,2018-08-26 09:00:00,2018-08-26 10:00:00,0.0
Poaceae,DEBIED,2018-08-26 09:00:00,2018-08-26 10:00:00,0.0
Poaceae,DEVIEC,2018-08-26 09:00:00,2018-08-26 10:00:00,0.0
Pinus,DEBIED,2018-08-26 12:00:00,2018-08-26 13:00:00,0.0
Pinus,DEVIEC,2018-08-26 12:00:00,2018-08-26 13:00:00,0.0
Poaceae,DEBIED,2018-08-26 12:00:00,2018-08-26 13:00:00,0.0
Poaceae,DEVIEC,2018-08-26 12:00:00,2018-08-26 13:00:00,0.0
Pinus,DEBIED,2018-08-26 15:00:00,2018-08-26 16:00:00,0.0
Pinus,DEVIEC,2018-08-26 15:00:00,2018-08-26 16:00:00,0.0
Poaceae,DEBIED,2018-08-26 15:00:00,2018-08-26 16:00:00,0.0
Poaceae,DEVIEC,2018-08-26 15:00:00,2018-08-26 16:00:00,0.0
Pinus,DEBIED,2018-08-26 18:00:00,2018-08-26 19:00:00,0.0
Pinus,DEVIEC,2018-08-26 18:00:00,2018-08-26 19:00:00,0.0
Poaceae,DEBIED,2018-08-26 18:00:00,2018-08-26 19:00:00,4.72496736
Poaceae,DEVIEC,2018-08-26 18:00:00,2018-08-26 19:00:00,0.0
Pinus,DEBIED,2018-08-26 21:00:00,2018-08-26 22:00:00,0.0
Pinus,DEVIEC,2018-08-26 21:00:00,2018-08-26 22:00:00,0.0
Poaceae,DEBIED,2018-08-26 21:00:00,2018-08-26 22:00:00,0.0
Poaceae,DEVIEC,2018-08-26 21:00:00,2018-08-26 22:00:00,0.0
Pinus,DEBIED,2018-08-27 00:00:00,2018-08-27 01:00:00,0.0
Pinus,DEVIEC,2018-08-27 00:00:00,2018-08-27 01:00:00,0.0
Poaceae,DEBIED,2018-08-27 00:00:00,2018-08-27 01:00:00,0.0
Poaceae,DEVIEC,2018-08-27 00:00:00,2018-08-27 01:00:00,0.0
Pinus,DEBIED,2018-08-27 03:00:00,2018-08-27 04:00:00,0.0
Pinus,DEVIEC,2018-08-27 03:00:00,2018-08-27 04:00:00,0.0
Poaceae,DEBIED,2018-08-27 03:00:00,2018-08-27 04:00:00,0.0
Poaceae,DEVIEC,2018-08-27 03:00:00,2018-08-27 04:00:00,0.0
Pinus,DEBIED,2018-08-27 06:00:00,2018-08-27 07:00:00,0.0
Pinus,DEVIEC,2018-08-27 06:00:00,2018-08-27 07:00:00,0.0
Poaceae,DEBIED,2018-08-27 06:00:00,2018-08-27 07:00:00,0.0
Poaceae,DEVIEC,2018-08-27 06:00:00,2018-08-27 07:00:00,0.0
Pinus,DEBIED,2018-08-27 09:00:00,2018-08-27 10:00:00,0.0
Pinus,DEVIEC,2018-08-27 09:00:00,2018-08-27 10:00:00,0.0
Poaceae,DEBIED,2018-08-27 09:00:00,2018-08-27 10:00:00,0.0
Poaceae,DEVIEC,2018-08-27 09:00:00,2018-08-27 10:00:00,0.0
Pinus,DEBIED,2018-08-27 12:00:00,2018-08-27 13:00:00,0.0
Pinus,DEVIEC,2018-08-27 12:00:00,2018-08-27 13:00:00,0.0
Poaceae,DEBIED,2018-08-27 12:00:00,2018-08-27 13:00:00,0.0
Poaceae,DEVIEC,2018-08-27 12:00:00,2018-08-27 13:00:00,5.196944649
Pinus,DEBIED,2018-08-27 15:00:00,2018-08-27 16:00:00,0.0
Pinus,DEVIEC,2018-08-27 15:00:00,2018-08-27 16:00:00,0.0
Poaceae,DEBIED,2018-08-27 15:00:00,2018-08-27 16:00:00,0.0
Poaceae,DEVIEC,2018-08-27 15:00:00,2018-08-27 16:00:00,0.0
Pinus,DEBIED,2018-08-27 18:00:00,2018-08-27 19:00:00,0.0
Pinus,DEVIEC,2018-08-27 18:00:00,2018-08-27 19:00:00,0.0
Poaceae,DEBIED,2018-08-27 18:00:00,2018-08-27 19:00:00,0.0
Poaceae,DEVIEC,2018-08-27 18:00:00,2018-08-27 19:00:00,0.0
Pinus,DEBIED,2018-08-27 21:00:00,2018-08-27 22:00:00,0.0
Pinus,DEVIEC,2018-08-27 21:00:00,2018-08-27 22:00:00,0.0
Poaceae,DEBIED,2018-08-27 21:00:00,2018-08-27 22:00:00,0.0
Poaceae,DEVIEC,2018-08-27 21:00:00,2018-08-27 22:00:00,0.0
Pinus,DEBIED,2018-08-28 00:00:00,2018-08-28 01:00:00,0.0
Pinus,DEVIEC,2018-08-28 00:00:00,2018-08-28 01:00:00,0.0
Poaceae,DEBIED,2018-08-28 00:00:00,2018-08-28 01:00:00,4.740421055
Poaceae,DEVIEC,2018-08-28 00:00:00,2018-08-28 01:00:00,0.0
Pinus,DEBIED,2018-08-28 03:00:00,2018-08-28 04:00:00,0.0
Pinus,DEVIEC,2018-08-28 03:00:00,2018-08-28 04:00:00,0.0
Poaceae,DEBIED,2018-08-28 03:00:00,2018-08-28 04:00:00,0.0
Poaceae,DEVIEC,2018-08-28 03:00:00,2018-08-28 04:00:00,0.0
Pinus,DEBIED,2018-08-28 06:00:00,2018-08-28 07:00:00,0.0
Pinus,DEVIEC,2018-08-28 06:00:00,2018-08-28 07:00:00,0.0
Poaceae,DEBIED,2018-08-28 06:00:00,2018-08-28 07:00:00,0.0
Poaceae,DEVIEC,2018-08-28 06:00:00,2018-08-28 07:00:00,0.0
Pinus,DEBIED,2018-08-28 09:00:00,2018-08-28 10:00:00,0.0
Pinus,DEVIEC,2018-08-28 09:00:00,2018-08-28 10:00:00,0.0
Poaceae,DEBIED,2018-08-28 09:00:00,2018-08-28 10:00:00,0.0
Poaceae,DEVIEC,2018-08-28 09:00:00,2018-08-28 10:00:00,0.0
Pinus,DEBIED,2018-08-28 12:00:00,2018-08-28 13:00:00,0.0
Pinus,DEVIEC,2018-08-28 12:00:00,2018-08-28 13:00:00,0.0
Poaceae,DEBIED,2018-08-28 12:00:00,2018-08-28 13:00:00,0.0
Poaceae,DEVIEC,2018-08-28 12:00:00,2018-08-28 13:00:00,0.0
Pinus,DEBIED,2018-08-28 15:00:00,2018-08-28 16:00:00,0.0
Pinus,DEVIEC,2018-08-28 15:00:00,2018-08-28 16:00:00,0.0
Poaceae,DEBIED,2018-08-28 15:00:00,2018-08-28 16:00:00,0.0
Poaceae,DEVIEC,2018-08-28 15:00:00,2018-08-28 16:00:00,0.0
Pinus,DEBIED,2018-08-28 18:00:00,2018-08-28 19:00:00,0.0
Pinus,DEVIEC,2018-08-28 18:00:00,2018-08-28 19:00:00,0.0
Poaceae,DEBIED,2018-08-28 18:00:00,2018-08-28 19:00:00,0.0
Poaceae,DEVIEC,2018-08-28 18:00:00,2018-08-28 19:00:00,0.0
Pinus,DEBIED,2018-08-28 21:00:00,2018-08-28 22:00:00,0.0
Pinus,DEVIEC,2018-08-28 21:00:00,2018-08-28 22:00:00,0.0
Poaceae,DEBIED,2018-08-28 21:00:00,2018-08-28 22:00:00,0.0
Poaceae,DEVIEC,2018-08-28 21:00:00,2018-08-28 22:00:00,0.0
Pinus,DEBIED,2018-08-29 00:00:00,2018-08-29 01:00:00,0.0
Pinus,DEVIEC,2018-08-29 00:00:00,2018-08-29 01:00:00,0.0
Poaceae,DEBIED,2018-08-29 00:00:00,2018-08-29 01:00:00,0.0
Poaceae,DEVIEC,2018-08-29 00:00:00,2018-08-29 01:00:00,0.0
Pinus,DEBIED,2018-08-29 03:00:00,2018-08-29 04:00:00,0.0
Pinus,DEVIEC,2018-08-29 03:00:00,2018-08-29 04:00:00,0.0
Poaceae,DEBIED,2018-08-29 03:00:00,2018-08-29 04:00:00,0.0
Poaceae,DEVIEC,2018-08-29 03:00:00,2018-08-29 04:00:00,0.0
Pinus,DEBIED,2018-08-29 06:00:00,2018-08-29 07:00:00,0.0
Pinus,DEVIEC,2018-08-29 06:00:00,2018-08-29 07:00:00,0.0
Poaceae,DEBIED,2018-08-29 06:00:00,2018-08-29 07:00:00,0.0
Poaceae,DEVIEC,2018-08-29 06:00:00,2018-08-29 07:00:00,0.0
Pinus,DEVIEC,2018-08-29 09:00:00,2018-08-29 10:00:00,0.0
Poaceae,DEVIEC,2018-08-29 09:00:00,2018-08-29 10:00:00,0.0
Pinus,DEBIED,2018-08-29 12:00:00,2018-08-29 13:00:00,0.0
Pinus,DEVIEC,2018-08-29 12:00:00,2018-08-29 13:00:00,0.0
Poaceae,DEBIED,2018-08-29 12:00:00,2018-08-29 13:00:00,0.0
Poaceae,DEVIEC,2018-08-29 12:00:00,2018-08-29 13:00:00,0.0
Pinus,DEBIED,2018-08-29 15:00:00,2018-08-29 16:00:00,0.0
Pinus,DEVIEC,2018-08-29 15:00:00,2018-08-29 16:00:00,0.0
Poaceae,DEBIED,2018-08-29 15:00:00,2018-08-29 16:00:00,0.0
Poaceae,DEVIEC,2018-08-29 15:00:00,2018-08-29 16:00:00,0.0
Pinus,DEBIED,2018-08-29 18:00:00,2018-08-29 19:00:00,0.0
Pinus,DEVIEC,2018-08-29 18:00:00,2018-08-29 19:00:00,0.0
Poaceae,DEBIED,2018-08-29 18:00:00,2018-08-29 19:00:00,0.0
Poaceae,DEVIEC,2018-08-29 18:00:00,2018-08-29 19:00:00,0.0
Pinus,DEBIED,2018-08-29 21:00:00,2018-08-29 22:00:00,0.0
Pinus,DEVIEC,2018-08-29 21:00:00,2018-08-29 22:00:00,0.0
Poaceae,DEBIED,2018-08-29 21:00:00,2018-08-29 22:00:00,0.0
Poaceae,DEVIEC,2018-08-29 21:00:00,2018-08-29 22:00:00,0.0
Pinus,DEBIED,2018-08-30 00:00:00,2018-08-30 01:00:00,0.0
Pinus,DEVIEC,2018-08-30 00:00:00,2018-08-30 01:00:00,0.0
Poaceae,DEBIED,2018-08-30 00:00:00,2018-08-30 01:00:00,0.0
Poaceae,DEVIEC,2018-08-30 00:00:00,2018-08-30 01:00:00,0.0
Pinus,DEBIED,2018-08-30 03:00:00,2018-08-30 04:00:00,0.0
Pinus,DEVIEC,2018-08-30 03:00:00,2018-08-30 04:00:00,0.0
Poaceae,DEBIED,2018-08-30 03:00:00,2018-08-30 04:00:00,0.0
Poaceae,DEVIEC,2018-08-30 03:00:00,2018-08-30 04:00:00,0.0
Pinus,DEBIED,2018-08-30 06:00:00,2018-08-30 07:00:00,0.0
Pinus,DEVIEC,2018-08-30 06:00:00,2018-08-30 07:00:00,0.0
Poaceae,DEBIED,2018-08-30 06:00:00,2018-08-30 07:00:00,0.0
Poaceae,DEVIEC,2018-08-30 06:00:00,2018-08-30 07:00:00,0.0
Pinus,DEBIED,2018-08-30 09:00:00,2018-08-30 10:00:00,0.0
Poaceae,DEBIED,2018-08-30 09:00:00,2018-08-30 10:00:00,0.0
Pinus,DEVIEC,2018-08-31 09:00:00,2018-08-31 10:00:00,0.0
Poaceae,DEVIEC,2018-08-31 09:00:00,2018-08-31 10:00:00,0.0
Pinus,DEVIEC,2018-08-31 12:00:00,2018-08-31 13:00:00,0.0
Poaceae,DEVIEC,2018-08-31 12:00:00,2018-08-31 13:00:00,0.0
Pinus,DEBIED,2018-08-31 15:00:00,2018-08-31 16:00:00,0.0
Pinus,DEVIEC,2018-08-31 15:00:00,2018-08-31 16:00:00,0.0
Poaceae,DEBIED,2018-08-31 15:00:00,2018-08-31 16:00:00,0.0
Poaceae,DEVIEC,2018-08-31 15:00:00,2018-08-31 16:00:00,0.0
Pinus,DEBIED,2018-08-31 18:00:00,2018-08-31 19:00:00,0.0
Pinus,DEVIEC,2018-08-31 18:00:00,2018-08-31 19:00:00,0.0
Poaceae,DEBIED,2018-08-31 18:00:00,2018-08-31 19:00:00,0.0
Poaceae,DEVIEC,2018-08-31 18:00:00,2018-08-31 19:00:00,0.0
Pinus,DEBIED,2018-08-31 21:00:00,2018-08-31 22:00:00,0.0
Pinus,DEVIEC,2018-08-31 21:00:00,2018-08-31 22:00:00,0.0
Poaceae,DEBIED,2018-08-31 21:00:00,2018-08-31 22:00:00,0.0
Poaceae,DEVIEC,2018-08-31 21:00:00,2018-08-31 22:00:00,0.0
Pinus,DEBIED,2018-09-01 00:00:00,2018-09-01 01:00:00,0.0
Pinus,DEVIEC,2018-09-01 00:00:00,2018-09-01 01:00:00,0.0
Poaceae,DEBIED,2018-09-01 00:00:00,2018-09-01 01:00:00,0.0
Poaceae,DEVIEC,2018-09-01 00:00:00,2018-09-01 01:00:00,0.0
Pinus,DEBIED,2018-09-01 03:00:00,2018-09-01 04:00:00,0.0
Pinus,DEVIEC,2018-09-01 03:00:00,2018-09-01 04:00:00,0.0
Poaceae,DEBIED,2018-09-01 03:00:00,2018-09-01 04:00:00,0.0
Poaceae,DEVIEC,2018-09-01 03:00:00,2018-09-01 04:00:00,0.0
Pinus,DEBIED,2018-09-01 06:00:00,2018-09-01 07:00:00,0.0
Pinus,DEVIEC,2018-09-01 06:00:00,2018-09-01 07:00:00,0.0
Poaceae,DEBIED,2018-09-01 06:00:00,2018-09-01 07:00:00,0.0
Poaceae,DEVIEC,2018-09-01 06:00:00,2018-09-01 07:00:00,0.0
Pinus,DEBIED,2018-09-01 09:00:00,2018-09-01 10:00:00,0.0
Pinus,DEVIEC,2018-09-01 09:00:00,2018-09-01 10:00:00,0.0
Poaceae,DEBIED,2018-09-01 09:00:00,2018-09-01 10:00:00,0.0
Poaceae,DEVIEC,2018-09-01 09:00:00,2018-09-01 10:00:00,0.0
Pinus,DEBIED,2018-09-01 12:00:00,2018-09-01 13:00:00,0.0
Pinus,DEVIEC,2018-09-01 12:00:00,2018-09-01 13:00:00,0.0
Poaceae,DEBIED,2018-09-01 12:00:00,2018-09-01 13:00:00,0.0
Poaceae,DEVIEC,2018-09-01 12:00:00,2018-09-01 13:00:00,0.0
Pinus,DEBIED,2018-09-01 15:00:00,2018-09-01 16:00:00,0.0
Pinus,DEVIEC,2018-09-01 15:00:00,2018-09-01 16:00:00,0.0
Poaceae,DEBIED,2018-09-01 15:00:00,2018-09-01 16:00:00,0.0
Poaceae,DEVIEC,2018-09-01 15:00:00,2018-09-01 16:00:00,0.0
Pinus,DEBIED,2018-09-01 18:00:00,2018-09-01 19:00:00,0.0
Pinus,DEVIEC,2018-09-01 18:00:00,2018-09-01 19:00:00,0.0
Poaceae,DEBIED,2018-09-01 18:00:00,2018-09-01 19:00:00,0.0
Poaceae,DEVIEC,2018-09-01 18:00:00,2018-09-01 19:00:00,0.0
Pinus,DEBIED,2018-09-01 21:00:00,2018-09-01 22:00:00,0.0
Pinus,DEVIEC,2018-09-01 21:00:00,2018-09-01 22:00:00,0.0
Poaceae,DEBIED,2018-09-01 21:00:00,2018-09-01 22:00:00,0.0
Poaceae,DEVIEC,2018-09-01 21:00:00,2018-09-01 22:00:00,0.0
Pinus,DEBIED,2018-09-02 00:00:00,2018-09-02 01:00:00,0.0
Pinus,DEVIEC,2018-09-02 00:00:00,2018-09-02 01:00:00,0.0
Poaceae,DEBIED,2018-09-02 00:00:00,2018-09-02 01:00:00,0.0
Poaceae,DEVIEC,2018-09-02 00:00:00,2018-09-02 01:00:00,0.0
Pinus,DEBIED,2018-09-02 03:00:00,2018-09-02 04:00:00,0.0
Pinus,DEVIEC,2018-09-02 03:00:00,2018-09-02 04:00:00,0.0
Poaceae,DEBIED,2018-09-02 03:00:00,2018-09-02 04:00:00,0.0
Poaceae,DEVIEC,2018-09-02 03:00:00,2018-09-02 04:00:00,0.0
Pinus,DEBIED,2018-09-02 06:00:00,2018-09-02 07:00:00,0.0
Pinus,DEVIEC,2018-09-02 06:00:00,2018-09-02 07:00:00,0.0
Poaceae,DEBIED,2018-09-02 06:00:00,2018-09-02 07:00:00,0.0
Poaceae,DEVIEC,2018-09-02 06:00:00,2018-09-02 07:00:00,0.0
Pinus,DEBIED,2018-09-02 09:00:00,2018-09-02 10:00:00,0.0
Pinus,DEVIEC,2018-09-02 09:00:00,2018-09-02 10:00:00,0.0
Poaceae,DEBIED,2018-09-02 09:00:00,2018-09-02 10:00:00,0.0
Poaceae,DEVIEC,2018-09-02 09:00:00,2018-09-02 10:00:00,0.0
Pinus,DEBIED,2018-09-02 12:00:00,2018-09-02 13:00:00,0.0
Pinus,DEVIEC,2018-09-02 12:00:00,2018-09-02 13:00:00,0.0
Poaceae,DEBIED,2018-09-02 12:00:00,2018-09-02 13:00:00,0.0
Poaceae,DEVIEC,2018-09-02 12:00:00,2018-09-02 13:00:00,0.0
Pinus,DEBIED,2018-09-02 15:00:00,2018-09-02 16:00:00,0.0
Pinus,DEVIEC,2018-09-02 15:00:00,2018-09-02 16:00:00,0.0
Poaceae,DEBIED,2018-09-02 15:00:00,2018-09-02 16:00:00,0.0
Poaceae,DEVIEC,2018-09-02 15:00:00,2018-09-02 16:00:00,5.192114775
Pinus,DEBIED,2018-09-02 18:00:00,2018-09-02 19:00:00,0.0
Pinus,DEVIEC,2018-09-02 18:00:00,2018-09-02 19:00:00,0.0
Poaceae,DEBIED,2018-09-02 18:00:00,2018-09-02 19:00:00,0.0
Poaceae,DEVIEC,2018-09-02 18:00:00,2018-09-02 19:00:00,0.0
Pinus,DEBIED,2018-09-02 21:00:00,2018-09-02 22:00:00,0.0
Pinus,DEVIEC,2018-09-02 21:00:00,2018-09-02 22:00:00,0.0
Poaceae,DEBIED,2018-09-02 21:00:00,2018-09-02 22:00:00,0.0
Poaceae,DEVIEC,2018-09-02 21:00:00,2018-09-02 22:00:00,0.0
Pinus,DEBIED,2018-09-03 00:00:00,2018-09-03 01:00:00,0.0
Pinus,DEVIEC,2018-09-03 00:00:00,2018-09-03 01:00:00,0.0
Poaceae,DEBIED,2018-09-03 00:00:00,2018-09-03 01:00:00,0.0
Poaceae,DEVIEC,2018-09-03 00:00:00,2018-09-03 01:00:00,0.0
Pinus,DEBIED,2018-09-03 03:00:00,2018-09-03 04:00:00,0.0
Pinus,DEVIEC,2018-09-03 03:00:00,2018-09-03 04:00:00,0.0
Poaceae,DEBIED,2018-09-03 03:00:00,2018-09-03 04:00:00,0.0
Poaceae,DEVIEC,2018-09-03 03:00:00,2018-09-03 04:00:00,0.0
Pinus,DEBIED,2018-09-03 06:00:00,2018-09-03 07:00:00,0.0
Pinus,DEVIEC,2018-09-03 06:00:00,2018-09-03 07:00:00,0.0
Poaceae,DEBIED,2018-09-03 06:00:00,2018-09-03 07:00:00,0.0
Poaceae,DEVIEC,2018-09-03 06:00:00,2018-09-03 07:00:00,0.0
Pinus,DEBIED,2018-09-03 09:00:00,2018-09-03 10:00:00,0.0
Pinus,DEVIEC,2018-09-03 09:00:00,2018-09-03 10:00:00,0.0
Poaceae,DEBIED,2018-09-03 09:00:00,2018-09-03 10:00:00,0.0
Poaceae,DEVIEC,2018-09-03 09:00:00,2018-09-03 10:00:00,0.0
Pinus,DEBIED,2018-09-03 12:00:00,2018-09-03 13:00:00,0.0
Pinus,DEVIEC,2018-09-03 12:00:00,2018-09-03 13:00:00,0.0
Poaceae,DEBIED,2018-09-03 12:00:00,2018-09-03 13:00:00,0.0
Poaceae,DEVIEC,2018-09-03 12:00:00,2018-09-03 13:00:00,4.808371319
Pinus,DEBIED,2018-09-03 15:00:00,2018-09-03 16:00:00,0.0
Pinus,DEVIEC,2018-09-03 15:00:00,2018-09-03 16:00:00,0.0
Poaceae,DEBIED,2018-09-03 15:00:00,2018-09-03 16:00:00,4.77775475
Poaceae,DEVIEC,2018-09-03 15:00:00,2018-09-03 16:00:00,0.0
Pinus,DEBIED,2018-09-03 18:00:00,2018-09-03 19:00:00,0.0
Pinus,DEVIEC,2018-09-03 18:00:00,2018-09-03 19:00:00,0.0
Poaceae,DEBIED,2018-09-03 18:00:00,2018-09-03 19:00:00,0.0
Poaceae,DEVIEC,2018-09-03 18:00:00,2018-09-03 19:00:00,0.0
Pinus,DEBIED,2018-09-03 21:00:00,2018-09-03 22:00:00,0.0
Pinus,DEVIEC,2018-09-03 21:00:00,2018-09-03 22:00:00,0.0
Poaceae,DEBIED,2018-09-03 21:00:00,2018-09-03 22:00:00,0.0
Poaceae,DEVIEC,2018-09-03 21:00:00,2018-09-03 22:00:00,0.0
Pinus,DEBIED,2018-09-04 00:00:00,2018-09-04 01:00:00,0.0
Pinus,DEVIEC,2018-09-04 00:00:00,2018-09-04 01:00:00,0.0
Poaceae,DEBIED,2018-09-04 00:00:00,2018-09-04 01:00:00,0.0
Poaceae,DEVIEC,2018-09-04 00:00:00,2018-09-04 01:00:00,0.0
Pinus,DEBIED,2018-09-04 03:00:00,2018-09-04 04:00:00,0.0
Pinus,DEVIEC,2018-09-04 03:00:00,2018-09-04 04:00:00,0.0
Poaceae,DEBIED,2018-09-04 03:00:00,2018-09-04 04:00:00,0.0
Poaceae,DEVIEC,2018-09-04 03:00:00,2018-09-04 04:00:00,0.0
Pinus,DEBIED,2018-09-04 06:00:00,2018-09-04 07:00:00,0.0
Pinus,DEVIEC,2018-09-04 06:00:00,2018-09-04 07:00:00,0.0
Poaceae,DEBIED,2018-09-04 06:00:00,2018-09-04 07:00:00,0.0
Poaceae,DEVIEC,2018-09-04 06:00:00,2018-09-04 07:00:00,0.0
Pinus,DEBIED,2018-09-04 09:00:00,2018-09-04 10:00:00,0.0
Pinus,DEVIEC,2018-09-04 09:00:00,2018-09-04 10:00:00,0.0
Poaceae,DEBIED,2018-09-04 09:00:00,2018-09-04 10:00:00,0.0
Poaceae,DEVIEC,2018-09-04 09:00:00,2018-09-04 10:00:00,0.0
Pinus,DEBIED,2018-09-04 12:00:00,2018-09-04 13:00:00,0.0
Pinus,DEVIEC,2018-09-04 12:00:00,2018-09-04 13:00:00,0.0
Poaceae,DEBIED,2018-09-04 12:00:00,2018-09-04 13:00:00,0.0
Poaceae,DEVIEC,2018-09-04 12:00:00,2018-09-04 13:00:00,0.0
Pinus,DEBIED,2018-09-04 15:00:00,2018-09-04 16:00:00,0.0
Pinus,DEVIEC,2018-09-04 15:00:00,2018-09-04 16:00:00,0.0
Poaceae,DEBIED,2018-09-04 15:00:00,2018-09-04 16:00:00,0.0
Poaceae,DEVIEC,2018-09-04 15:00:00,2018-09-04 16:00:00,0.0
Pinus,DEBIED,2018-09-04 18:00:00,2018-09-04 19:00:00,0.0
Pinus,DEVIEC,2018-09-04 18:00:00,2018-09-04 19:00:00,0.0
Poaceae,DEBIED,2018-09-04 18:00:00,2018-09-04 19:00:00,0.0
Poaceae,DEVIEC,2018-09-04 18:00:00,2018-09-04 19:00:00,0.0
Pinus,DEBIED,2018-09-04 21:00:00,2018-09-04 22:00:00,0.0
Pinus,DEVIEC,2018-09-04 21:00:00,2018-09-04 22:00:00,0.0
Poaceae,DEBIED,2018-09-04 21:00:00,2018-09-04 22:00:00,0.0
Poaceae,DEVIEC,2018-09-04 21:00:00,2018-09-04 22:00:00,0.0
Pinus,DEBIED,2018-09-05 00:00:00,2018-09-05 01:00:00,0.0
Pinus,DEVIEC,2018-09-05 00:00:00,2018-09-05 01:00:00,0.0
Poaceae,DEBIED,2018-09-05 00:00:00,2018-09-05 01:00:00,0.0
Poaceae,DEVIEC,2018-09-05 00:00:00,2018-09-05 01:00:00,5.196944649
Pinus,DEBIED,2018-09-05 03:00:00,2018-09-05 04:00:00,0.0
Pinus,DEVIEC,2018-09-05 03:00:00,2018-09-05 04:00:00,0.0
Poaceae,DEBIED,2018-09-05 03:00:00,2018-09-05 04:00:00,0.0
Poaceae,DEVIEC,2018-09-05 03:00:00,2018-09-05 04:00:00,0.0
Pinus,DEBIED,2018-09-05 06:00:00,2018-09-05 07:00:00,0.0
Pinus,DEVIEC,2018-09-05 06:00:00,2018-09-05 07:00:00,0.0
Poaceae,DEBIED,2018-09-05 06:00:00,2018-09-05 07:00:00,0.0
Poaceae,DEVIEC,2018-09-05 06:00:00,2018-09-05 07:00:00,0.0
Pinus,DEBIED,2018-09-05 09:00:00,2018-09-05 10:00:00,0.0
Pinus,DEVIEC,2018-09-05 09:00:00,2018-09-05 10:00:00,0.0
Poaceae,DEBIED,2018-09-05 09:00:00,2018-09-05 10:00:00,4.732681592
Poaceae,DEVIEC,2018-09-05 09:00:00,2018-09-05 10:00:00,0.0
Pinus,DEBIED,2018-09-05 12:00:00,2018-09-05 13:00:00,0.0
Pinus,DEVIEC,2018-09-05 12:00:00,2018-09-05 13:00:00,0.0
Poaceae,DEBIED,2018-09-05 12:00:00,2018-09-05 13:00:00,4.86655399
Poaceae,DEVIEC,2018-09-05 12:00:00,2018-09-05 13:00:00,10.40356704
Pinus,DEBIED,2018-09-05 15:00:00,2018-09-05 16:00:00,0.0
Pinus,DEVIEC,2018-09-05 15:00:00,2018-09-05 16:00:00,0.0
Poaceae,DEBIED,2018-09-05 15:00:00,2018-09-05 16:00:00,0.0
Poaceae,DEVIEC,2018-09-05 15:00:00,2018-09-05 16:00:00,0.0
Pinus,DEBIED,2018-09-05 18:00:00,2018-09-05 19:00:00,0.0
Pinus,DEVIEC,2018-09-05 18:00:00,2018-09-05 19:00:00,0.0
Poaceae,DEBIED,2018-09-05 18:00:00,2018-09-05 19:00:00,0.0
Poaceae,DEVIEC,2018-09-05 18:00:00,2018-09-05 19:00:00,0.0
Pinus,DEBIED,2018-09-05 21:00:00,2018-09-05 22:00:00,0.0
Pinus,DEVIEC,2018-09-05 21:00:00,2018-09-05 22:00:00,0.0
Poaceae,DEBIED,2018-09-05 21:00:00,2018-09-05 22:00:00,0.0
Poaceae,DEVIEC,2018-09-05 21:00:00,2018-09-05 22:00:00,5.154920603
Pinus,DEBIED,2018-09-06 00:00:00,2018-09-06 01:00:00,0.0
Pinus,DEVIEC,2018-09-06 00:00:00,2018-09-06 01:00:00,0.0
Poaceae,DEBIED,2018-09-06 00:00:00,2018-09-06 01:00:00,0.0
Poaceae,DEVIEC,2018-09-06 00:00:00,2018-09-06 01:00:00,0.0
Pinus,DEBIED,2018-09-06 03:00:00,2018-09-06 04:00:00,0.0
Pinus,DEVIEC,2018-09-06 03:00:00,2018-09-06 04:00:00,0.0
Poaceae,DEBIED,2018-09-06 03:00:00,2018-09-06 04:00:00,0.0
Poaceae,DEVIEC,2018-09-06 03:00:00,2018-09-06 04:00:00,0.0
Pinus,DEBIED,2018-09-06 06:00:00,2018-09-06 07:00:00,0.0
Pinus,DEVIEC,2018-09-06 06:00:00,2018-09-06 07:00:00,0.0
Poaceae,DEBIED,2018-09-06 06:00:00,2018-09-06 07:00:00,0.0
Poaceae,DEVIEC,2018-09-06 06:00:00,2018-09-06 07:00:00,0.0
Pinus,DEBIED,2018-09-06 09:00:00,2018-09-06 10:00:00,0.0
Pinus,DEVIEC,2018-09-06 09:00:00,2018-09-06 10:00:00,0.0
Poaceae,DEBIED,2018-09-06 09:00:00,2018-09-06 10:00:00,0.0
Poaceae,DEVIEC,2018-09-06 09:00:00,2018-09-06 10:00:00,0.0
Pinus,DEBIED,2018-09-06 12:00:00,2018-09-06 13:00:00,0.0
Pinus,DEVIEC,2018-09-06 12:00:00,2018-09-06 13:00:00,0.0
Poaceae,DEBIED,2018-09-06 12:00:00,2018-09-06 13:00:00,0.0
Poaceae,DEVIEC,2018-09-06 12:00:00,2018-09-06 13:00:00,5.206631405
Pinus,DEBIED,2018-09-06 15:00:00,2018-09-06 16:00:00,0.0
Pinus,DEVIEC,2018-09-06 15:00:00,2018-09-06 16:00:00,0.0
Poaceae,DEBIED,2018-09-06 15:00:00,2018-09-06 16:00:00,0.0
Poaceae,DEVIEC,2018-09-06 15:00:00,2018-09-06 16:00:00,0.0
Pinus,DEBIED,2018-09-06 18:00:00,2018-09-06 19:00:00,0.0
Pinus,DEVIEC,2018-09-06 18:00:00,2018-09-06 19:00:00,0.0
Poaceae,DEBIED,2018-09-06 18:00:00,2018-09-06 19:00:00,0.0
Poaceae,DEVIEC,2018-09-06 18:00:00,2018-09-06 19:00:00,0.0
Pinus,DEBIED,2018-09-06 21:00:00,2018-09-06 22:00:00,0.0
Pinus,DEVIEC,2018-09-06 21:00:00,2018-09-06 22:00:00,0.0
Poaceae,DEBIED,2018-09-06 21:00:00,2018-09-06 22:00:00,0.0
Poaceae,DEVIEC,2018-09-06 21:00:00,2018-09-06 22:00:00,5.150125328
Pinus,DEBIED,2018-09-07 00:00:00,2018-09-07 01:00:00,0.0
Pinus,DEVIEC,2018-09-07 00:00:00,2018-09-07 01:00:00,0.0
Poaceae,DEBIED,2018-09-07 00:00:00,2018-09-07 01:00:00,0.0
Poaceae,DEVIEC,2018-09-07 00:00:00,2018-09-07 01:00:00,0.0
Pinus,DEBIED,2018-09-07 03:00:00,2018-09-07 04:00:00,0.0
Pinus,DEVIEC,2018-09-07 03:00:00,2018-09-07 04:00:00,0.0
Poaceae,DEBIED,2018-09-07 03:00:00,2018-09-07 04:00:00,0.0
Poaceae,DEVIEC,2018-09-07 03:00:00,2018-09-07 04:00:00,0.0
Pinus,DEBIED,2018-09-07 06:00:00,2018-09-07 07:00:00,0.0
Pinus,DEVIEC,2018-09-07 06:00:00,2018-09-07 07:00:00,0.0
Poaceae,DEBIED,2018-09-07 06:00:00,2018-09-07 07:00:00,0.0
Poaceae,DEVIEC,2018-09-07 06:00:00,2018-09-07 07:00:00,0.0
Pinus,DEBIED,2018-09-07 09:00:00,2018-09-07 10:00:00,0.0
Pinus,DEVIEC,2018-09-07 09:00:00,2018-09-07 10:00:00,0.0
Poaceae,DEBIED,2018-09-07 09:00:00,2018-09-07 10:00:00,0.0
Poaceae,DEVIEC,2018-09-07 09:00:00,2018-09-07 10:00:00,0.0
Pinus,DEBIED,2018-09-07 12:00:00,2018-09-07 13:00:00,0.0
Pinus,DEVIEC,2018-09-07 12:00:00,2018-09-07 13:00:00,0.0
Poaceae,DEBIED,2018-09-07 12:00:00,2018-09-07 13:00:00,0.0
Poaceae,DEVIEC,2018-09-07 12:00:00,2018-09-07 13:00:00,0.0
Pinus,DEBIED,2018-09-07 15:00:00,2018-09-07 16:00:00,0.0
Pinus,DEVIEC,2018-09-07 15:00:00,2018-09-07 16:00:00,0.0
Poaceae,DEBIED,2018-09-07 15:00:00,2018-09-07 16:00:00,0.0
Poaceae,DEVIEC,2018-09-07 15:00:00,2018-09-07 16:00:00,0.0
Pinus,DEBIED,2018-09-07 18:00:00,2018-09-07 19:00:00,0.0
Pinus,DEVIEC,2018-09-07 18:00:00,2018-09-07 19:00:00,0.0
Poaceae,DEBIED,2018-09-07 18:00:00,2018-09-07 19:00:00,0.0
Poaceae,DEVIEC,2018-09-07 18:00:00,2018-09-07 19:00:00,0.0
Pinus,DEBIED,2018-09-07 21:00:00,2018-09-07 22:00:00,0.0
Pinus,DEVIEC,2018-09-07 21:00:00,2018-09-07 22:00:00,0.0
Poaceae,DEBIED,2018-09-07 21:00:00,2018-09-07 22:00:00,0.0
Poaceae,DEVIEC,2018-09-07 21:00:00,2018-09-07 22:00:00,0.0
Pinus,DEBIED,2018-09-08 00:00:00,2018-09-08 01:00:00,0.0
Pinus,DEVIEC,2018-09-08 00:00:00,2018-09-08 01:00:00,0.0
Poaceae,DEBIED,2018-09-08 00:00:00,2018-09-08 01:00:00,0.0
Poaceae,DEVIEC,2018-09-08 00:00:00,2018-09-08 01:00:00,0.0
Pinus,DEBIED,2018-09-08 03:00:00,2018-09-08 04:00:00,0.0
Pinus,DEVIEC,2018-09-08 03:00:00,2018-09-08 04:00:00,0.0
Poaceae,DEBIED,2018-09-08 03:00:00,2018-09-08 04:00:00,0.0
Poaceae,DEVIEC,2018-09-08 03:00:00,2018-09-08 04:00:00,0.0
Pinus,DEBIED,2018-09-08 06:00:00,2018-09-08 07:00:00,0.0
Pinus,DEVIEC,2018-09-08 06:00:00,2018-09-08 07:00:00,0.0
Poaceae,DEBIED,2018-09-08 06:00:00,2018-09-08 07:00:00,0.0
Poaceae,DEVIEC,2018-09-08 06:00:00,2018-09-08 07:00:00,0.0
Pinus,DEBIED,2018-09-08 09:00:00,2018-09-08 10:00:00,0.0
Pinus,DEVIEC,2018-09-08 09:00:00,2018-09-08 10:00:00,0.0
Poaceae,DEBIED,2018-09-08 09:00:00,2018-09-08 10:00:00,0.0
Poaceae,DEVIEC,2018-09-08 09:00:00,2018-09-08 10:00:00,0.0
Pinus,DEBIED,2018-09-08 12:00:00,2018-09-08 13:00:00,0.0
Pinus,DEVIEC,2018-09-08 12:00:00,2018-09-08 13:00:00,0.0
Poaceae,DEBIED,2018-09-08 12:00:00,2018-09-08 13:00:00,9.547715447
Poaceae,DEVIEC,2018-09-08 12:00:00,2018-09-08 13:00:00,0.0
Pinus,DEBIED,2018-09-08 15:00:00,2018-09-08 16:00:00,0.0
Pinus,DEVIEC,2018-09-08 15:00:00,2018-09-08 16:00:00,0.0
Poaceae,DEBIED,2018-09-08 15:00:00,2018-09-08 16:00:00,0.0
Poaceae,DEVIEC,2018-09-08 15:00:00,2018-09-08 16:00:00,5.201783518
Pinus,DEBIED,2018-09-08 18:00:00,2018-09-08 19:00:00,0.0
Pinus,DEVIEC,2018-09-08 18:00:00,2018-09-08 19:00:00,0.0
Poaceae,DEBIED,2018-09-08 18:00:00,2018-09-08 19:00:00,0.0
Poaceae,DEVIEC,2018-09-08 18:00:00,2018-09-08 19:00:00,5.201783518
Pinus,DEBIED,2018-09-08 21:00:00,2018-09-08 22:00:00,0.0
Pinus,DEVIEC,2018-09-08 21:00:00,2018-09-08 22:00:00,0.0
Poaceae,DEBIED,2018-09-08 21:00:00,2018-09-08 22:00:00,0.0
Poaceae,DEVIEC,2018-09-08 21:00:00,2018-09-08 22:00:00,0.0
Pinus,DEBIED,2018-09-09 00:00:00,2018-09-09 01:00:00,0.0
Pinus,DEVIEC,2018-09-09 00:00:00,2018-09-09 01:00:00,0.0
Poaceae,DEBIED,2018-09-09 00:00:00,2018-09-09 01:00:00,0.0
Poaceae,DEVIEC,2018-09-09 00:00:00,2018-09-09 01:00:00,0.0
Pinus,DEBIED,2018-09-09 03:00:00,2018-09-09 04:00:00,0.0
Pinus,DEVIEC,2018-09-09 03:00:00,2018-09-09 04:00:00,0.0
Poaceae,DEBIED,2018-09-09 03:00:00,2018-09-09 04:00:00,0.0
Poaceae,DEVIEC,2018-09-09 03:00:00,2018-09-09 04:00:00,0.0
Pinus,DEBIED,2018-09-09 06:00:00,2018-09-09 07:00:00,0.0
Pinus,DEVIEC,2018-09-09 06:00:00,2018-09-09 07:00:00,0.0
Poaceae,DEBIED,2018-09-09 06:00:00,2018-09-09 07:00:00,0.0
Poaceae,DEVIEC,2018-09-09 06:00:00,2018-09-09 07:00:00,0.0
Pinus,DEBIED,2018-09-09 09:00:00,2018-09-09 10:00:00,0.0
Pinus,DEVIEC,2018-09-09 09:00:00,2018-09-09 10:00:00,0.0
Poaceae,DEBIED,2018-09-09 09:00:00,2018-09-09 10:00:00,0.0
Poaceae,DEVIEC,2018-09-09 09:00:00,2018-09-09 10:00:00,0.0
Pinus,DEBIED,2018-09-09 12:00:00,2018-09-09 13:00:00,0.0
Pinus,DEVIEC,2018-09-09 12:00:00,2018-09-09 13:00:00,0.0
Poaceae,DEBIED,2018-09-09 12:00:00,2018-09-09 13:00:00,4.827635627
Poaceae,DEVIEC,2018-09-09 12:00:00,2018-09-09 13:00:00,0.0
Pinus,DEBIED,2018-09-09 15:00:00,2018-09-09 16:00:00,0.0
Pinus,DEVIEC,2018-09-09 15:00:00,2018-09-09 16:00:00,0.0
Poaceae,DEBIED,2018-09-09 15:00:00,2018-09-09 16:00:00,0.0
Poaceae,DEVIEC,2018-09-09 15:00:00,2018-09-09 16:00:00,0.0
Pinus,DEBIED,2018-09-09 18:00:00,2018-09-09 19:00:00,0.0
Pinus,DEVIEC,2018-09-09 18:00:00,2018-09-09 19:00:00,0.0
Poaceae,DEBIED,2018-09-09 18:00:00,2018-09-09 19:00:00,0.0
Poaceae,DEVIEC,2018-09-09 18:00:00,2018-09-09 19:00:00,0.0
Pinus,DEBIED,2018-09-09 21:00:00,2018-09-09 22:00:00,0.0
Pinus,DEVIEC,2018-09-09 21:00:00,2018-09-09 22:00:00,0.0
Poaceae,DEBIED,2018-09-09 21:00:00,2018-09-09 22:00:00,0.0
Poaceae,DEVIEC,2018-09-09 21:00:00,2018-09-09 22:00:00,0.0
Pinus,DEBIED,2018-09-10 00:00:00,2018-09-10 01:00:00,0.0
Pinus,DEVIEC,2018-09-10 00:00:00,2018-09-10 01:00:00,0.0
Poaceae,DEBIED,2018-09-10 00:00:00,2018-09-10 01:00:00,0.0
Poaceae,DEVIEC,2018-09-10 00:00:00,2018-09-10 01:00:00,0.0
Pinus,DEBIED,2018-09-10 03:00:00,2018-09-10 04:00:00,0.0
Pinus,DEVIEC,2018-09-10 03:00:00,2018-09-10 04:00:00,0.0
Poaceae,DEBIED,2018-09-10 03:00:00,2018-09-10 04:00:00,0.0
Poaceae,DEVIEC,2018-09-10 03:00:00,2018-09-10 04:00:00,0.0
Pinus,DEBIED,2018-09-10 06:00:00,2018-09-10 07:00:00,0.0
Pinus,DEVIEC,2018-09-10 06:00:00,2018-09-10 07:00:00,0.0
Poaceae,DEBIED,2018-09-10 06:00:00,2018-09-10 07:00:00,0.0
Poaceae,DEVIEC,2018-09-10 06:00:00,2018-09-10 07:00:00,0.0
Pinus,DEBIED,2018-09-10 09:00:00,2018-09-10 10:00:00,0.0
Pinus,DEVIEC,2018-09-10 09:00:00,2018-09-10 10:00:00,0.0
Poaceae,DEBIED,2018-09-10 09:00:00,2018-09-10 10:00:00,0.0
Poaceae,DEVIEC,2018-09-10 09:00:00,2018-09-10 10:00:00,5.201783518
Pinus,DEBIED,2018-09-10 12:00:00,2018-09-10 13:00:00,0.0
Pinus,DEVIEC,2018-09-10 12:00:00,2018-09-10 13:00:00,0.0
Poaceae,DEBIED,2018-09-10 12:00:00,2018-09-10 13:00:00,0.0
Poaceae,DEVIEC,2018-09-10 12:00:00,2018-09-10 13:00:00,0.0
Pinus,DEBIED,2018-09-10 15:00:00,2018-09-10 16:00:00,0.0
Pinus,DEVIEC,2018-09-10 15:00:00,2018-09-10 16:00:00,0.0
Poaceae,DEBIED,2018-09-10 15:00:00,2018-09-10 16:00:00,0.0
Poaceae,DEVIEC,2018-09-10 15:00:00,2018-09-10 16:00:00,0.0
Pinus,DEBIED,2018-09-10 18:00:00,2018-09-10 19:00:00,0.0
Pinus,DEVIEC,2018-09-10 18:00:00,2018-09-10 19:00:00,0.0
Poaceae,DEBIED,2018-09-10 18:00:00,2018-09-10 19:00:00,4.769967049
Poaceae,DEVIEC,2018-09-10 18:00:00,2018-09-10 19:00:00,0.0
Pinus,DEBIED,2018-09-10 21:00:00,2018-09-10 22:00:00,0.0
Pinus,DEVIEC,2018-09-10 21:00:00,2018-09-10 22:00:00,0.0
Poaceae,DEBIED,2018-09-10 21:00:00,2018-09-10 22:00:00,0.0
Poaceae,DEVIEC,2018-09-10 21:00:00,2018-09-10 22:00:00,0.0
Pinus,DEBIED,2018-09-11 00:00:00,2018-09-11 01:00:00,0.0
Pinus,DEVIEC,2018-09-11 00:00:00,2018-09-11 01:00:00,0.0
Poaceae,DEBIED,2018-09-11 00:00:00,2018-09-11 01:00:00,0.0
Poaceae,DEVIEC,2018-09-11 00:00:00,2018-09-11 01:00:00,0.0
Pinus,DEBIED,2018-09-11 03:00:00,2018-09-11 04:00:00,0.0
Pinus,DEVIEC,2018-09-11 03:00:00,2018-09-11 04:00:00,0.0
Poaceae,DEBIED,2018-09-11 03:00:00,2018-09-11 04:00:00,0.0
Poaceae,DEVIEC,2018-09-11 03:00:00,2018-09-11 04:00:00,0.0
Pinus,DEBIED,2018-09-11 06:00:00,2018-09-11 07:00:00,0.0
Pinus,DEVIEC,2018-09-11 06:00:00,2018-09-11 07:00:00,0.0
Poaceae,DEBIED,2018-09-11 06:00:00,2018-09-11 07:00:00,0.0
Poaceae,DEVIEC,2018-09-11 06:00:00,2018-09-11 07:00:00,0.0
Pinus,DEBIED,2018-09-11 09:00:00,2018-09-11 10:00:00,0.0
Pinus,DEVIEC,2018-09-11 09:00:00,2018-09-11 10:00:00,0.0
Poaceae,DEBIED,2018-09-11 09:00:00,2018-09-11 10:00:00,0.0
Poaceae,DEVIEC,2018-09-11 09:00:00,2018-09-11 10:00:00,0.0
Pinus,DEBIED,2018-09-11 12:00:00,2018-09-11 13:00:00,0.0
Pinus,DEVIEC,2018-09-11 12:00:00,2018-09-11 13:00:00,0.0
Poaceae,DEBIED,2018-09-11 12:00:00,2018-09-11 13:00:00,0.0
Poaceae,DEVIEC,2018-09-11 12:00:00,2018-09-11 13:00:00,0.0
Pinus,DEBIED,2018-09-11 15:00:00,2018-09-11 16:00:00,0.0
Pinus,DEVIEC,2018-09-11 15:00:00,2018-09-11 16:00:00,0.0
Poaceae,DEBIED,2018-09-11 15:00:00,2018-09-11 16:00:00,0.0
Poaceae,DEVIEC,2018-09-11 15:00:00,2018-09-11 16:00:00,0.0
Pinus,DEBIED,2018-09-11 18:00:00,2018-09-11 19:00:00,0.0
Pinus,DEVIEC,2018-09-11 18:00:00,2018-09-11 19:00:00,0.0
Poaceae,DEBIED,2018-09-11 18:00:00,2018-09-11 19:00:00,4.827635627
Poaceae,DEVIEC,2018-09-11 18:00:00,2018-09-11 19:00:00,0.0
Pinus,DEBIED,2018-09-11 21:00:00,2018-09-11 22:00:00,0.0
Pinus,DEVIEC,2018-09-11 21:00:00,2018-09-11 22:00:00,0.0
Poaceae,DEBIED,2018-09-11 21:00:00,2018-09-11 22:00:00,0.0
Poaceae,DEVIEC,2018-09-11 21:00:00,2018-09-11 22:00:00,0.0
Pinus,DEBIED,2018-09-12 00:00:00,2018-09-12 01:00:00,0.0
Pinus,DEVIEC,2018-09-12 00:00:00,2018-09-12 01:00:00,0.0
Poaceae,DEBIED,2018-09-12 00:00:00,2018-09-12 01:00:00,0.0
Poaceae,DEVIEC,2018-09-12 00:00:00,2018-09-12 01:00:00,0.0
Pinus,DEBIED,2018-09-12 03:00:00,2018-09-12 04:00:00,0.0
Pinus,DEVIEC,2018-09-12 03:00:00,2018-09-12 04:00:00,0.0
Poaceae,DEBIED,2018-09-12 03:00:00,2018-09-12 04:00:00,0.0
Poaceae,DEVIEC,2018-09-12 03:00:00,2018-09-12 04:00:00,0.0
Pinus,DEBIED,2018-09-12 06:00:00,2018-09-12 07:00:00,0.0
Pinus,DEVIEC,2018-09-12 06:00:00,2018-09-12 07:00:00,0.0
Poaceae,DEBIED,2018-09-12 06:00:00,2018-09-12 07:00:00,0.0
Poaceae,DEVIEC,2018-09-12 06:00:00,2018-09-12 07:00:00,5.201783518
Pinus,DEBIED,2018-09-12 09:00:00,2018-09-12 10:00:00,0.0
Pinus,DEVIEC,2018-09-12 09:00:00,2018-09-12 10:00:00,0.0
Poaceae,DEBIED,2018-09-12 09:00:00,2018-09-12 10:00:00,0.0
Poaceae,DEVIEC,2018-09-12 09:00:00,2018-09-12 10:00:00,5.108894526
Pinus,DEBIED,2018-09-12 12:00:00,2018-09-12 13:00:00,0.0
Pinus,DEVIEC,2018-09-12 12:00:00,2018-09-12 13:00:00,0.0
Poaceae,DEBIED,2018-09-12 12:00:00,2018-09-12 13:00:00,0.0
Poaceae,DEVIEC,2018-09-12 12:00:00,2018-09-12 13:00:00,0.0
Pinus,DEBIED,2018-09-12 15:00:00,2018-09-12 16:00:00,0.0
Pinus,DEVIEC,2018-09-12 15:00:00,2018-09-12 16:00:00,0.0
Poaceae,DEBIED,2018-09-12 15:00:00,2018-09-12 16:00:00,0.0
Poaceae,DEVIEC,2018-09-12 15:00:00,2018-09-12 16:00:00,5.201783518
Pinus,DEBIED,2018-09-12 18:00:00,2018-09-12 19:00:00,0.0
Pinus,DEVIEC,2018-09-12 18:00:00,2018-09-12 19:00:00,0.0
Poaceae,DEBIED,2018-09-12 18:00:00,2018-09-12 19:00:00,4.8236947
Poaceae,DEVIEC,2018-09-12 18:00:00,2018-09-12 19:00:00,0.0
Pinus,DEBIED,2018-09-12 21:00:00,2018-09-12 22:00:00,0.0
Pinus,DEVIEC,2018-09-12 21:00:00,2018-09-12 22:00:00,0.0
Poaceae,DEBIED,2018-09-12 21:00:00,2018-09-12 22:00:00,4.819760202
Poaceae,DEVIEC,2018-09-12 21:00:00,2018-09-12 22:00:00,0.0
Pinus,DEBIED,2018-09-13 00:00:00,2018-09-13 01:00:00,0.0
Pinus,DEVIEC,2018-09-13 00:00:00,2018-09-13 01:00:00,0.0
Poaceae,DEBIED,2018-09-13 00:00:00,2018-09-13 01:00:00,0.0
Poaceae,DEVIEC,2018-09-13 00:00:00,2018-09-13 01:00:00,0.0
Pinus,DEBIED,2018-09-13 03:00:00,2018-09-13 04:00:00,0.0
Pinus,DEVIEC,2018-09-13 03:00:00,2018-09-13 04:00:00,0.0
Poaceae,DEBIED,2018-09-13 03:00:00,2018-09-13 04:00:00,0.0
Poaceae,DEVIEC,2018-09-13 03:00:00,2018-09-13 04:00:00,0.0
Pinus,DEBIED,2018-09-13 06:00:00,2018-09-13 07:00:00,0.0
Pinus,DEVIEC,2018-09-13 06:00:00,2018-09-13 07:00:00,0.0
Poaceae,DEBIED,2018-09-13 06:00:00,2018-09-13 07:00:00,0.0
Poaceae,DEVIEC,2018-09-13 06:00:00,2018-09-13 07:00:00,0.0
Pinus,DEBIED,2018-09-13 09:00:00,2018-09-13 10:00:00,0.0
Pinus,DEVIEC,2018-09-13 09:00:00,2018-09-13 10:00:00,0.0
Poaceae,DEBIED,2018-09-13 09:00:00,2018-09-13 10:00:00,0.0
Poaceae,DEVIEC,2018-09-13 09:00:00,2018-09-13 10:00:00,0.0
Pinus,DEBIED,2018-09-13 12:00:00,2018-09-13 13:00:00,0.0
Pinus,DEVIEC,2018-09-13 12:00:00,2018-09-13 13:00:00,0.0
Poaceae,DEBIED,2018-09-13 12:00:00,2018-09-13 13:00:00,4.8236947
Poaceae,DEVIEC,2018-09-13 12:00:00,2018-09-13 13:00:00,0.0
Pinus,DEBIED,2018-09-13 15:00:00,2018-09-13 16:00:00,0.0
Pinus,DEVIEC,2018-09-13 15:00:00,2018-09-13 16:00:00,0.0
Poaceae,DEBIED,2018-09-13 15:00:00,2018-09-13 16:00:00,0.0
Poaceae,DEVIEC,2018-09-13 15:00:00,2018-09-13 16:00:00,0.0
Pinus,DEBIED,2018-09-13 18:00:00,2018-09-13 19:00:00,0.0
Pinus,DEVIEC,2018-09-13 18:00:00,2018-09-13 19:00:00,0.0
Poaceae,DEBIED,2018-09-13 18:00:00,2018-09-13 19:00:00,0.0
Poaceae,DEVIEC,2018-09-13 18:00:00,2018-09-13 19:00:00,0.0
Pinus,DEVIEC,2018-09-13 21:00:00,2018-09-13 22:00:00,0.0
Poaceae,DEVIEC,2018-09-13 21:00:00,2018-09-13 22:00:00,0.0
Pinus,DEVIEC,2018-09-14 00:00:00,2018-09-14 01:00:00,0.0
Poaceae,DEVIEC,2018-09-14 00:00:00,2018-09-14 01:00:00,0.0
Pinus,DEVIEC,2018-09-14 03:00:00,2018-09-14 04:00:00,0.0
Poaceae,DEVIEC,2018-09-14 03:00:00,2018-09-14 04:00:00,0.0
Pinus,DEVIEC,2018-09-14 06:00:00,2018-09-14 07:00:00,0.0
Poaceae,DEVIEC,2018-09-14 06:00:00,2018-09-14 07:00:00,0.0
Pinus,DEBIED,2018-09-14 09:00:00,2018-09-14 10:00:00,0.0
Pinus,DEVIEC,2018-09-14 09:00:00,2018-09-14 10:00:00,0.0
Poaceae,DEBIED,2018-09-14 09:00:00,2018-09-14 10:00:00,0.0
Poaceae,DEVIEC,2018-09-14 09:00:00,2018-09-14 10:00:00,0.0
Pinus,DEBIED,2018-09-14 12:00:00,2018-09-14 13:00:00,0.0
Pinus,DEVIEC,2018-09-14 12:00:00,2018-09-14 13:00:00,0.0
Poaceae,DEBIED,2018-09-14 12:00:00,2018-09-14 13:00:00,0.0
Poaceae,DEVIEC,2018-09-14 12:00:00,2018-09-14 13:00:00,0.0
Pinus,DEBIED,2018-09-14 15:00:00,2018-09-14 16:00:00,0.0
Pinus,DEVIEC,2018-09-14 15:00:00,2018-09-14 16:00:00,0.0
Poaceae,DEBIED,2018-09-14 15:00:00,2018-09-14 16:00:00,0.0
Poaceae,DEVIEC,2018-09-14 15:00:00,2018-09-14 16:00:00,0.0
Pinus,DEBIED,2018-09-14 18:00:00,2018-09-14 19:00:00,0.0
Pinus,DEVIEC,2018-09-14 18:00:00,2018-09-14 19:00:00,0.0
Poaceae,DEBIED,2018-09-14 18:00:00,2018-09-14 19:00:00,0.0
Poaceae,DEVIEC,2018-09-14 18:00:00,2018-09-14 19:00:00,0.0
Pinus,DEBIED,2018-09-14 21:00:00,2018-09-14 22:00:00,0.0
Pinus,DEVIEC,2018-09-14 21:00:00,2018-09-14 22:00:00,0.0
Poaceae,DEBIED,2018-09-14 21:00:00,2018-09-14 22:00:00,0.0
Poaceae,DEVIEC,2018-09-14 21:00:00,2018-09-14 22:00:00,0.0
Pinus,DEBIED,2018-09-15 00:00:00,2018-09-15 01:00:00,0.0
Pinus,DEVIEC,2018-09-15 00:00:00,2018-09-15 01:00:00,0.0
Poaceae,DEBIED,2018-09-15 00:00:00,2018-09-15 01:00:00,0.0
Poaceae,DEVIEC,2018-09-15 00:00:00,2018-09-15 01:00:00,0.0
Pinus,DEBIED,2018-09-15 03:00:00,2018-09-15 04:00:00,0.0
Pinus,DEVIEC,2018-09-15 03:00:00,2018-09-15 04:00:00,0.0
Poaceae,DEBIED,2018-09-15 03:00:00,2018-09-15 04:00:00,0.0
Poaceae,DEVIEC,2018-09-15 03:00:00,2018-09-15 04:00:00,0.0
Pinus,DEBIED,2018-09-15 06:00:00,2018-09-15 07:00:00,0.0
Pinus,DEVIEC,2018-09-15 06:00:00,2018-09-15 07:00:00,0.0
Poaceae,DEBIED,2018-09-15 06:00:00,2018-09-15 07:00:00,0.0
Poaceae,DEVIEC,2018-09-15 06:00:00,2018-09-15 07:00:00,0.0
Pinus,DEBIED,2018-09-15 09:00:00,2018-09-15 10:00:00,0.0
Pinus,DEVIEC,2018-09-15 09:00:00,2018-09-15 10:00:00,0.0
Poaceae,DEBIED,2018-09-15 09:00:00,2018-09-15 10:00:00,0.0
Poaceae,DEVIEC,2018-09-15 09:00:00,2018-09-15 10:00:00,0.0
Pinus,DEBIED,2018-09-15 12:00:00,2018-09-15 13:00:00,0.0
Pinus,DEVIEC,2018-09-15 12:00:00,2018-09-15 13:00:00,0.0
Poaceae,DEBIED,2018-09-15 12:00:00,2018-09-15 13:00:00,0.0
Poaceae,DEVIEC,2018-09-15 12:00:00,2018-09-15 13:00:00,5.154920603
Pinus,DEBIED,2018-09-15 15:00:00,2018-09-15 16:00:00,0.0
Pinus,DEVIEC,2018-09-15 15:00:00,2018-09-15 16:00:00,0.0
Poaceae,DEBIED,2018-09-15 15:00:00,2018-09-15 16:00:00,0.0
Poaceae,DEVIEC,2018-09-15 15:00:00,2018-09-15 16:00:00,0.0
Pinus,DEBIED,2018-09-15 18:00:00,2018-09-15 19:00:00,0.0
Pinus,DEVIEC,2018-09-15 18:00:00,2018-09-15 19:00:00,0.0
Poaceae,DEBIED,2018-09-15 18:00:00,2018-09-15 19:00:00,0.0
Poaceae,DEVIEC,2018-09-15 18:00:00,2018-09-15 19:00:00,0.0
Pinus,DEBIED,2018-09-15 21:00:00,2018-09-15 22:00:00,0.0
Pinus,DEVIEC,2018-09-15 21:00:00,2018-09-15 22:00:00,0.0
Poaceae,DEBIED,2018-09-15 21:00:00,2018-09-15 22:00:00,0.0
Poaceae,DEVIEC,2018-09-15 21:00:00,2018-09-15 22:00:00,0.0
Pinus,DEBIED,2018-09-16 00:00:00,2018-09-16 01:00:00,0.0
Pinus,DEVIEC,2018-09-16 00:00:00,2018-09-16 01:00:00,0.0
Poaceae,DEBIED,2018-09-16 00:00:00,2018-09-16 01:00:00,0.0
Poaceae,DEVIEC,2018-09-16 00:00:00,2018-09-16 01:00:00,0.0
Pinus,DEBIED,2018-09-16 03:00:00,2018-09-16 04:00:00,0.0
Pinus,DEVIEC,2018-09-16 03:00:00,2018-09-16 04:00:00,0.0
Poaceae,DEBIED,2018-09-16 03:00:00,2018-09-16 04:00:00,0.0
Poaceae,DEVIEC,2018-09-16 03:00:00,2018-09-16 04:00:00,0.0
Pinus,DEBIED,2018-09-16 06:00:00,2018-09-16 07:00:00,0.0
Pinus,DEVIEC,2018-09-16 06:00:00,2018-09-16 07:00:00,0.0
Poaceae,DEBIED,2018-09-16 06:00:00,2018-09-16 07:00:00,0.0
Poaceae,DEVIEC,2018-09-16 06:00:00,2018-09-16 07:00:00,0.0
Pinus,DEBIED,2018-09-16 09:00:00,2018-09-16 10:00:00,0.0
Pinus,DEVIEC,2018-09-16 09:00:00,2018-09-16 10:00:00,0.0
Poaceae,DEBIED,2018-09-16 09:00:00,2018-09-16 10:00:00,4.819760202
Poaceae,DEVIEC,2018-09-16 09:00:00,2018-09-16 10:00:00,4.803898415
Pinus,DEBIED,2018-09-16 12:00:00,2018-09-16 13:00:00,0.0
Pinus,DEVIEC,2018-09-16 12:00:00,2018-09-16 13:00:00,0.0
Poaceae,DEBIED,2018-09-16 12:00:00,2018-09-16 13:00:00,0.0
Poaceae,DEVIEC,2018-09-16 12:00:00,2018-09-16 13:00:00,0.0
Pinus,DEBIED,2018-09-16 15:00:00,2018-09-16 16:00:00,0.0
Pinus,DEVIEC,2018-09-16 15:00:00,2018-09-16 16:00:00,0.0
Poaceae,DEBIED,2018-09-16 15:00:00,2018-09-16 16:00:00,4.77775475
Poaceae,DEVIEC,2018-09-16 15:00:00,2018-09-16 16:00:00,0.0
Pinus,DEBIED,2018-09-16 18:00:00,2018-09-16 19:00:00,0.0
Pinus,DEVIEC,2018-09-16 18:00:00,2018-09-16 19:00:00,0.0
Poaceae,DEBIED,2018-09-16 18:00:00,2018-09-16 19:00:00,0.0
Poaceae,DEVIEC,2018-09-16 18:00:00,2018-09-16 19:00:00,0.0
Pinus,DEBIED,2018-09-16 21:00:00,2018-09-16 22:00:00,0.0
Pinus,DEVIEC,2018-09-16 21:00:00,2018-09-16 22:00:00,0.0
Poaceae,DEBIED,2018-09-16 21:00:00,2018-09-16 22:00:00,0.0
Poaceae,DEVIEC,2018-09-16 21:00:00,2018-09-16 22:00:00,0.0
Pinus,DEBIED,2018-09-17 00:00:00,2018-09-17 01:00:00,0.0
Pinus,DEVIEC,2018-09-17 00:00:00,2018-09-17 01:00:00,0.0
Poaceae,DEBIED,2018-09-17 00:00:00,2018-09-17 01:00:00,0.0
Poaceae,DEVIEC,2018-09-17 00:00:00,2018-09-17 01:00:00,0.0
Pinus,DEBIED,2018-09-17 03:00:00,2018-09-17 04:00:00,0.0
Pinus,DEVIEC,2018-09-17 03:00:00,2018-09-17 04:00:00,0.0
Poaceae,DEBIED,2018-09-17 03:00:00,2018-09-17 04:00:00,0.0
Poaceae,DEVIEC,2018-09-17 03:00:00,2018-09-17 04:00:00,0.0
Pinus,DEBIED,2018-09-17 06:00:00,2018-09-17 07:00:00,0.0
Pinus,DEVIEC,2018-09-17 06:00:00,2018-09-17 07:00:00,0.0
Poaceae,DEBIED,2018-09-17 06:00:00,2018-09-17 07:00:00,0.0
Poaceae,DEVIEC,2018-09-17 06:00:00,2018-09-17 07:00:00,0.0
Pinus,DEBIED,2018-09-17 09:00:00,2018-09-17 10:00:00,0.0
Pinus,DEVIEC,2018-09-17 09:00:00,2018-09-17 10:00:00,0.0
Poaceae,DEBIED,2018-09-17 09:00:00,2018-09-17 10:00:00,0.0
Poaceae,DEVIEC,2018-09-17 09:00:00,2018-09-17 10:00:00,0.0
Pinus,DEBIED,2018-09-17 12:00:00,2018-09-17 13:00:00,0.0
Pinus,DEVIEC,2018-09-17 12:00:00,2018-09-17 13:00:00,0.0
Poaceae,DEBIED,2018-09-17 12:00:00,2018-09-17 13:00:00,0.0
Poaceae,DEVIEC,2018-09-17 12:00:00,2018-09-17 13:00:00,0.0
Pinus,DEBIED,2018-09-17 15:00:00,2018-09-17 16:00:00,0.0
Pinus,DEVIEC,2018-09-17 15:00:00,2018-09-17 16:00:00,0.0
Poaceae,DEBIED,2018-09-17 15:00:00,2018-09-17 16:00:00,0.0
Poaceae,DEVIEC,2018-09-17 15:00:00,2018-09-17 16:00:00,0.0
Pinus,DEBIED,2018-09-17 18:00:00,2018-09-17 19:00:00,0.0
Pinus,DEVIEC,2018-09-17 18:00:00,2018-09-17 19:00:00,0.0
Poaceae,DEBIED,2018-09-17 18:00:00,2018-09-17 19:00:00,0.0
Poaceae,DEVIEC,2018-09-17 18:00:00,2018-09-17 19:00:00,0.0
Pinus,DEBIED,2018-09-17 21:00:00,2018-09-17 22:00:00,0.0
Pinus,DEVIEC,2018-09-17 21:00:00,2018-09-17 22:00:00,0.0
Poaceae,DEBIED,2018-09-17 21:00:00,2018-09-17 22:00:00,0.0
Poaceae,DEVIEC,2018-09-17 21:00:00,2018-09-17 22:00:00,0.0
Pinus,DEBIED,2018-09-18 00:00:00,2018-09-18 01:00:00,0.0
Pinus,DEVIEC,2018-09-18 00:00:00,2018-09-18 01:00:00,0.0
Poaceae,DEBIED,2018-09-18 00:00:00,2018-09-18 01:00:00,0.0
Poaceae,DEVIEC,2018-09-18 00:00:00,2018-09-18 01:00:00,0.0
Pinus,DEBIED,2018-09-18 03:00:00,2018-09-18 04:00:00,0.0
Pinus,DEVIEC,2018-09-18 03:00:00,2018-09-18 04:00:00,0.0
Poaceae,DEBIED,2018-09-18 03:00:00,2018-09-18 04:00:00,0.0
Poaceae,DEVIEC,2018-09-18 03:00:00,2018-09-18 04:00:00,0.0
Pinus,DEBIED,2018-09-18 06:00:00,2018-09-18 07:00:00,0.0
Pinus,DEVIEC,2018-09-18 06:00:00,2018-09-18 07:00:00,0.0
Poaceae,DEBIED,2018-09-18 06:00:00,2018-09-18 07:00:00,0.0
Poaceae,DEVIEC,2018-09-18 06:00:00,2018-09-18 07:00:00,0.0
Pinus,DEBIED,2018-09-18 09:00:00,2018-09-18 10:00:00,0.0
Pinus,DEVIEC,2018-09-18 09:00:00,2018-09-18 10:00:00,0.0
Poaceae,DEBIED,2018-09-18 09:00:00,2018-09-18 10:00:00,0.0
Poaceae,DEVIEC,2018-09-18 09:00:00,2018-09-18 10:00:00,5.211488338
Pinus,DEBIED,2018-09-18 12:00:00,2018-09-18 13:00:00,0.0
Pinus,DEVIEC,2018-09-18 12:00:00,2018-09-18 13:00:00,0.0
Poaceae,DEBIED,2018-09-18 12:00:00,2018-09-18 13:00:00,0.0
Poaceae,DEVIEC,2018-09-18 12:00:00,2018-09-18 13:00:00,5.201783518
Pinus,DEBIED,2018-09-18 15:00:00,2018-09-18 16:00:00,0.0
Pinus,DEVIEC,2018-09-18 15:00:00,2018-09-18 16:00:00,0.0
Poaceae,DEBIED,2018-09-18 15:00:00,2018-09-18 16:00:00,0.0
Poaceae,DEVIEC,2018-09-18 15:00:00,2018-09-18 16:00:00,0.0
Pinus,DEBIED,2018-09-18 18:00:00,2018-09-18 19:00:00,0.0
Pinus,DEVIEC,2018-09-18 18:00:00,2018-09-18 19:00:00,0.0
Poaceae,DEBIED,2018-09-18 18:00:00,2018-09-18 19:00:00,0.0
Poaceae,DEVIEC,2018-09-18 18:00:00,2018-09-18 19:00:00,0.0
Pinus,DEBIED,2018-09-18 21:00:00,2018-09-18 22:00:00,0.0
Pinus,DEVIEC,2018-09-18 21:00:00,2018-09-18 22:00:00,0.0
Poaceae,DEBIED,2018-09-18 21:00:00,2018-09-18 22:00:00,0.0
Poaceae,DEVIEC,2018-09-18 21:00:00,2018-09-18 22:00:00,0.0
Pinus,DEBIED,2018-09-19 00:00:00,2018-09-19 01:00:00,0.0
Pinus,DEVIEC,2018-09-19 00:00:00,2018-09-19 01:00:00,0.0
Poaceae,DEBIED,2018-09-19 00:00:00,2018-09-19 01:00:00,0.0
Poaceae,DEVIEC,2018-09-19 00:00:00,2018-09-19 01:00:00,0.0
Pinus,DEBIED,2018-09-19 03:00:00,2018-09-19 04:00:00,0.0
Pinus,DEVIEC,2018-09-19 03:00:00,2018-09-19 04:00:00,0.0
Poaceae,DEBIED,2018-09-19 03:00:00,2018-09-19 04:00:00,0.0
Poaceae,DEVIEC,2018-09-19 03:00:00,2018-09-19 04:00:00,0.0
Pinus,DEBIED,2018-09-19 06:00:00,2018-09-19 07:00:00,0.0
Pinus,DEVIEC,2018-09-19 06:00:00,2018-09-19 07:00:00,0.0
Poaceae,DEBIED,2018-09-19 06:00:00,2018-09-19 07:00:00,0.0
Poaceae,DEVIEC,2018-09-19 06:00:00,2018-09-19 07:00:00,0.0
Pinus,DEBIED,2018-09-19 09:00:00,2018-09-19 10:00:00,0.0
Pinus,DEVIEC,2018-09-19 09:00:00,2018-09-19 10:00:00,0.0
Poaceae,DEBIED,2018-09-19 09:00:00,2018-09-19 10:00:00,0.0
Poaceae,DEVIEC,2018-09-19 09:00:00,2018-09-19 10:00:00,0.0
Pinus,DEBIED,2018-09-19 12:00:00,2018-09-19 13:00:00,0.0
Pinus,DEVIEC,2018-09-19 12:00:00,2018-09-19 13:00:00,0.0
Poaceae,DEBIED,2018-09-19 12:00:00,2018-09-19 13:00:00,0.0
Poaceae,DEVIEC,2018-09-19 12:00:00,2018-09-19 13:00:00,0.0
Pinus,DEVIEC,2018-09-19 15:00:00,2018-09-19 16:00:00,0.0
Poaceae,DEVIEC,2018-09-19 15:00:00,2018-09-19 16:00:00,0.0
Pinus,DEBIED,2018-09-19 18:00:00,2018-09-19 19:00:00,0.0
Pinus,DEVIEC,2018-09-19 18:00:00,2018-09-19 19:00:00,0.0
Poaceae,DEBIED,2018-09-19 18:00:00,2018-09-19 19:00:00,0.0
Poaceae,DEVIEC,2018-09-19 18:00:00,2018-09-19 19:00:00,0.0
Pinus,DEBIED,2018-09-19 21:00:00,2018-09-19 22:00:00,0.0
Pinus,DEVIEC,2018-09-19 21:00:00,2018-09-19 22:00:00,0.0
Poaceae,DEBIED,2018-09-19 21:00:00,2018-09-19 22:00:00,0.0
Poaceae,DEVIEC,2018-09-19 21:00:00,2018-09-19 22:00:00,0.0
Pinus,DEBIED,2018-09-20 00:00:00,2018-09-20 01:00:00,0.0
Pinus,DEVIEC,2018-09-20 00:00:00,2018-09-20 01:00:00,0.0
Poaceae,DEBIED,2018-09-20 00:00:00,2018-09-20 01:00:00,0.0
Poaceae,DEVIEC,2018-09-20 00:00:00,2018-09-20 01:00:00,0.0
Pinus,DEBIED,2018-09-20 03:00:00,2018-09-20 04:00:00,0.0
Pinus,DEVIEC,2018-09-20 03:00:00,2018-09-20 04:00:00,0.0
Poaceae,DEBIED,2018-09-20 03:00:00,2018-09-20 04:00:00,0.0
Poaceae,DEVIEC,2018-09-20 03:00:00,2018-09-20 04:00:00,0.0
Pinus,DEBIED,2018-09-20 06:00:00,2018-09-20 07:00:00,0.0
Pinus,DEVIEC,2018-09-20 06:00:00,2018-09-20 07:00:00,0.0
Poaceae,DEBIED,2018-09-20 06:00:00,2018-09-20 07:00:00,0.0
Poaceae,DEVIEC,2018-09-20 06:00:00,2018-09-20 07:00:00,0.0
Pinus,DEBIED,2018-09-20 09:00:00,2018-09-20 10:00:00,0.0
Pinus,DEVIEC,2018-09-20 09:00:00,2018-09-20 10:00:00,0.0
Poaceae,DEBIED,2018-09-20 09:00:00,2018-09-20 10:00:00,0.0
Poaceae,DEVIEC,2018-09-20 09:00:00,2018-09-20 10:00:00,0.0
Pinus,DEBIED,2018-09-20 12:00:00,2018-09-20 13:00:00,0.0
Pinus,DEVIEC,2018-09-20 12:00:00,2018-09-20 13:00:00,0.0
Poaceae,DEBIED,2018-09-20 12:00:00,2018-09-20 13:00:00,0.0
Poaceae,DEVIEC,2018-09-20 12:00:00,2018-09-20 13:00:00,5.201783518
Pinus,DEBIED,2018-09-20 15:00:00,2018-09-20 16:00:00,0.0
Pinus,DEVIEC,2018-09-20 15:00:00,2018-09-20 16:00:00,0.0
Poaceae,DEBIED,2018-09-20 15:00:00,2018-09-20 16:00:00,0.0
Poaceae,DEVIEC,2018-09-20 15:00:00,2018-09-20 16:00:00,4.844609419
Pinus,DEBIED,2018-09-20 18:00:00,2018-09-20 19:00:00,0.0
Pinus,DEVIEC,2018-09-20 18:00:00,2018-09-20 19:00:00,0.0
Poaceae,DEBIED,2018-09-20 18:00:00,2018-09-20 19:00:00,0.0
Poaceae,DEVIEC,2018-09-20 18:00:00,2018-09-20 19:00:00,0.0
Pinus,DEBIED,2018-09-20 21:00:00,2018-09-20 22:00:00,0.0
Pinus,DEVIEC,2018-09-20 21:00:00,2018-09-20 22:00:00,0.0
Poaceae,DEBIED,2018-09-20 21:00:00,2018-09-20 22:00:00,0.0
Poaceae,DEVIEC,2018-09-20 21:00:00,2018-09-20 22:00:00,0.0
Pinus,DEBIED,2018-09-21 00:00:00,2018-09-21 01:00:00,0.0
Pinus,DEVIEC,2018-09-21 00:00:00,2018-09-21 01:00:00,0.0
Poaceae,DEBIED,2018-09-21 00:00:00,2018-09-21 01:00:00,0.0
Poaceae,DEVIEC,2018-09-21 00:00:00,2018-09-21 01:00:00,0.0
Pinus,DEBIED,2018-09-21 03:00:00,2018-09-21 04:00:00,0.0
Pinus,DEVIEC,2018-09-21 03:00:00,2018-09-21 04:00:00,0.0
Poaceae,DEBIED,2018-09-21 03:00:00,2018-09-21 04:00:00,0.0
Poaceae,DEVIEC,2018-09-21 03:00:00,2018-09-21 04:00:00,0.0
Pinus,DEBIED,2018-09-21 06:00:00,2018-09-21 07:00:00,0.0
Pinus,DEVIEC,2018-09-21 06:00:00,2018-09-21 07:00:00,0.0
Poaceae,DEBIED,2018-09-21 06:00:00,2018-09-21 07:00:00,0.0
Poaceae,DEVIEC,2018-09-21 06:00:00,2018-09-21 07:00:00,0.0
Pinus,DEBIED,2018-09-21 09:00:00,2018-09-21 10:00:00,0.0
Poaceae,DEBIED,2018-09-21 09:00:00,2018-09-21 10:00:00,0.0
Pinus,DEBIED,2018-09-21 12:00:00,2018-09-21 13:00:00,0.0
Poaceae,DEBIED,2018-09-21 12:00:00,2018-09-21 13:00:00,0.0
Pinus,DEBIED,2018-09-21 15:00:00,2018-09-21 16:00:00,0.0
Pinus,DEVIEC,2018-09-21 15:00:00,2018-09-21 16:00:00,0.0
Poaceae,DEBIED,2018-09-21 15:00:00,2018-09-21 16:00:00,0.0
Poaceae,DEVIEC,2018-09-21 15:00:00,2018-09-21 16:00:00,0.0
Pinus,DEBIED,2018-09-21 18:00:00,2018-09-21 19:00:00,0.0
Pinus,DEVIEC,2018-09-21 18:00:00,2018-09-21 19:00:00,0.0
Poaceae,DEBIED,2018-09-21 18:00:00,2018-09-21 19:00:00,0.0
Poaceae,DEVIEC,2018-09-21 18:00:00,2018-09-21 19:00:00,0.0
Pinus,DEBIED,2018-09-21 21:00:00,2018-09-21 22:00:00,0.0
Pinus,DEVIEC,2018-09-21 21:00:00,2018-09-21 22:00:00,0.0
Poaceae,DEBIED,2018-09-21 21:00:00,2018-09-21 22:00:00,0.0
Poaceae,DEVIEC,2018-09-21 21:00:00,2018-09-21 22:00:00,0.0
Pinus,DEBIED,2018-09-22 00:00:00,2018-09-22 01:00:00,0.0
Pinus,DEVIEC,2018-09-22 00:00:00,2018-09-22 01:00:00,0.0
Poaceae,DEBIED,2018-09-22 00:00:00,2018-09-22 01:00:00,0.0
Poaceae,DEVIEC,2018-09-22 00:00:00,2018-09-22 01:00:00,0.0
Pinus,DEBIED,2018-09-22 03:00:00,2018-09-22 04:00:00,0.0
Pinus,DEVIEC,2018-09-22 03:00:00,2018-09-22 04:00:00,0.0
Poaceae,DEBIED,2018-09-22 03:00:00,2018-09-22 04:00:00,0.0
Poaceae,DEVIEC,2018-09-22 03:00:00,2018-09-22 04:00:00,0.0
Pinus,DEBIED,2018-09-22 06:00:00,2018-09-22 07:00:00,0.0
Pinus,DEVIEC,2018-09-22 06:00:00,2018-09-22 07:00:00,0.0
Poaceae,DEBIED,2018-09-22 06:00:00,2018-09-22 07:00:00,0.0
Poaceae,DEVIEC,2018-09-22 06:00:00,2018-09-22 07:00:00,0.0
Pinus,DEBIED,2018-09-22 09:00:00,2018-09-22 10:00:00,0.0
Pinus,DEVIEC,2018-09-22 09:00:00,2018-09-22 10:00:00,0.0
Poaceae,DEBIED,2018-09-22 09:00:00,2018-09-22 10:00:00,0.0
Poaceae,DEVIEC,2018-09-22 09:00:00,2018-09-22 10:00:00,0.0
Pinus,DEBIED,2018-09-22 12:00:00,2018-09-22 13:00:00,0.0
Pinus,DEVIEC,2018-09-22 12:00:00,2018-09-22 13:00:00,0.0
Poaceae,DEBIED,2018-09-22 12:00:00,2018-09-22 13:00:00,0.0
Poaceae,DEVIEC,2018-09-22 12:00:00,2018-09-22 13:00:00,0.0
Pinus,DEBIED,2018-09-22 15:00:00,2018-09-22 16:00:00,0.0
Pinus,DEVIEC,2018-09-22 15:00:00,2018-09-22 16:00:00,0.0
Poaceae,DEBIED,2018-09-22 15:00:00,2018-09-22 16:00:00,0.0
Poaceae,DEVIEC,2018-09-22 15:00:00,2018-09-22 16:00:00,0.0
Pinus,DEBIED,2018-09-22 18:00:00,2018-09-22 19:00:00,0.0
Pinus,DEVIEC,2018-09-22 18:00:00,2018-09-22 19:00:00,0.0
Poaceae,DEBIED,2018-09-22 18:00:00,2018-09-22 19:00:00,0.0
Poaceae,DEVIEC,2018-09-22 18:00:00,2018-09-22 19:00:00,0.0
Pinus,DEVIEC,2018-09-22 21:00:00,2018-09-22 22:00:00,0.0
Poaceae,DEVIEC,2018-09-22 21:00:00,2018-09-22 22:00:00,0.0
Pinus,DEVIEC,2018-09-23 00:00:00,2018-09-23 01:00:00,0.0
Poaceae,DEVIEC,2018-09-23 00:00:00,2018-09-23 01:00:00,0.0
Pinus,DEVIEC,2018-09-23 03:00:00,2018-09-23 04:00:00,0.0
Poaceae,DEVIEC,2018-09-23 03:00:00,2018-09-23 04:00:00,0.0
Pinus,DEVIEC,2018-09-23 06:00:00,2018-09-23 07:00:00,0.0
Poaceae,DEVIEC,2018-09-23 06:00:00,2018-09-23 07:00:00,0.0
Pinus,DEVIEC,2018-09-23 09:00:00,2018-09-23 10:00:00,0.0
Poaceae,DEVIEC,2018-09-23 09:00:00,2018-09-23 10:00:00,0.0
Pinus,DEVIEC,2018-09-23 12:00:00,2018-09-23 13:00:00,0.0
Poaceae,DEVIEC,2018-09-23 12:00:00,2018-09-23 13:00:00,0.0
Pinus,DEVIEC,2018-09-23 15:00:00,2018-09-23 16:00:00,0.0
Poaceae,DEVIEC,2018-09-23 15:00:00,2018-09-23 16:00:00,0.0
Pinus,DEVIEC,2018-09-23 18:00:00,2018-09-23 19:00:00,0.0
Poaceae,DEVIEC,2018-09-23 18:00:00,2018-09-23 19:00:00,0.0
Pinus,DEVIEC,2018-09-23 21:00:00,2018-09-23 22:00:00,0.0
Poaceae,DEVIEC,2018-09-23 21:00:00,2018-09-23 22:00:00,0.0
Pinus,DEVIEC,2018-09-24 00:00:00,2018-09-24 01:00:00,0.0
Poaceae,DEVIEC,2018-09-24 00:00:00,2018-09-24 01:00:00,0.0
Pinus,DEVIEC,2018-09-24 03:00:00,2018-09-24 04:00:00,0.0
Poaceae,DEVIEC,2018-09-24 03:00:00,2018-09-24 04:00:00,0.0
Pinus,DEVIEC,2018-09-24 06:00:00,2018-09-24 07:00:00,0.0
Poaceae,DEVIEC,2018-09-24 06:00:00,2018-09-24 07:00:00,0.0
Pinus,DEBIED,2018-09-24 09:00:00,2018-09-24 10:00:00,0.0
Pinus,DEVIEC,2018-09-24 09:00:00,2018-09-24 10:00:00,0.0
Poaceae,DEBIED,2018-09-24 09:00:00,2018-09-24 10:00:00,5.436086483
Poaceae,DEVIEC,2018-09-24 09:00:00,2018-09-24 10:00:00,0.0
Pinus,DEBIED,2018-09-24 12:00:00,2018-09-24 13:00:00,0.0
Pinus,DEVIEC,2018-09-24 12:00:00,2018-09-24 13:00:00,0.0
Poaceae,DEBIED,2018-09-24 12:00:00,2018-09-24 13:00:00,0.0
Poaceae,DEVIEC,2018-09-24 12:00:00,2018-09-24 13:00:00,0.0
Pinus,DEBIED,2018-09-24 15:00:00,2018-09-24 16:00:00,0.0
Pinus,DEVIEC,2018-09-24 15:00:00,2018-09-24 16:00:00,0.0
Poaceae,DEBIED,2018-09-24 15:00:00,2018-09-24 16:00:00,0.0
Poaceae,DEVIEC,2018-09-24 15:00:00,2018-09-24 16:00:00,0.0
Pinus,DEBIED,2018-09-24 18:00:00,2018-09-24 19:00:00,0.0
Pinus,DEVIEC,2018-09-24 18:00:00,2018-09-24 19:00:00,0.0
Poaceae,DEBIED,2018-09-24 18:00:00,2018-09-24 19:00:00,0.0
Poaceae,DEVIEC,2018-09-24 18:00:00,2018-09-24 19:00:00,0.0
Pinus,DEBIED,2018-09-24 21:00:00,2018-09-24 22:00:00,0.0
Pinus,DEVIEC,2018-09-24 21:00:00,2018-09-24 22:00:00,0.0
Poaceae,DEBIED,2018-09-24 21:00:00,2018-09-24 22:00:00,0.0
Poaceae,DEVIEC,2018-09-24 21:00:00,2018-09-24 22:00:00,0.0
Pinus,DEBIED,2018-09-25 00:00:00,2018-09-25 01:00:00,0.0
Pinus,DEVIEC,2018-09-25 00:00:00,2018-09-25 01:00:00,0.0
Poaceae,DEBIED,2018-09-25 00:00:00,2018-09-25 01:00:00,0.0
Poaceae,DEVIEC,2018-09-25 00:00:00,2018-09-25 01:00:00,0.0
Pinus,DEBIED,2018-09-25 03:00:00,2018-09-25 04:00:00,0.0
Poaceae,DEBIED,2018-09-25 03:00:00,2018-09-25 04:00:00,0.0
Pinus,DEBIED,2018-09-25 06:00:00,2018-09-25 07:00:00,0.0
Pinus,DEVIEC,2018-09-25 06:00:00,2018-09-25 07:00:00,0.0
Poaceae,DEBIED,2018-09-25 06:00:00,2018-09-25 07:00:00,0.0
Poaceae,DEVIEC,2018-09-25 06:00:00,2018-09-25 07:00:00,0.0
Pinus,DEBIED,2018-09-25 09:00:00,2018-09-25 10:00:00,0.0
Pinus,DEVIEC,2018-09-25 09:00:00,2018-09-25 10:00:00,0.0
Poaceae,DEBIED,2018-09-25 09:00:00,2018-09-25 10:00:00,0.0
Poaceae,DEVIEC,2018-09-25 09:00:00,2018-09-25 10:00:00,0.0
Pinus,DEBIED,2018-09-25 12:00:00,2018-09-25 13:00:00,0.0
Pinus,DEVIEC,2018-09-25 12:00:00,2018-09-25 13:00:00,0.0
Poaceae,DEBIED,2018-09-25 12:00:00,2018-09-25 13:00:00,0.0
Poaceae,DEVIEC,2018-09-25 12:00:00,2018-09-25 13:00:00,0.0
Pinus,DEBIED,2018-09-25 15:00:00,2018-09-25 16:00:00,0.0
Pinus,DEVIEC,2018-09-25 15:00:00,2018-09-25 16:00:00,0.0
Poaceae,DEBIED,2018-09-25 15:00:00,2018-09-25 16:00:00,0.0
Poaceae,DEVIEC,2018-09-25 15:00:00,2018-09-25 16:00:00,0.0
Pinus,DEBIED,2018-09-25 18:00:00,2018-09-25 19:00:00,0.0
Pinus,DEVIEC,2018-09-25 18:00:00,2018-09-25 19:00:00,0.0
Poaceae,DEBIED,2018-09-25 18:00:00,2018-09-25 19:00:00,0.0
Poaceae,DEVIEC,2018-09-25 18:00:00,2018-09-25 19:00:00,0.0
Pinus,DEBIED,2018-09-25 21:00:00,2018-09-25 22:00:00,0.0
Pinus,DEVIEC,2018-09-25 21:00:00,2018-09-25 22:00:00,0.0
Poaceae,DEBIED,2018-09-25 21:00:00,2018-09-25 22:00:00,0.0
Poaceae,DEVIEC,2018-09-25 21:00:00,2018-09-25 22:00:00,0.0
Pinus,DEBIED,2018-09-26 00:00:00,2018-09-26 01:00:00,0.0
Pinus,DEVIEC,2018-09-26 00:00:00,2018-09-26 01:00:00,0.0
Poaceae,DEBIED,2018-09-26 00:00:00,2018-09-26 01:00:00,0.0
Poaceae,DEVIEC,2018-09-26 00:00:00,2018-09-26 01:00:00,0.0
Pinus,DEBIED,2018-09-26 03:00:00,2018-09-26 04:00:00,0.0
Pinus,DEVIEC,2018-09-26 03:00:00,2018-09-26 04:00:00,0.0
Poaceae,DEBIED,2018-09-26 03:00:00,2018-09-26 04:00:00,0.0
Poaceae,DEVIEC,2018-09-26 03:00:00,2018-09-26 04:00:00,0.0
Pinus,DEBIED,2018-09-26 06:00:00,2018-09-26 07:00:00,0.0
Pinus,DEVIEC,2018-09-26 06:00:00,2018-09-26 07:00:00,0.0
Poaceae,DEBIED,2018-09-26 06:00:00,2018-09-26 07:00:00,0.0
Poaceae,DEVIEC,2018-09-26 06:00:00,2018-09-26 07:00:00,0.0
Pinus,DEBIED,2018-09-26 09:00:00,2018-09-26 10:00:00,0.0
Pinus,DEVIEC,2018-09-26 09:00:00,2018-09-26 10:00:00,0.0
Poaceae,DEBIED,2018-09-26 09:00:00,2018-09-26 10:00:00,0.0
Poaceae,DEVIEC,2018-09-26 09:00:00,2018-09-26 10:00:00,0.0
Pinus,DEBIED,2018-09-26 12:00:00,2018-09-26 13:00:00,0.0
Pinus,DEVIEC,2018-09-26 12:00:00,2018-09-26 13:00:00,0.0
Poaceae,DEBIED,2018-09-26 12:00:00,2018-09-26 13:00:00,0.0
Poaceae,DEVIEC,2018-09-26 12:00:00,2018-09-26 13:00:00,0.0
Pinus,DEBIED,2018-09-26 15:00:00,2018-09-26 16:00:00,0.0
Pinus,DEVIEC,2018-09-26 15:00:00,2018-09-26 16:00:00,0.0
Poaceae,DEBIED,2018-09-26 15:00:00,2018-09-26 16:00:00,0.0
Poaceae,DEVIEC,2018-09-26 15:00:00,2018-09-26 16:00:00,0.0
Pinus,DEBIED,2018-09-26 18:00:00,2018-09-26 19:00:00,0.0
Pinus,DEVIEC,2018-09-26 18:00:00,2018-09-26 19:00:00,0.0
Poaceae,DEBIED,2018-09-26 18:00:00,2018-09-26 19:00:00,0.0
Poaceae,DEVIEC,2018-09-26 18:00:00,2018-09-26 19:00:00,0.0
Pinus,DEBIED,2018-09-26 21:00:00,2018-09-26 22:00:00,0.0
Pinus,DEVIEC,2018-09-26 21:00:00,2018-09-26 22:00:00,0.0
Poaceae,DEBIED,2018-09-26 21:00:00,2018-09-26 22:00:00,0.0
Poaceae,DEVIEC,2018-09-26 21:00:00,2018-09-26 22:00:00,0.0
Pinus,DEBIED,2018-09-27 00:00:00,2018-09-27 01:00:00,0.0
Pinus,DEVIEC,2018-09-27 00:00:00,2018-09-27 01:00:00,0.0
Poaceae,DEBIED,2018-09-27 00:00:00,2018-09-27 01:00:00,0.0
Poaceae,DEVIEC,2018-09-27 00:00:00,2018-09-27 01:00:00,0.0
Pinus,DEBIED,2018-09-27 03:00:00,2018-09-27 04:00:00,0.0
Pinus,DEVIEC,2018-09-27 03:00:00,2018-09-27 04:00:00,0.0
Poaceae,DEBIED,2018-09-27 03:00:00,2018-09-27 04:00:00,0.0
Poaceae,DEVIEC,2018-09-27 03:00:00,2018-09-27 04:00:00,0.0
Pinus,DEBIED,2018-09-27 06:00:00,2018-09-27 07:00:00,0.0
Pinus,DEVIEC,2018-09-27 06:00:00,2018-09-27 07:00:00,0.0
Poaceae,DEBIED,2018-09-27 06:00:00,2018-09-27 07:00:00,0.0
Poaceae,DEVIEC,2018-09-27 06:00:00,2018-09-27 07:00:00,0.0
Pinus,DEBIED,2018-09-27 09:00:00,2018-09-27 10:00:00,0.0
Pinus,DEVIEC,2018-09-27 09:00:00,2018-09-27 10:00:00,0.0
Poaceae,DEBIED,2018-09-27 09:00:00,2018-09-27 10:00:00,0.0
Poaceae,DEVIEC,2018-09-27 09:00:00,2018-09-27 10:00:00,0.0
Pinus,DEBIED,2018-09-27 12:00:00,2018-09-27 13:00:00,0.0
Pinus,DEVIEC,2018-09-27 12:00:00,2018-09-27 13:00:00,0.0
Poaceae,DEBIED,2018-09-27 12:00:00,2018-09-27 13:00:00,0.0
Poaceae,DEVIEC,2018-09-27 12:00:00,2018-09-27 13:00:00,0.0
Pinus,DEBIED,2018-09-27 15:00:00,2018-09-27 16:00:00,0.0
Pinus,DEVIEC,2018-09-27 15:00:00,2018-09-27 16:00:00,0.0
Poaceae,DEBIED,2018-09-27 15:00:00,2018-09-27 16:00:00,0.0
Poaceae,DEVIEC,2018-09-27 15:00:00,2018-09-27 16:00:00,0.0
Pinus,DEBIED,2018-09-27 18:00:00,2018-09-27 19:00:00,0.0
Pinus,DEVIEC,2018-09-27 18:00:00,2018-09-27 19:00:00,0.0
Poaceae,DEBIED,2018-09-27 18:00:00,2018-09-27 19:00:00,0.0
Poaceae,DEVIEC,2018-09-27 18:00:00,2018-09-27 19:00:00,0.0
Pinus,DEBIED,2018-09-27 21:00:00,2018-09-27 22:00:00,0.0
Pinus,DEVIEC,2018-09-27 21:00:00,2018-09-27 22:00:00,0.0
Poaceae,DEBIED,2018-09-27 21:00:00,2018-09-27 22:00:00,0.0
Poaceae,DEVIEC,2018-09-27 21:00:00,2018-09-27 22:00:00,0.0
Pinus,DEBIED,2018-09-28 00:00:00,2018-09-28 01:00:00,0.0
Pinus,DEVIEC,2018-09-28 00:00:00,2018-09-28 01:00:00,0.0
Poaceae,DEBIED,2018-09-28 00:00:00,2018-09-28 01:00:00,0.0
Poaceae,DEVIEC,2018-09-28 00:00:00,2018-09-28 01:00:00,0.0
Pinus,DEBIED,2018-09-28 03:00:00,2018-09-28 04:00:00,0.0
Pinus,DEVIEC,2018-09-28 03:00:00,2018-09-28 04:00:00,0.0
Poaceae,DEBIED,2018-09-28 03:00:00,2018-09-28 04:00:00,0.0
Poaceae,DEVIEC,2018-09-28 03:00:00,2018-09-28 04:00:00,0.0
Pinus,DEBIED,2018-09-28 06:00:00,2018-09-28 07:00:00,0.0
Pinus,DEVIEC,2018-09-28 06:00:00,2018-09-28 07:00:00,0.0
Poaceae,DEBIED,2018-09-28 06:00:00,2018-09-28 07:00:00,0.0
Poaceae,DEVIEC,2018-09-28 06:00:00,2018-09-28 07:00:00,0.0
Pinus,DEBIED,2018-09-28 09:00:00,2018-09-28 10:00:00,0.0
Pinus,DEVIEC,2018-09-28 09:00:00,2018-09-28 10:00:00,0.0
Poaceae,DEBIED,2018-09-28 09:00:00,2018-09-28 10:00:00,0.0
Poaceae,DEVIEC,2018-09-28 09:00:00,2018-09-28 10:00:00,0.0
Pinus,DEBIED,2018-09-28 12:00:00,2018-09-28 13:00:00,0.0
Poaceae,DEBIED,2018-09-28 12:00:00,2018-09-28 13:00:00,0.0
Pinus,DEBIED,2018-09-28 15:00:00,2018-09-28 16:00:00,0.0
Pinus,DEVIEC,2018-09-28 15:00:00,2018-09-28 16:00:00,0.0
Poaceae,DEBIED,2018-09-28 15:00:00,2018-09-28 16:00:00,0.0
Poaceae,DEVIEC,2018-09-28 15:00:00,2018-09-28 16:00:00,0.0
Pinus,DEBIED,2018-09-28 18:00:00,2018-09-28 19:00:00,0.0
Poaceae,DEBIED,2018-09-28 18:00:00,2018-09-28 19:00:00,0.0
Pinus,DEBIED,2018-09-28 21:00:00,2018-09-28 22:00:00,0.0
Pinus,DEVIEC,2018-09-28 21:00:00,2018-09-28 22:00:00,0.0
Poaceae,DEBIED,2018-09-28 21:00:00,2018-09-28 22:00:00,0.0
Poaceae,DEVIEC,2018-09-28 21:00:00,2018-09-28 22:00:00,0.0
Pinus,DEBIED,2018-09-29 00:00:00,2018-09-29 01:00:00,0.0
Pinus,DEVIEC,2018-09-29 00:00:00,2018-09-29 01:00:00,0.0
Poaceae,DEBIED,2018-09-29 00:00:00,2018-09-29 01:00:00,0.0
Poaceae,DEVIEC,2018-09-29 00:00:00,2018-09-29 01:00:00,0.0
Pinus,DEBIED,2018-09-29 03:00:00,2018-09-29 04:00:00,0.0
Pinus,DEVIEC,2018-09-29 03:00:00,2018-09-29 04:00:00,0.0
Poaceae,DEBIED,2018-09-29 03:00:00,2018-09-29 04:00:00,0.0
Poaceae,DEVIEC,2018-09-29 03:00:00,2018-09-29 04:00:00,0.0
Pinus,DEBIED,2018-09-29 06:00:00,2018-09-29 07:00:00,0.0
Pinus,DEVIEC,2018-09-29 06:00:00,2018-09-29 07:00:00,0.0
Poaceae,DEBIED,2018-09-29 06:00:00,2018-09-29 07:00:00,0.0
Poaceae,DEVIEC,2018-09-29 06:00:00,2018-09-29 07:00:00,0.0
Pinus,DEBIED,2018-09-29 09:00:00,2018-09-29 10:00:00,0.0
Pinus,DEVIEC,2018-09-29 09:00:00,2018-09-29 10:00:00,0.0
Poaceae,DEBIED,2018-09-29 09:00:00,2018-09-29 10:00:00,0.0
Poaceae,DEVIEC,2018-09-29 09:00:00,2018-09-29 10:00:00,0.0
Pinus,DEBIED,2018-09-29 12:00:00,2018-09-29 13:00:00,0.0
Pinus,DEVIEC,2018-09-29 12:00:00,2018-09-29 13:00:00,0.0
Poaceae,DEBIED,2018-09-29 12:00:00,2018-09-29 13:00:00,0.0
Poaceae,DEVIEC,2018-09-29 12:00:00,2018-09-29 13:00:00,0.0
Pinus,DEBIED,2018-09-29 15:00:00,2018-09-29 16:00:00,0.0
Pinus,DEVIEC,2018-09-29 15:00:00,2018-09-29 16:00:00,0.0
Poaceae,DEBIED,2018-09-29 15:00:00,2018-09-29 16:00:00,0.0
Poaceae,DEVIEC,2018-09-29 15:00:00,2018-09-29 16:00:00,0.0
Pinus,DEBIED,2018-09-29 18:00:00,2018-09-29 19:00:00,0.0
Pinus,DEVIEC,2018-09-29 18:00:00,2018-09-29 19:00:00,0.0
Poaceae,DEBIED,2018-09-29 18:00:00,2018-09-29 19:00:00,0.0
Poaceae,DEVIEC,2018-09-29 18:00:00,2018-09-29 19:00:00,0.0
Pinus,DEBIED,2018-09-29 21:00:00,2018-09-29 22:00:00,0.0
Pinus,DEVIEC,2018-09-29 21:00:00,2018-09-29 22:00:00,0.0
Poaceae,DEBIED,2018-09-29 21:00:00,2018-09-29 22:00:00,0.0
Poaceae,DEVIEC,2018-09-29 21:00:00,2018-09-29 22:00:00,0.0
Pinus,DEBIED,2018-09-30 00:00:00,2018-09-30 01:00:00,0.0
Pinus,DEVIEC,2018-09-30 00:00:00,2018-09-30 01:00:00,0.0
Poaceae,DEBIED,2018-09-30 00:00:00,2018-09-30 01:00:00,0.0
Poaceae,DEVIEC,2018-09-30 00:00:00,2018-09-30 01:00:00,0.0
Pinus,DEBIED,2018-09-30 03:00:00,2018-09-30 04:00:00,0.0
Pinus,DEVIEC,2018-09-30 03:00:00,2018-09-30 04:00:00,0.0
Poaceae,DEBIED,2018-09-30 03:00:00,2018-09-30 04:00:00,0.0
Poaceae,DEVIEC,2018-09-30 03:00:00,2018-09-30 04:00:00,0.0
Pinus,DEBIED,2018-09-30 06:00:00,2018-09-30 07:00:00,0.0
Pinus,DEVIEC,2018-09-30 06:00:00,2018-09-30 07:00:00,0.0
Poaceae,DEBIED,2018-09-30 06:00:00,2018-09-30 07:00:00,0.0
Poaceae,DEVIEC,2018-09-30 06:00:00,2018-09-30 07:00:00,0.0
Pinus,DEBIED,2018-09-30 09:00:00,2018-09-30 10:00:00,0.0
Pinus,DEVIEC,2018-09-30 09:00:00,2018-09-30 10:00:00,0.0
Poaceae,DEBIED,2018-09-30 09:00:00,2018-09-30 10:00:00,0.0
Poaceae,DEVIEC,2018-09-30 09:00:00,2018-09-30 10:00:00,0.0
Pinus,DEBIED,2018-09-30 12:00:00,2018-09-30 13:00:00,0.0
Pinus,DEVIEC,2018-09-30 12:00:00,2018-09-30 13:00:00,0.0
Poaceae,DEBIED,2018-09-30 12:00:00,2018-09-30 13:00:00,0.0
Poaceae,DEVIEC,2018-09-30 12:00:00,2018-09-30 13:00:00,0.0
Pinus,DEBIED,2018-09-30 15:00:00,2018-09-30 16:00:00,0.0
Pinus,DEVIEC,2018-09-30 15:00:00,2018-09-30 16:00:00,0.0
Poaceae,DEBIED,2018-09-30 15:00:00,2018-09-30 16:00:00,0.0
Poaceae,DEVIEC,2018-09-30 15:00:00,2018-09-30 16:00:00,0.0
Pinus,DEBIED,2018-09-30 18:00:00,2018-09-30 19:00:00,0.0
Pinus,DEVIEC,2018-09-30 18:00:00,2018-09-30 19:00:00,0.0
Poaceae,DEBIED,2018-09-30 18:00:00,2018-09-30 19:00:00,0.0
Poaceae,DEVIEC,2018-09-30 18:00:00,2018-09-30 19:00:00,0.0
Pinus,DEBIED,2018-09-30 21:00:00,2018-09-30 22:00:00,0.0
Pinus,DEVIEC,2018-09-30 21:00:00,2018-09-30 22:00:00,0.0
Poaceae,DEBIED,2018-09-30 21:00:00,2018-09-30 22:00:00,0.0
Poaceae,DEVIEC,2018-09-30 21:00:00,2018-09-30 22:00:00,0.0
